-- phpMyAdmin SQL Dump
-- version 5.2.1
-- https://www.phpmyadmin.net/
--
-- 主機： localhost
-- 產生時間： 2025 年 06 月 12 日 11:01
-- 伺服器版本： 10.4.28-MariaDB
-- PHP 版本： 8.2.4

SET SQL_MODE = "NO_AUTO_VALUE_ON_ZERO";
START TRANSACTION;
SET time_zone = "+00:00";


/*!40101 SET @OLD_CHARACTER_SET_CLIENT=@@CHARACTER_SET_CLIENT */;
/*!40101 SET @OLD_CHARACTER_SET_RESULTS=@@CHARACTER_SET_RESULTS */;
/*!40101 SET @OLD_COLLATION_CONNECTION=@@COLLATION_CONNECTION */;
/*!40101 SET NAMES utf8mb4 */;

--
-- 資料庫： `article_sql`
--

-- --------------------------------------------------------

--
-- 資料表結構 `articles`
--

CREATE TABLE `articles` (
  `id` int(11) NOT NULL,
  `title` varchar(255) DEFAULT NULL,
  `content` text DEFAULT NULL,
  `cover_image_url` varchar(255) DEFAULT NULL,
  `scheduled_at` datetime DEFAULT NULL,
  `created_at` datetime DEFAULT NULL,
  `updated_at` datetime DEFAULT NULL,
  `is_deleted` tinyint(1) NOT NULL DEFAULT 0 COMMENT '是否已刪除',
  `deleted_at` datetime DEFAULT NULL COMMENT '刪除時間'
) ENGINE=InnoDB DEFAULT CHARSET=utf8mb4 COLLATE=utf8mb4_general_ci;

--
-- 傾印資料表的資料 `articles`
--

INSERT INTO `articles` (`id`, `title`, `content`, `cover_image_url`, `scheduled_at`, `created_at`, `updated_at`, `is_deleted`, `deleted_at`) VALUES
(1, '黑膠唱片的保養', '<h1>黑膠唱片的保養</h1>\r\n<p>嗨大家好，我是專業的音樂評論家、黑膠唱片收藏家和黑膠唱片專賣店主理人。今天我要來和大家分享一些關於黑膠唱片的保養小訣竅，讓你的黑膠音樂享受保養的同時，也能延長它們的壽命。</p>\r\n\r\n<p>首先，我們要談論的是存放黑膠唱片的環境。最理想的存放環境是溫度穩定、濕度控制良好的房間。避免將黑膠唱片放在潮濕的地方，也不要放置在曝曬陽光或是近熱源的地方。此外，保持餘溫也是非常重要的，避免讓黑膠唱片受到溫差的影響。</p>\r\n\r\n<p>其次，保持唱片盤面的乾淨也是保養的關鍵。使用專業的唱片刷輕輕地清潔唱片的盤面，避免使用化學溶劑或是硬物刷洗，以免刮傷唱片表面。若是有比較頑固的汙垢，可以使用一些專門的清潔劑，但要先在小塊地方測試，以免對唱片造成損害。</p>\r\n\r\n<p>最後要提到的是播放時的注意事項。避免直接用手指觸碰唱片的盤面，以免留下指紋或灰塵，影響音質。播放時要使用專業的唱針，並定期更換，以免磨損唱針對黑膠唱片造成損害。播放完畢後，記得將唱片放回防塵套中，避免灰塵和汙垢沾染。</p>\r\n\r\n<p>總結來說，保養黑膠唱片是一件很重要的事情，它不僅能讓黑膠音樂的質量保持在最佳狀態，也能延長唱片的壽命，讓我們能夠長久地享受音樂。希望這些小訣竅能對大家有所幫助，謝謝大家的收聽。</p>', 'https://images.unsplash.com/photo-1532958836272-8031f82c0eae?crop=entropy&cs=tinysrgb&fit=max&fm=jpg&ixid=M3w3NTg5MjV8MHwxfHJhbmRvbXx8fHx8fHx8fDE3NDg4NTg0NDh8&ixlib=rb-4.1.0&q=80&w=1080', '2025-06-15 18:00:48', '2025-06-02 18:00:48', '2025-06-02 18:00:48', 0, NULL),
(2, '黑膠唱片歷史', '<h1>黑膠唱片歷史</h1>\r\n<p>您好，我是來自音樂界的專業評論家，同時也是一位黑膠唱片收藏家和專賣店主理人。今天，我將為大家帶來關於黑膠唱片歷史的專題報導。作為音樂史上的重要一環，黑膠唱片在過去幾十年間一直受到樂迷的喜愛，也成為收藏家們眼中的珍貴寶物。</p>\r\n\r\n<p>黑膠唱片的歷史可以追溯到19世紀末期，當時的音樂媒介還只有石蠟唱片和留聲機，而黑膠唱片的出現給人們帶來了全新的音樂體驗。它的主要材料是聚氯乙烯，將音樂錄製在旋轉的黑膠唱片上，並且可以反覆播放，讓人們可以隨時隨地享受音樂。這也使得黑膠唱片成為當時最受歡迎的音樂媒介。</p>\r\n\r\n<p>隨著時代的演進，黑膠唱片也逐漸發展成為一種藝術品。許多專輯的封面設計備受矚目，成為樂迷們收藏的重要原因之一。而黑膠唱片的製作也變得更加精緻，錄音技術的進步使得音質更加細膩動人。</p>\r\n\r\n<p>然而，隨著數位音樂的興起，黑膠唱片的銷售量逐漸下滑，甚至在20世紀末期幾乎消失在市場上。直到近年來，隨著復古潮流的升溫，黑膠唱片再次受到廣大樂迷的追捧。許多音樂廠牌紛紛推出黑膠專輯，重製經典專輯，讓人們重新感受到黑膠唱片的魅力。</p>\r\n\r\n<p>總的來說，黑膠唱片雖然在音樂媒介的競爭中逐漸被取代，但它所具有的歷史價值和獨特的音樂體驗，使得它依然在音樂界佔有一席之地。作為一位專業評論家和黑膠唱片收藏家，我們應該珍惜每一張黑膠唱片，它們不僅是音樂的載體，更是音樂史的見證。</p>', 'https://images.unsplash.com/photo-1623710509023-e8d84f2a7149?crop=entropy&cs=tinysrgb&fit=max&fm=jpg&ixid=M3w3NTg5MjV8MHwxfHJhbmRvbXx8fHx8fHx8fDE3NDg4NTg2Mzd8&ixlib=rb-4.1.0&q=80&w=1080', '2025-06-15 18:03:57', '2025-06-02 18:03:57', '2025-06-02 18:03:57', 0, NULL),
(3, '黑膠唱片收藏', '<h1>黑膠唱片收藏</h1>\r\n<p>大家好，我是專業的音樂評論家和黑膠唱片收藏家，也是一間黑膠唱片專賣店的主理人。今天我將為大家帶來最新的黑膠專輯新訊。</p>\r\n\r\n<p>黑膠唱片，也被稱為LP唱片，是一種在1950年代到1980年代流行的音樂載體。它的特點是使用黑膠材質、機械轉盤播放、精緻的封面設計，以及音質細膩溫暖。自從CD和數字音樂的普及，黑膠唱片的市場陷入低迷，但現在卻出現了一股黑膠復興的風潮，許多樂迷和收藏家重新發現了黑膠唱片的魅力，也讓黑膠專輯成為樂迷們熱衷的收藏項目。</p>\r\n\r\n<p>最近，許多音樂界的大咖紛紛推出全新的黑膠專輯，讓黑膠唱片收藏家們大飽耳福。其中，有著名龐克樂團Green Day最新專輯《Father of All...》，該專輯在黑膠唱片預訂銷售期間就創下了驚人的銷量，讓人看到了黑膠唱片市場的潛力。另外，搖滾樂團Coldplay也推出了他們的最新專輯《Everyday Life》，其中收錄的歌曲更是經過特殊處理，使得在黑膠唱片上播放時更具層次感。除此之外，還有許多知名歌手和樂團都紛紛推出黑膠版本的專輯，讓黑膠唱片市場持續熱鬧。</p>\r\n\r\n<p>除了新專輯，還有許多老牌歌手的經典作品也即將以黑膠唱片的形式重現。比如說抒情歌手Adele的暢銷專輯《21》，以及搖滾天團Queen的經典作品《A Night at the Opera》，都將在近期發行黑膠專輯版本。對於這些歌手的歌迷和黑膠唱片收藏家來說，這無疑是一個難以抗拒的誘惑。</p>\r\n\r\n<p>總的來說，黑膠唱片不僅是一種音樂載體，更是一種文化。它不僅有著獨特的音質，也擁有獨特的封面設計和收藏價值。</p>', 'https://images.unsplash.com/photo-1542999250-278129776101?crop=entropy&cs=tinysrgb&fit=max&fm=jpg&ixid=M3w3NTg5MjV8MHwxfHJhbmRvbXx8fHx8fHx8fDE3NDg4NTg2Nzd8&ixlib=rb-4.1.0&q=80&w=1080', '2025-06-16 18:04:37', '2025-06-02 18:04:37', '2025-06-02 18:04:37', 0, NULL),
(4, '黑膠唱片音質比較', '<h1>黑膠唱片音質比較</h1>\r\n<p>大家好，我是一位專業的音樂評論家和黑膠唱片收藏家，同時也是一家黑膠唱片專賣店的主理人。今天我們就來探討一個長期以來廣受討論的話題：黑膠唱片的音質比較。</p>\r\n\r\n<p>首先，讓我們先來簡單介紹一下黑膠唱片。黑膠唱片，也被稱為LP唱片，是一種使用聚氯乙烯做成的可旋轉唱盤，上面刻有音樂。它的出現可以追溯到1948年，與其他音樂儲存媒介相比，黑膠唱片在音質上有其獨特的優勢。</p>\r\n\r\n<p>然而，在近年來音樂產業不斷發展的趨勢下，各種新的音樂儲存方式不斷涌現，也有許多人開始討論黑膠唱片的音質是否真的比其他媒介來得更好。</p>\r\n\r\n<p>首先，我們需要明確一點，音質是一個非常主觀的評斷，每個人的聽覺感受都不盡相同。因此，無法說黑膠唱片的音質就是最好的，或是與其他媒介相比就一定會輸。但毫無疑問的是，黑膠唱片在某些方面確實有其獨特的魅力。</p>\r\n\r\n<p>首先，黑膠唱片的音樂資訊相對較多，因為它的儲存方式是將音訊轉換成螺旋形的痕跡，因此可以容納更多的音樂資訊。這也是為什麼許多人聽起來會認為黑膠唱片的音質比較豐富、立體感更強烈的原因。</p>\r\n\r\n<p>此外，黑膠唱片還有一個受到許多人喜愛的特點，就是它的溫暖感。使用黑膠唱片播放器時，由於訊號的傳遞方式與CD等數位媒介不同，它可以帶來更多自然的音色和溫暖的聲音，使聽眾感受到更多的情感。</p>\r\n\r\n<p>總結來說，黑膠唱片的音質比較確實有其獨特的魅力，但並非所有人都會喜歡。不同的媒介各有其優點，取決於個人的口味和需求。因此，我們無法說黑膠唱片的音質一定會比其他媒介更好，但它確實有其獨特的魅力值得我們去探索。</p>', 'https://images.unsplash.com/photo-1642522843063-5d254aca2a24?crop=entropy&cs=tinysrgb&fit=max&fm=jpg&ixid=M3w3NTg5MjV8MHwxfHJhbmRvbXx8fHx8fHx8fDE3NDg4NTg3MDR8&ixlib=rb-4.1.0&q=80&w=1080', '2025-06-18 18:05:04', '2025-06-02 18:05:04', '2025-06-02 18:05:04', 0, NULL),
(5, '黑膠唱片價格分析', '<h1>黑膠唱片價格分析</h1>\r\n<p>各位音樂愛好者，大家好！我是你們的專業音樂評論家、黑膠唱片收藏家以及黑膠唱片專賣店主理人，今天我要為大家帶來最新的黑膠唱片價格分析報告。</p>\r\n\r\n<p>近年來，黑膠唱片市場持續升溫，不少音樂愛好者紛紛投入到黑膠唱片的收藏行列中。隨著需求的增加，黑膠唱片的價格也隨之攀升。尤其是在疫情期間，許多人因為居家隔離而開始重新探索黑膠唱片的魅力，讓這股黑膠熱潮更加快速地蔓延。</p>\r\n\r\n<p>根據最新的市場調查，黑膠唱片的價格平均每年都在持續上漲，尤其是在限量版黑膠唱片方面，價格更是飆升。舉個例子來說，一張60年代的經典搖滾專輯，如果是限量發行版，現在的價格可能已經達到原價的數倍。而同一張專輯的普通版價格，也比起幾年前的價格有了明顯的提升。</p>\r\n\r\n<p>那麼，為什麼黑膠唱片的價格會越來越高呢？除了收藏價值和稀有性外，黑膠唱片還有其獨特的音質，經過專業的製作和處理後，能夠呈現出更加豐富的音色和細膩的音效，讓聽眾更加沉浸在音樂中。因此，越來越多的人願意為了追求更好的音質而花費更多的錢購買黑膠唱片。</p>\r\n\r\n<p>總的來說，黑膠唱片的價格上漲是不可避免的趨勢，因此建議大家可以趁現在尚未完全飆升的時候，積極收藏自己喜愛的黑膠唱片。同時，也要注意選擇正規的唱片店購買，以確保唱片的品質和真實性。</p>\r\n\r\n<p>以上就是最新的黑膠唱片價格分析報告，希望能為大家帶來一些幫助。最後，我想呼籲大家，黑膠唱片不僅是一種收藏，更是一種文化和價值觀的傳承，讓我們一起保護和珍惜這份美好的音樂遺產。</p>\r\n\r\n<p>感謝大家的閱讀，我是您的專業音樂評論家，期待下次再和大家分享更多關於黑膠唱片的新訊。謝謝！</p>', 'https://images.unsplash.com/photo-1494914656837-44eb36fe5471?crop=entropy&cs=tinysrgb&fit=max&fm=jpg&ixid=M3w3NTg5MjV8MHwxfHJhbmRvbXx8fHx8fHx8fDE3NDg4NTg3MjJ8&ixlib=rb-4.1.0&q=80&w=1080', '2025-06-18 18:05:22', '2025-06-02 18:05:22', '2025-06-02 18:05:22', 0, NULL),
(6, '黑膠唱片品牌介紹', '<h1>黑膠唱片品牌介紹</h1>\r\n<p>大家好，我是專業的音樂評論家和黑膠唱片收藏家，也是一家黑膠唱片專賣店的主理人。今天我要為大家介紹一個備受矚目的黑膠唱片品牌 – 「頑石唱片」。</p>\r\n\r\n<p>「頑石唱片」是一個以製作高品質黑膠專輯聞名的品牌。從他們的首張專輯發行以來，就受到了樂迷和收藏家的一致好評。他們以精湛的製作技術和嚴選的音樂作品，將黑膠唱片的魅力發揮到極致。</p>\r\n\r\n<p>「頑石唱片」的專輯製作過程絕對不馬虎，從選材、錄音到混音都經過精密的把控。每張專輯都有專業的音樂人和工程師參與，確保每一首歌曲都能完美呈現在黑膠唱片上。他們也會採用高級的黑膠製作設備，確保每張黑膠唱片都有最佳的音質。</p>\r\n\r\n<p>除了製作優質的黑膠專輯，「頑石唱片」也積極推廣黑膠文化，舉辦各種活動和展覽，讓更多的人認識和喜愛黑膠唱片。他們也與多位知名音樂人合作，推出限量版的黑膠專輯，讓收藏家們更加熱衷於收集他們的作品。</p>\r\n\r\n<p>「頑石唱片」的黑膠專輯不僅僅是一件音樂作品，更是一件藝術品。從選材到設計，每一個細節都能看出他們的用心和對黑膠唱片的熱愛。如果你也是一位對黑膠唱片情有獨鍾的樂迷，那麼「頑石唱片」絕對是你不可錯過的品牌。</p>\r\n\r\n<p>總的來說，「頑石唱片」是一個值得信賴的黑膠唱片品牌。他們不僅僅是製作高品質的黑膠專輯，更是在推廣和發展黑膠文化方面做出了巨大的貢獻。如果你想要收藏一些優質的黑膠唱片，不妨關注一下「頑石唱片」的作品吧。</p>', 'https://images.unsplash.com/photo-1686327139012-7d31d4d9b01b?crop=entropy&cs=tinysrgb&fit=max&fm=jpg&ixid=M3w3NTg5MjV8MHwxfHJhbmRvbXx8fHx8fHx8fDE3NDg4NTg3NDl8&ixlib=rb-4.1.0&q=80&w=1080', '2025-06-29 18:05:49', '2025-06-02 18:05:49', '2025-06-02 18:05:49', 0, NULL),
(7, '黑膠唱片價格分析', '<h1>黑膠唱片價格分析</h1>\r\n<p>大家好，我是一位專業的音樂評論家和黑膠唱片收藏家，同時也是一家黑膠唱片專賣店的主理人。今天，我要和大家分享一些關於黑膠唱片價格的分析，希望能幫助大家更好地了解這個市場。</p>\r\n\r\n<p>要了解黑膠唱片的價格，首先要知道它是怎麼形成的。一張黑膠唱片的價格是由多個因素共同影響的，包括但不限於：</p>\r\n    <ul>\r\n        <li>發行量：發行量越少的唱片，價格通常會越高。</li>\r\n        <li>年代：歷史悠久的唱片通常會有較高的價格。</li>\r\n        <li>唱片狀況：唱片的狀況影響著收藏價值，如果唱片有明顯的刮痕或破損，價格通常會下降。</li>\r\n        <li>稀有度：某些特定的專輯或版本可能會非常稀有，這也會影響到價格。</li>\r\n    </ul>\r\n\r\n<p>以上是影響唱片價格的一些常見因素，同時也是我們在評估唱片價值時會考慮的因素。</p>\r\n \r\n<p>近年來，黑膠唱片市場一直都處於上升的趨勢。隨著人們對於復古風格的喜愛以及黑膠唱片的音質優勢的重新認可，黑膠唱片的銷售量和價格都在持續上漲。在這樣的趨勢下，一些熱門的專輯也出現了巨大的漲幅，特別是限量版或特別版的唱片，它們的價格可能會高達數百甚至數千美元。</p>\r\n\r\n\r\n<p>總的來說，黑膠唱片是一種具有收藏價值的投資，但也需要謹慎考慮。如果你是一位熱愛音樂的收藏家，那麼收藏黑膠唱片也是一種享受。但如果你是為了投資而購買黑膠唱片，就需要更加謹慎考慮，以免付出高價卻無法獲取理想的回報。無論如何，黑膠唱片市場都值得我們關注，希望這篇文章能夠幫助你更好地了解這個市場。</p>\r\n', 'https://images.unsplash.com/photo-1526270100824-f033a2377d62?crop=entropy&cs=tinysrgb&fit=max&fm=jpg&ixid=M3w3NTg5MjV8MHwxfHJhbmRvbXx8fHx8fHx8fDE3NDg4NTg4MTB8&ixlib=rb-4.1.0&q=80&w=1080', '2025-06-12 18:06:50', '2025-06-02 18:06:50', '2025-06-02 18:06:50', 0, NULL),
(8, '黑膠唱片保養指南', '<h1>黑膠唱片保養指南</h1>\r\n<p>大家好，我是一位專業的音樂評論家和黑膠唱片收藏家，也是一家黑膠唱片專賣店的主理人。近年來，隨著黑膠唱片的復興，越來越多的人開始收藏黑膠唱片，但是對於如何保養黑膠唱片的知識卻不多。今天，我將和大家分享一些關於如何保養黑膠唱片的重要知識，讓你的黑膠唱片能夠永遠保持最佳的播放狀態。</p>\r\n\r\n<p>首先，要保養黑膠唱片，最重要的就是要保持它的清潔。黑膠唱片表面容易積聚灰塵和汙垢，如果不及時清理，就會影響到唱片的播放效果。清潔黑膠唱片最好的方法就是使用專用的唱片刷和清潔液，將唱片放在轉盤上輕輕旋轉，然後用刷子沿著唱片紋理的方向輕輕刷拭，直到唱片表面乾淨為止。</p>\r\n\r\n<p>其次，要注意保持黑膠唱片的儲存環境。黑膠唱片最怕潮濕和高溫，因此最好的儲存環境就是乾燥、陰涼的地方。另外，要避免將唱片直接放在陽光下曝曬，以免造成唱片表面變形或色斑。如果有條件的話，最好還能提供一個專用的儲存盒，可以有效地保護唱片不受外界因素的影響。</p>\r\n\r\n<p>最後，要注意使用唱片播放器的方法。黑膠唱片播放器是保養唱片的最後一道防線，如果使用不當，很容易就會對唱片造成傷害。要保證唱片播放器的轉盤平穩無震動，可以在播放唱片的同時，使用專用的防震墊或支架，減少外界干擾。另外，也要注意定期清理唱片播放器的唱針，避免灰塵和汙垢影響到唱片的播放品質。</p>\r\n\r\n<p>總結來說，保養黑膠唱片需要注意的地方有很多，但只要掌握了基本方法，並且定期進行清潔和檢查，就能夠保證黑膠唱片的長久使用。希望這篇文章能夠幫助到各位黑膠唱片愛好者，讓我們一起將這項珍貴的音樂遺產保存下去。</p>', 'https://images.unsplash.com/photo-1519677466127-c57393bf453b?crop=entropy&cs=tinysrgb&fit=max&fm=jpg&ixid=M3w3NTg5MjV8MHwxfHJhbmRvbXx8fHx8fHx8fDE3NDg4NTg5Mjh8&ixlib=rb-4.1.0&q=80&w=1080', '2025-06-05 18:08:48', '2025-06-02 18:08:48', '2025-06-02 18:08:48', 0, NULL),
(9, '比較黑膠唱片音質的重要性', '<h1>比較黑膠唱片音質的重要性</h1>\r\n<p>親愛的音樂愛好者們，我是一位專業的音樂評論家和黑膠唱片收藏家，同時也是一家黑膠唱片專賣店的主理人。今天，我想和大家探討一個熱門話題 - 黑膠唱片音質比較。對於喜愛黑膠唱片的我們來說，音質一直都是一個非常重要的因素，因此我們必須正視這個問題，進行比較和分析。</p>\r\n\r\n<p>首先，我們需要明確一點，黑膠唱片的音質比起數位音樂來說是有著明顯的差異。這是因為黑膠唱片是以類比的方式進行錄製，而數位音樂則是以數位的方式進行錄製。因此，黑膠唱片的音質更加溫暖、自然，並且能夠更好地表現音樂的細節和動態。相較之下，數位音樂的音質更加冷冽、平板，並且常常會出現抖動和失真的問題。因此，在這一點上，黑膠唱片優勢明顯。</p>\r\n\r\n<p>其次，我們需要考慮的是黑膠唱片的唱針和唱片表面的磨損問題。由於黑膠唱片是以摩擦的方式進行播放，因此長時間的使用會導致唱針和唱片表面的磨損，進而影響音質。因此，我們需要定期更換唱針，並且妥善保管唱片，避免表面受到刮傷。此外，如果是使用二手黑膠唱片，也需要特別注意唱針和唱片的狀況，以免影響音質。相較之下，數位音樂則沒有這些問題，因此在這一點上數位音樂更加方便和耐用。</p>\r\n\r\n<p>最後，我想強調的是黑膠唱片的聆聽體驗。以我的經驗來說，黑膠唱片的聆聽體驗是數位音樂所無法比擬的。當我們將唱片放置在唱盤上，輕輕放下唱針，聽著唱片上的音樂慢慢旋轉，我們仿佛就置身於表演現場，能夠感受到更多的細節和情感。這樣的聆聽體驗是數位音樂所無法帶給我們的，也是黑膠唱片的獨特之處。</p>', 'https://images.unsplash.com/photo-1494914656837-44eb36fe5471?crop=entropy&cs=tinysrgb&fit=max&fm=jpg&ixid=M3w3NTg5MjV8MHwxfHJhbmRvbXx8fHx8fHx8fDE3NDg4NTg5NDZ8&ixlib=rb-4.1.0&q=80&w=1080', '2025-06-12 18:09:06', '2025-06-02 18:09:06', '2025-06-02 18:09:06', 0, NULL),
(10, '展望2021年的黑膠趨勢', '<h1>展望2021年的黑膠趨勢</h1>\r\n<p>各位音樂愛好者及唱片收藏家們，近年來黑膠唱片市場的復興可說是如日中天，不僅因為其溫暖的音質和經典的封套設計，更是因為其稀有性和收藏價值而受到廣大樂迷的青睞。作為專業的音樂評論家和黑膠唱片專賣店主理人，我非常榮幸能夠與大家一同分享最新的黑膠專輯新訊。</p>\r\n\r\n<p>回顧過去的一年，黑膠唱片市場可謂是充滿了驚喜和挑戰。隨著全球疫情的影響，許多音樂演唱會和活動被取消，這也導致了音樂產業的銷售受到了一定的影響。但同時，這也意味著更多的人在家中尋找娛樂和放鬆的方式，因此黑膠唱片作為一種懷舊和時尚的音樂媒介，受到了更多人的青睞。從許多唱片公司的銷售數據來看，黑膠唱片的銷售額在2020年比前幾年都有顯著的增長，這也驗證了黑膠唱片市場的強勁復甦勢頭。</p>\r\n\r\n<p>在2021年，我們可以預見黑膠唱片市場將會繼續保持穩步增長的趨勢。首先，全球疫情的控制將會為音樂產業帶來更多的積極影響，許多音樂活動和演唱會將會重新開始，這也意味著更多的新專輯將會推出。其次，隨著科技的不斷進步，許多唱片公司也將專注於黑膠唱片的發行，以滿足更多樂迷的需求。同時，黑膠唱片市場也將會出現更多的專輯重新發行，讓許多經典的音樂作品得以重新被樂迷們品味。</p>\r\n\r\n<p>總的來說，黑膠唱片市場在未來的發展仍然充滿了無限的可能性。它不僅僅是一種音樂媒介，更是一種文化和情感的傳承。隨著我們的努力和付出，相信在未來的日子裡，黑膠唱片將會越來越受到大眾的重視和喜愛。</p>', 'https://images.unsplash.com/photo-1596385447162-ac514c8db85c?crop=entropy&cs=tinysrgb&fit=max&fm=jpg&ixid=M3w3NTg5MjV8MHwxfHJhbmRvbXx8fHx8fHx8fDE3NDg4NTg5NzV8&ixlib=rb-4.1.0&q=80&w=1080', '2025-06-18 18:09:36', '2025-06-02 18:09:36', '2025-06-02 18:09:36', 0, NULL),
(11, '黑膠收藏家的必備情報', '<h1>黑膠收藏家的必備情報</h1>\r\n<p>大家好，我是一位專業的音樂評論家、黑膠唱片收藏家，也是一家黑膠唱片專賣店的老闆。今天，我將帶大家一起探討最新的黑膠專輯資訊，讓你更了解這個經典音樂媒介的魅力。</p>\r\n\r\n<p>黑膠唱片一直是我最喜愛的音樂收藏品，它不僅能夠帶給我們優質的音質，更能讓我們感受到復古的魅力。近年來，黑膠唱片的收藏熱潮持續升溫，許多藝人也紛紛推出黑膠專輯，讓這個曾經被淘汰的音樂媒介再次受到關注。</p>\r\n\r\n<p>不僅如此，黑膠唱片也成為了許多音樂愛好者的收藏品，每一張唱片都有著獨特的封面設計和製作工藝，讓收藏者無法抗拒它們的吸引力。有些人甚至會花費大量的時間和金錢去尋找罕見的黑膠唱片，增添收藏的價值。</p>\r\n\r\n<p>除了收藏價值，黑膠唱片也是一種享受音樂的方式。將唱片放在唱盤上，聆聽那獨特的音質，仿佛能夠穿越時空，讓人沈浸在音樂的海洋中。對於我來說，每次聽黑膠唱片都是一次閱讀音樂的體驗，讓我更深入地了解音樂的精髓。</p>\r\n\r\n<p>總結來說，黑膠唱片不僅是一種收藏品，更是一種享受音樂的方式。它的獨特魅力吸引了許多人愛上它，也讓許多藝人重新發現這個經典的音樂媒介。我相信，黑膠唱片的魅力將會持續影響著人們，成為永恆的經典。</p>', 'https://images.unsplash.com/photo-1461360228754-6e81c478b882?crop=entropy&cs=tinysrgb&fit=max&fm=jpg&ixid=M3w3NTg5MjV8MHwxfHJhbmRvbXx8fHx8fHx8fDE3NDg4NjMyNjJ8&ixlib=rb-4.1.0&q=80&w=1080', '2025-06-30 19:21:02', '2025-06-02 19:21:02', '2025-06-02 19:21:02', 0, NULL),
(12, '黑膠唱片收藏指南', '<h1>黑膠唱片收藏指南</h1>\r\n<p>這是一篇關於黑膠唱片的文章。</p>\r\n\r\n<p>黑膠唱片作為一種經典的音樂載體，至今仍然受到許多音樂愛好者的喜愛。</p>\r\n\r\n<p>希望這篇文章能幫助你更了解黑膠唱片的魅力。</p>', 'https://images.unsplash.com/photo-1481772306665-d14161f65314?crop=entropy&cs=tinysrgb&fit=max&fm=jpg&ixid=M3w3NTg5MjV8MHwxfHJhbmRvbXx8fHx8fHx8fDE3NDg4NjMyNzF8&ixlib=rb-4.1.0&q=80&w=1080', '2025-06-12 19:21:11', '2025-06-02 19:21:11', '2025-06-02 19:21:11', 0, NULL),
(13, '訪談：探討黑膠唱片收藏家的熱愛', '<h1>訪談：探討黑膠唱片收藏家的熱愛</h1>\r\n<p>歡迎來到黑膠唱片專賣店，我們今天有幸邀請到一位專業的音樂評論家和黑膠唱片收藏家，讓我們一起來探討他對黑膠唱片的熱愛和收藏心得。</p>\r\n\r\n<p>收藏黑膠唱片是一種獨特的文化，它不僅僅是一種音樂媒介，更是一種生活態度。收藏家們對於每一張黑膠唱片都有著獨特的情感和故事，他們的收藏品不僅僅是一種物品，更是一種珍貴的記憶。</p>\r\n\r\n<p>對於這位收藏家來說，黑膠唱片不僅僅是一種音樂媒介，更是一種收藏的藝術。他認為每一張黑膠唱片都有著獨特的封面設計和製作工藝，每一張都是獨一無二的。收藏黑膠唱片不僅僅是收藏音樂，更是收藏著這些獨特的藝術品。</p>\r\n\r\n<p>除了收藏，這位收藏家也非常重視黑膠唱片的音質。他認為黑膠唱片的音質是無可比擬的，它能夠帶給人一種溫暖和回憶的感覺。他每次收藏一張黑膠唱片，都會花時間去欣賞它的音質，讓自己沉浸在音樂的世界裡。</p>\r\n\r\n<p>總結來說，黑膠唱片收藏家對於黑膠唱片有著獨特的熱愛和情感，他們不僅僅是收藏這些唱片，更是收藏著這些珍貴的記憶。收藏黑膠唱片不僅僅是一種嗜好，更是一種生活態度。讓我們一起感受黑膠唱片的魅力，享受這種獨特的音樂體驗。</p>', 'https://images.unsplash.com/photo-1594333614467-15503a37381a?crop=entropy&cs=tinysrgb&fit=max&fm=jpg&ixid=M3w3NTg5MjV8MHwxfHJhbmRvbXx8fHx8fHx8fDE3NDg4NjMyODd8&ixlib=rb-4.1.0&q=80&w=1080', '2025-06-05 19:21:27', '2025-06-02 19:21:27', '2025-06-02 19:21:27', 0, NULL),
(14, '探討黑膠唱片市場的未來趨勢', '<h1>探討黑膠唱片市場的未來趨勢</h1>\r\n<p>大家好，我是一位專業的音樂評論家和黑膠唱片收藏家，同時也是一間黑膠唱片專賣店的老闆。在過去的幾十年間，黑膠唱片一直都是我們心中最珍貴的音樂寶藏，並且隨著科技的進步，黑膠唱片也逐漸重新回到大眾的視野中。現在，我們來探討一下黑膠唱片市場的未來趨勢吧！</p>\r\n\r\n<p>首先，讓我們回顧一下過去幾年來黑膠唱片的銷售狀況。根據最新的數據顯示，黑膠唱片的銷售量在過去5年間持續成長，並且在2020年更是達到了過去30年來的最高水平。這一趨勢顯示出，黑膠唱片市場正在復興，並且有望在未來繼續保持穩定的增長。</p>\r\n\r\n<p>其次，我們來看看黑膠唱片市場的消費群體。過去，黑膠唱片主要受到老一輩音樂愛好者的青睞，但現在情況已經發生了很大的變化。越來越多的年輕人開始對黑膠唱片感興趣，並且成為了黑膠唱片的忠實粉絲。這也意味著黑膠唱片市場的消費群體正在不斷擴大，未來的市場潛力也將更加巨大。</p>\r\n\r\n<p>最後，我們來探討一下黑膠唱片市場的未來發展方向。隨著科技的不斷進步，黑膠唱片也在不斷演進。現在，許多黑膠唱片都會附帶數位下載碼，讓消費者可以在數位平台上享受到更多的音樂。此外，還有許多黑膠唱片專賣店開始提供網上購物服務，讓消費者可以更方便地購買到想要的唱片。未來，我們也可以期待更多的黑膠唱片專賣店開設，讓我們有更多的選擇。</p>\r\n\r\n<p>總結來說，黑膠唱片市場的未來前景看起來非常光明。隨著越來越多的年輕人對黑膠唱片產生興趣，以及科技的不斷進步，黑膠唱片市場將會繼續保持穩定的增長。我們期待著未來黑膠唱片市場的發展，同時也希望能夠為更多的人帶來美妙的音樂體驗。</p>', 'https://images.unsplash.com/photo-1608560670438-87b1c9570a85?crop=entropy&cs=tinysrgb&fit=max&fm=jpg&ixid=M3w3NTg5MjV8MHwxfHJhbmRvbXx8fHx8fHx8fDE3NDg4NjMzMDZ8&ixlib=rb-4.1.0&q=80&w=1080', '2025-06-10 19:21:46', '2025-06-02 19:21:46', '2025-06-02 19:21:46', 0, NULL),
(15, '黑膠唱片保養', '<h1>黑膠唱片保養</h1>\r\n<p>您好，歡迎來到我的黑膠唱片專賣店。作為一位專業的音樂評論家和黑膠唱片收藏家，我深知黑膠唱片的價值和魅力。不僅是音樂本身，黑膠唱片的保養也是非常重要的。今天，我將和大家一起探討如何正確地保養黑膠唱片，讓您的收藏更加耐用。</p>\r\n\r\n<p>首先，讓我們來了解一下黑膠唱片的材質。黑膠唱片是由聚氯乙烯（PVC）製成的，這種材質非常容易吸附灰塵和污垢。因此，建議您在聆聽黑膠唱片之前，先用專用的軟毛刷輕輕地清掃唱片表面，以去除表面的灰塵。</p>\r\n\r\n<p>其次，正確的存放也是非常重要的。建議您將黑膠唱片存放在乾燥、涼爽的地方，避免陽光直射和高溫。同時，也要避免將黑膠唱片直立存放，以免造成唱片變形。最好的方式是將唱片橫放，並使用專用的外套或內袋保護唱片，避免受到刮傷和灰塵。</p>\r\n\r\n<p>最後，我想分享一個小技巧，就是使用唱片清潔液。專業的唱片清潔液可以有效地去除唱片表面的污垢和靜電，保證音質的純淨。使用時，請先在唱片表面噴上清潔液，然後用乾淨的布輕輕擦拭，最後用乾淨的布再次擦拭乾淨即可。</p>\r\n\r\n<p>總結一下，正確的保養可以讓您的黑膠唱片收藏更加耐用，同時也保證了音質的純淨。希望今天的分享能夠幫助到您，如果您對黑膠唱片保養還有其他疑問，歡迎隨時來信咨詢，我們將竭誠為您服務。</p>\r\n\r\n<p>感謝您的閱讀，期待下次再見。</p>', 'https://images.unsplash.com/photo-1496494218905-aa0568688625?crop=entropy&cs=tinysrgb&fit=max&fm=jpg&ixid=M3w3NTg5MjV8MHwxfHJhbmRvbXx8fHx8fHx8fDE3NDg4NjMzNTl8&ixlib=rb-4.1.0&q=80&w=1080', '2025-06-10 19:22:40', '2025-06-02 19:22:40', '2025-06-02 19:22:40', 0, NULL),
(16, '黑膠唱片收藏', '<h1>黑膠唱片收藏</h1>\r\n<p>嗨，大家好！我是一位專業的音樂評論家和黑膠唱片收藏家，也是一家黑膠唱片專賣店的老闆。今天我要和大家分享最新的黑膠專輯資訊，讓我們一起來探討這些珍貴的音樂寶藏吧！</p>\r\n\r\n<p>首先，我要介紹的是最近在市場上很受矚目的一張黑膠專輯，那就是樂團「The Beatles」的經典作品《Abbey Road》。這張專輯是他們最後一張錄製的專輯，也是他們最成功的專輯之一。這張黑膠唱片充滿了抒情的歌曲，讓人不禁陶醉在其中。如果你還沒有收藏這張專輯，快去尋找一張吧！</p>\r\n\r\n<p>另外，我還要推薦一張來自樂團「Pink Floyd」的傳奇作品《The Dark Side of the Moon》。這張專輯在發行後迅速成為最暢銷的黑膠唱片之一，也被譽為史上最偉大的專輯之一。它深刻的歌詞和獨特的音樂風格，讓人聽了之後難以忘懷。如果你想要一張能夠帶你進入另一個世界的黑膠唱片，這張絕對是不容錯過的。</p>\r\n\r\n<p>最後，我想要分享的是來自樂團「Led Zeppelin」的經典作品《Led Zeppelin IV》。這張專輯不僅僅是他們最成功的作品，也被譽為史上最偉大的搖滾專輯之一。它的音樂風格多樣，從搖滾到藍調再到民謠都能聽得到。如果你是一位音樂愛好者，這張黑膠唱片絕對是必備的收藏品。</p>\r\n\r\n<p>總的來說，黑膠唱片不僅是一種音樂的載體，更是一種文化和價值觀的體現。它們承載著樂團和音樂人的心血，也帶給我們無盡的聆聽樂趣。我希望大家能夠和我一樣，對這些珍貴的黑膠唱片充滿敬意並好好收藏。讓我們一起享受黑膠唱片帶來的美妙音樂旅程吧！</p>', 'https://images.unsplash.com/photo-1489068461847-2fe69e5a5555?crop=entropy&cs=tinysrgb&fit=max&fm=jpg&ixid=M3w3NTg5MjV8MHwxfHJhbmRvbXx8fHx8fHx8fDE3NDg4NjM0MTB8&ixlib=rb-4.1.0&q=80&w=1080', '2025-06-03 19:23:30', '2025-06-02 19:23:30', '2025-06-02 19:23:30', 0, NULL),
(17, '黑膠唱片的保養技巧', '<h1>黑膠唱片的保養技巧</h1>\r\n<p>您好，我是一位專業的音樂評論家和黑膠唱片收藏家，也是一家黑膠唱片專賣店的老闆。今天我將和大家分享一些關於黑膠唱片保養的技巧，希望能幫助到喜愛黑膠唱片的朋友們。</p>\r\n\r\n<p>首先，讓我們來了解一下為什麼黑膠唱片需要保養。黑膠唱片是一種相對較為脆弱的音樂媒介，它們容易受到溫度、潮濕、灰塵等因素的影響。一旦受損，就會影響到音質，甚至無法播放。因此，保養黑膠唱片是非常重要的。</p>\r\n\r\n<p>首先，保持黑膠唱片的乾燥是非常重要的。如果存放的地方潮濕，黑膠唱片容易受潮，導致發霉。因此，建議將黑膠唱片存放在乾燥通風的地方，避免陽光直射。</p>\r\n\r\n<p>其次，避免黑膠唱片受到灰塵的影響。灰塵會附著在唱片上，影響播放效果，甚至造成刮痕。因此，建議在播放前先使用唱片刷或清潔劑清潔黑膠唱片，避免灰塵影響到音質。</p>\r\n\r\n<p>最後，請勿將黑膠唱片直接接觸手指。手指上的油脂會附著在唱片上，影響到播放效果。播放時，請使用唱片夾夾住唱片邊緣，避免手指直接接觸。</p>\r\n\r\n<p>總結一下，保持黑膠唱片的乾燥，避免灰塵和手指的接觸，是保養黑膠唱片的基本要求。如果您想要享受更好的音質，也可以考慮定期更換唱針，清潔唱盤等方法。希望這些小貼士能幫助到您，讓您的黑膠唱片保持最佳狀態，讓您享受更好的音樂體驗。</p>', 'https://images.unsplash.com/photo-1511602747948-967e60908351?crop=entropy&cs=tinysrgb&fit=max&fm=jpg&ixid=M3w3NTg5MjV8MHwxfHJhbmRvbXx8fHx8fHx8fDE3NDg4NjM1MDh8&ixlib=rb-4.1.0&q=80&w=1080', '2025-06-29 19:25:08', '2025-06-02 19:25:08', '2025-06-02 19:25:08', 0, NULL),
(18, '黑膠唱片：音樂史上不可或缺的經典', '<h1>黑膠唱片：音樂史上不可或缺的經典</h1>\r\n<p>大家好，我是一位專業的音樂評論家和黑膠唱片收藏家，也是一家黑膠唱片專賣店的老闆。今天，我想和大家分享一些關於黑膠唱片的歷史和價值。</p>\r\n\r\n<p>黑膠唱片，也被稱為LP唱片，是一種以黑色塑膠製成的音樂儲存媒介。它於20世紀中期開始流行，一直延續到21世紀，雖然現在已被CD和數位音樂所取代，但它仍然被許多音樂愛好者追捧。因為它不僅僅是一種音樂媒介，更是一種珍貴的文化遺產。</p>\r\n\r\n<p>首先，讓我們來看看黑膠唱片的音質。相比於CD和數位音樂，黑膠唱片的音質更加溫暖和豐富。這是因為黑膠唱片的製作過程中，使用了類比方式錄製和播放音樂，而CD和數位音樂則是使用數位化的方式。這使得黑膠唱片的音樂更加有溫度和人情味，讓人更容易沉浸在音樂中。</p>\r\n\r\n<p>其次，黑膠唱片也具有收藏價值。隨著科技的進步，越來越多的人轉向數位音樂，使得黑膠唱片的流通量越來越少。加上它的製作過程較為複雜，使得它具有稀有性和收藏價值。許多音樂家的黑膠唱片也因此成為珍貴的文物，被收藏在博物館或私人收藏家的手中。</p>\r\n\r\n<p>最後，我想強調的是，黑膠唱片是音樂史上不可或缺的經典。它見證了許多音樂家的成長和演變，也讓我們更加深入地理解音樂。每一塊黑膠唱片都有它獨特的故事和價值，它們不僅是一種音樂媒介，更是一種文化的象徵。</p>\r\n\r\n<p>總結來說，黑膠唱片是一種具有歷史、音質和收藏價值的經典音樂媒介。它讓我們回味過去的音樂風格，也讓我們欣賞當今的音樂。作為一位專業的音樂評論家和黑膠唱片收藏家，我希望黑膠唱片的價值能夠被更多人所認識和欣賞。</p>', 'https://images.unsplash.com/photo-1461784180009-21121b2f204c?crop=entropy&cs=tinysrgb&fit=max&fm=jpg&ixid=M3w3NTg5MjV8MHwxfHJhbmRvbXx8fHx8fHx8fDE3NDg4NjM1MzN8&ixlib=rb-4.1.0&q=80&w=1080', '2025-06-19 19:25:33', '2025-06-02 19:25:33', '2025-06-02 19:25:33', 0, NULL),
(19, '黑膠唱片市場趨勢', '<h1>黑膠唱片市場趨勢｜黑膠專輯新訊</h1>\r\n<p>近年來，隨著數位音樂的崛起，許多人認為黑膠唱片已經過時了。但事實上，黑膠唱片市場卻逐年攀升，呈現出穩定的增長趨勢。原因不外乎是因為黑膠唱片擁有獨特的音質和收藏價值，吸引了不少音樂愛好者和收藏家的目光。</p>\r\n\r\n<p>除了傳統的音樂愛好者外，現在也有許多年輕人開始對黑膠唱片產生興趣。這些年輕人通常在數位音樂和黑膠唱片之間找到一種平衡，他們喜歡黑膠唱片帶來的獨特體驗和細膩的音質，同時也享受著數位音樂帶來的便利性。</p>\r\n\r\n<p>另外，隨著許多音樂廠牌開始推出限量版的黑膠唱片，也吸引了許多收藏家的目光。這些限量版的黑膠唱片不僅有獨特的外觀設計，更有許多珍貴的音樂收錄，讓收藏價值大增。因此，黑膠唱片也成為了許多人的收藏投資對象。</p>\r\n\r\n<p>總的來說，黑膠唱片市場的趨勢仍然持續向上，並且擁有著不可替代的地位。如果你還沒有開始收藏黑膠唱片，不妨趁現在把握機會，一起享受這種獨特的音樂體驗吧！</p>\r\n\r\n<p>以上就是我今天想和大家分享的黑膠唱片市場趨勢。希望這篇文章能讓大家對黑膠唱片有更深入的了解，也能夠讓更多人喜歡上這種古典又時尚的音樂媒介。</p>', 'https://images.unsplash.com/photo-1580397424400-2f12fdf0b3e7?crop=entropy&cs=tinysrgb&fit=max&fm=jpg&ixid=M3w3NTg5MjV8MHwxfHJhbmRvbXx8fHx8fHx8fDE3NDg4NjM1NTl8&ixlib=rb-4.1.0&q=80&w=1080', '2025-06-06 19:25:59', '2025-06-02 19:25:59', '2025-06-02 19:25:59', 0, NULL),
(20, '訪談', '<h1>訪談</h1>\r\n<p>大家好，我是專業的音樂評論家和黑膠唱片收藏家，也是一家黑膠唱片專賣店的老闆。今天我們來訪談一位熱愛黑膠唱片的收藏家，一起來聽聽他的收藏心得和分享最近的新訊。</p>\r\n\r\n<p>首先，我想問你是如何開始收藏黑膠唱片的？</p>\r\n<p>其實我從小就喜歡聽音樂，但是直到大學時期才開始收藏黑膠唱片。當時在書店看到一張懷舊的黑膠專輯，就買下了。從此我就愛上了黑膠唱片的溫暖音色和豐富的音樂體驗，也開始收集各種不同類型的黑膠唱片。</p>\r\n\r\n<p>除了收藏外，你還有什麼特別的收藏習慣嗎？</p>\r\n<p>我會定期參加黑膠唱片交易會，和其他收藏家交流和交換心得。我也會定期整理我的收藏，確保唱片的品質和收藏價值。另外，我也會尋找一些限量版或是獨特的黑膠唱片，讓我的收藏更加珍貴和特別。</p>\r\n\r\n<p>那麼，最近有什麼黑膠專輯的新訊可以分享給大家嗎？</p>\r\n<p>當然，最近有一張非常受歡迎的黑膠專輯是The Beatles的《Abbey Road》。這是他們最後一張錄製的專輯，也是他們最具代表性的作品之一。現在重新發行的黑膠版本是經過精心製作的，音質更加清晰細膩，絕對值得收藏。</p>\r\n\r\n<p>最後，你有什麼想對其他想要收藏黑膠唱片的人說的話嗎？</p>\r\n<p>我想說的是，黑膠唱片不僅是一種收藏，更是一種音樂體驗。它能帶給我們不同的聽覺享受，也能讓我們更加了解音樂的歷史和文化。如果你想要收藏黑膠唱片，就要用心去尋找和欣賞它們，絕對會讓你收穫滿滿。</p>\r\n\r\n<p>以上就是今天的訪談內容，希望大家也能加入我們這個熱愛黑膠唱片的大家庭，一起享受音樂的美好！</p>', 'https://images.unsplash.com/photo-1618416094752-977e845b237a?crop=entropy&cs=tinysrgb&fit=max&fm=jpg&ixid=M3w3NTg5MjV8MHwxfHJhbmRvbXx8fHx8fHx8fDE3NDg4NjM1ODl8&ixlib=rb-4.1.0&q=80&w=1080', '2025-06-05 19:26:30', '2025-06-02 19:26:30', '2025-06-02 19:26:30', 0, NULL),
(21, '探訪黑膠唱片收藏家', '<h1>探訪黑膠唱片收藏家</h1>\r\n<p>近日，我有幸探訪了一位熱愛黑膠唱片的收藏家，讓我們一同來探索他的收藏世界吧。</p>\r\n\r\n<p>進入收藏家的家中，首先映入眼簾的是一整牆的黑膠唱片，這些唱片包含了各個年代、不同音樂風格的經典之作。收藏家告訴我，他搜羅這些黑膠唱片不僅僅是為了收藏，更是為了尋找音樂的靈魂，每張唱片背後都是一段美好的回憶。</p>\r\n\r\n<p>在和收藏家的交談中，我深深感受到他對音樂的熱愛。他分享著自己如何從一張張黑膠唱片中感受到音樂帶來的情感震撼，以及對音樂家們的尊敬之情。這種對音樂的熱情感染了我，也讓我重新思考了數位音樂時代的匆忙與流逝。</p>\r\n\r\n<p>結束訪談，收藏家送給我一張他珍藏已久的黑膠唱片，他說這是他最喜歡的一張，希望我能從中感受到音樂的美好。這次探訪讓我深刻感受到，黑膠唱片不僅是一種收藏，更是一種音樂情感的傳承，讓我對音樂與收藏有了全新的體會。</p>', 'https://images.unsplash.com/photo-1525522819526-d571040e1607?crop=entropy&cs=tinysrgb&fit=max&fm=jpg&ixid=M3w3NTg5MjV8MHwxfHJhbmRvbXx8fHx8fHx8fDE3NDg4NjQ0MzR8&ixlib=rb-4.1.0&q=80&w=1080', '2025-06-14 19:40:34', '2025-06-02 19:40:34', '2025-06-02 19:40:34', 0, NULL),
(22, '黑膠唱片的光輝歷史', '<h1>黑膠唱片的光輝歷史</h1>\r\n<p>黑膠唱片，作為音樂媒介的經典代表，承載著豐富的音樂歷史和情感記憶。從上世紀中葉開始普及，黑膠唱片在音樂領域扮演著重要的角色，即使在數位音樂盛行的今天，仍有許多樂迷對黑膠唱片情有獨鍾。</p>\r\n\r\n<p>黑膠唱片不僅是音樂作品的載體，更是藝術品的一種。精美的唱片封套設計，豐富的音樂內容，以及獨特的黑膠紋理，都讓黑膠唱片成為音樂愛好者和收藏家們追逐的寶藏。在專賣店中，你可以找到從搖滾、爵士到古典音樂等豐富的音樂類型的黑膠唱片。</p>\r\n\r\n<p>擁有一枚黑膠唱片，就像擁有一段時光隧道，讓人可以聆聽到過去的音樂和情感。無論是舊金曲的經典還是新專輯的發行，黑膠唱片都在延續著音樂的美好傳統。讓我們一起沉浸在黑膠唱片的音樂海洋中，感受音樂帶來的溫暖和力量。</p>\r\n\r\n<p>黑膠唱片是音樂歷史的見證者，也是音樂文化的寶庫。讓我們一起珍惜這份珍貴的音樂遺產，讓黑膠唱片的光芒永不褪色。</p>', 'https://images.unsplash.com/photo-1531060504220-d30bebf3daaf?crop=entropy&cs=tinysrgb&fit=max&fm=jpg&ixid=M3w3NTg5MjV8MHwxfHJhbmRvbXx8fHx8fHx8fDE3NDg4NjQ0NDR8&ixlib=rb-4.1.0&q=80&w=1080', '2025-06-19 19:40:44', '2025-06-02 19:40:44', '2025-06-02 19:40:44', 0, NULL),
(23, '探訪黑膠唱片收藏家', '<h1>探訪黑膠唱片收藏家</h1>\r\n<p>近日，我有幸訪問了一位專業的黑膠唱片收藏家，讓我們一同走進他收藏的寶藏世界。</p>\r\n\r\n<p>這位收藏家從小就對音樂充滿熱愛，並認為黑膠唱片的音質與風味無法被數位音樂所取代。他的收藏涵蓋了多個音樂類型，從搖滾、爵士到古典，每一張黑膠唱片都是他用心挑選的珍品。</p>\r\n\r\n<p>在訪談過程中，他分享了收藏黑膠唱片的樂趣，不僅僅是音樂本身帶來的享受，更是從唱片封套設計到唱片本身的質感，讓他感受到與數位音樂不同的觸感與溫度。</p>\r\n\r\n<p>結束訪談時，這位收藏家分享了他對黑膠唱片的熱情，並鼓勵更多的人加入到黑膠唱片收藏的行列中，感受來自膠片音樂的獨特魅力。</p>', 'https://images.unsplash.com/photo-1473646590311-c48e1bc77b44?crop=entropy&cs=tinysrgb&fit=max&fm=jpg&ixid=M3w3NTg5MjV8MHwxfHJhbmRvbXx8fHx8fHx8fDE3NDg4NjQ0NTN8&ixlib=rb-4.1.0&q=80&w=1080', '2025-06-11 19:40:53', '2025-06-02 19:40:53', '2025-06-02 19:40:53', 0, NULL),
(24, '天碟唱片', '<h1>天碟唱片</h1>\r\n<p>近年來，黑膠唱片市場持續升溫，不僅讓許多音樂愛好者重拾對傳統音響的熱愛，也讓許多樂迷重新感受到黑膠唱片帶來的獨特音質魅力。在眾多黑膠唱片品牌中，天碟唱片以其精選的專輯、豐富的音樂類型和高品質的唱片製作，深受樂迷喜愛。</p>\r\n\r\n<p>天碟唱片專注於經典音樂、爵士樂和搖滾樂等領域，旗下擁有眾多知名音樂家的錄音專輯，無論是Pink Floyd的經典專輯還是John Coltrane的爵士名盤，天碟唱片都能滿足不同樂迷的收藏需求。每一張唱片都經過精心挑選和製作，確保呈現最原汁原味的音樂享受。</p>\r\n\r\n<p>除了經典音樂外，天碟唱片還積極發掘新銳音樂人的作品，推出不少具有實驗性和創新性的黑膠專輯，讓樂迷們可以在黑膠的音色中感受到時代的脈動和音樂的多元發展。這種融合了傳統和現代元素的音樂風格，使得天碟唱片在黑膠市場中獨樹一幟。</p>\r\n\r\n<p>總括而言，天碟唱片不僅是一個黑膠唱片品牌，更是一個將音樂與品味相結合的文化符號。無論您是追求音質還是收藏價值，天碟唱片都能滿足您對音樂的所有想像。讓我們一起沉浸在黑膠的世界中，感受音樂帶來的獨特魅力！</p>', 'https://images.unsplash.com/photo-1516463848986-a3925e004328?crop=entropy&cs=tinysrgb&fit=max&fm=jpg&ixid=M3w3NTg5MjV8MHwxfHJhbmRvbXx8fHx8fHx8fDE3NDg4NjQ0NjR8&ixlib=rb-4.1.0&q=80&w=1080', '2025-06-14 19:41:05', '2025-06-02 19:41:05', '2025-06-02 19:41:05', 0, NULL),
(25, '探訪真正的黑膠唱片收藏家', '<h1>探訪真正的黑膠唱片收藏家</h1>\r\n<p>在這個數位音樂時代，黑膠唱片被許多人視為珍貴的音樂收藏品，而真正的黑膠唱片收藏家卻是少之又少。今天，我們有幸訪問了一位專業的黑膠唱片收藏家，讓我們一窺他的音樂收藏世界。</p>\r\n\r\n<p>這位收藏家自幼便熱愛音樂，從父親的收藏中接觸到黑膠唱片，從此開啟了他的收藏之旅。他告訴我們，黑膠唱片不僅是音樂的媒介，更是一段段歷史的記錄，每一張唱片背後都有著獨特的故事。</p>\r\n\r\n<p>在收藏的過程中，他最珍惜的是與其他收藏家的交流。通過交流，他不僅擴展了自己的音樂視野，還結識了許多志同道合的朋友。對他來說，黑膠唱片不僅是收藏，更是一種生活方式，一種對音樂的熱愛。</p>\r\n\r\n<p>結束訪談時，這位收藏家分享了他對於黑膠唱片的看法：「黑膠唱片是音樂的精髓所在，它帶有一種獨特的溫暖和回憶，讓人仿佛能夠聽見時光流逝的聲音。我希望透過我的收藏，讓更多人認識和愛上這種古老而珍貴的音樂形式。」</p>', 'https://images.unsplash.com/photo-1489068353139-3740c7af5fb4?crop=entropy&cs=tinysrgb&fit=max&fm=jpg&ixid=M3w3NTg5MjV8MHwxfHJhbmRvbXx8fHx8fHx8fDE3NDg4NjQ0OTN8&ixlib=rb-4.1.0&q=80&w=1080', '2025-06-15 19:41:33', '2025-06-02 19:41:33', '2025-06-02 19:41:33', 0, NULL),
(26, '如何正確保養您的黑膠唱片', '<h1>如何正確保養您的黑膠唱片</h1>\r\n<p>近年來，黑膠唱片在音樂愛好者中重新掀起了一股熱潮，許多人紛紛開始重拾這種古老的聆聽方式。然而，擁有一張黑膠唱片不僅僅是為了收藏，更重要的是要好好保養它，讓音質保持最佳狀態。</p>\r\n\r\n<p>首先，保持黑膠唱片的清潔是至關重要的。使用專業的黑膠唱片清潔套件，輕輕清潔唱片表面的灰塵和污垢，避免使用化學溶劑或含酒精的清潔劑，以免損壞唱片。</p>\r\n\r\n<p>其次，儲存黑膠唱片時要注意避免高溫和潮濕的環境，最好放置在專用的黑膠唱片收納盒中，垂直存放，避免水平壓疊，以免造成唱片變形。定期翻動唱片，讓唱片不同部分均勻受壓。</p>\r\n\r\n<p>最後，使用適當的唱碟機和唱頭也能延長黑膠唱片的壽命。選擇高品質的唱頭，避免使用磨損嚴重的唱針，定期更換唱針以確保音質清晰細膩。</p>\r\n\r\n<p>總而言之，正確的保養方式能讓您珍藏的黑膠唱片更持久地保持出色的音質，讓您在品味音樂的旅程中獲得更多的享受。</p>', 'https://images.unsplash.com/photo-1500561135411-5d4758cf66f8?crop=entropy&cs=tinysrgb&fit=max&fm=jpg&ixid=M3w3NTg5MjV8MHwxfHJhbmRvbXx8fHx8fHx8fDE3NDg4NjQ1NDd8&ixlib=rb-4.1.0&q=80&w=1080', '2025-06-11 19:42:27', '2025-06-02 19:42:27', '2025-06-02 19:42:27', 0, NULL),
(27, '訪談黑膠專家', '<h1>訪談黑膠專家</h1>\r\n<p>近日，我有幸訪問了一位熱愛收藏黑膠唱片的音樂愛好者，讓我們一起來了解他對黑膠唱片的熱情與堅持。</p>\r\n\r\n<p>在訪談中，這位收藏家分享了他的收藏故事。他說，對他而言，黑膠唱片不僅是音樂作品，更是一段段寶貴的回憶。每一張黑膠唱片背後都有著獨特的故事，讓他沈浸其中無法自拔。</p>\r\n\r\n<p>除了對音樂的熱愛外，這位收藏家也非常注重黑膠唱片的保存和品質。他花費許多心力在唱片的保養和收納上，希望將這份珍藏傳承下去，讓更多人能夠感受到黑膠唱片的獨特魅力。</p>\r\n\r\n<p>訪談的尾聲，這位收藏家分享了他未來的收藏計畫，他表示將繼續努力尋找更多珍稀的黑膠唱片，並計劃舉辦一場黑膠唱片展覽，讓更多人了解並愛上這門藝術。這段訪談讓我們深深感受到，黑膠唱片不僅是一種音樂形式，更是一種文化的傳承。</p>', 'https://images.unsplash.com/photo-1481358758723-4601c3107e65?q=80&w=2896&auto=format&fit=crop&ixlib=rb-4.1.0&ixid=M3wxMjA3fDB8MHxwaG90by1wYWdlfHx8fGVufDB8fHx8fA%3D%3D', '2025-06-26 19:42:38', '2025-06-02 19:42:38', '2025-06-02 19:42:38', 0, NULL),
(28, '黑膠唱片價格分析', '<h1>黑膠唱片價格分析</h1>\r\n<p>近年來，黑膠唱片市場持續升溫，許多音樂愛好者重新發現了這種古老而經典的音樂媒介。隨著需求的增加，黑膠唱片的價格也水漲船高，讓許多人想要了解其中的價值與趨勢。</p>\r\n\r\n<p>在眾多黑膠唱片中，珍稀度是影響價格的重要因素之一。像是某些知名樂團或歌手的限量版黑膠，或是已絕版多年的老唱片，往往會被視為珍貴收藏品，因此價格也相對較高。</p>\r\n\r\n<p>除了珍稀度外，黑膠唱片的音質和保存狀況也會直接影響價格。一張音質上乘、保存完好的黑膠唱片往往能吸引更多收藏者，因此在交易市場上會有較高的成交價。</p>\r\n\r\n<p>總的來說，黑膠唱片的價格是由多種因素共同決定的，包括珍稀度、音質、保存狀況等。對於想要投資或收藏黑膠唱片的人來說，除了熱愛音樂外，也需要對市場動態有一定的了解，才能做出明智的選擇。</p>', 'https://images.unsplash.com/photo-1511735111819-9a3f7709049c?q=80&w=2048&auto=format&fit=crop&ixlib=rb-4.1.0&ixid=M3wxMjA3fDB8MHxwaG90by1wYWdlfHx8fGVufDB8fHx8fA%3D%3D', '2025-07-01 19:42:43', '2025-06-02 19:42:43', '2025-06-02 19:42:43', 0, NULL),
(29, '黑膠唱片市場現況', '<h1>黑膠唱片市場現況</h1>\r\n<p>近年來，隨著數位音樂的盛行，黑膠唱片市場似乎再度備受矚目。許多音樂愛好者紛紛投入收藏黑膠唱片的懷抱，感受著唱片獨特的音質與懷舊的觸感。</p>\r\n\r\n<p>在這個數位音樂主宰的時代，黑膠唱片的回歸也帶動了許多老牌專輯的再次發行，許多經典專輯如Pink Floyd的《The Dark Side of the Moon》、The Beatles的《Abbey Road》等紛紛推出黑膠版本，吸引了廣大樂迷的目光。</p>\r\n\r\n<p>除了經典專輯的重印外，越來越多新晉音樂人也選擇在黑膠唱片上發行專輯，帶給樂迷全新的聆聽體驗。一張黑膠唱片不僅是音樂作品，更是一件藝術品，許多黑膠唱片的包裝設計精美，成為樂迷收藏的珍寶。</p>\r\n\r\n<p>總結來說，黑膠唱片市場雖然在數位音樂的衝擊下曾一度式微，但隨著懷舊風潮興起，黑膠唱片再度展現其獨特魅力。不論是追尋經典還是發掘新聲，黑膠唱片市場都將持續吸引著樂迷的目光。</p>', 'https://images.unsplash.com/photo-1512509817826-2f35492fe934?q=80&w=2304&auto=format&fit=crop&ixlib=rb-4.1.0&ixid=M3wxMjA3fDB8MHxwaG90by1wYWdlfHx8fGVufDB8fHx8fA%3D%3D', '2025-07-01 19:42:48', '2025-06-02 19:42:48', '2025-06-02 19:42:48', 0, NULL),
(30, '經典廠牌再現\r\n', '<h1>經典廠牌再現</h1>\r\n<p>近年來，黑膠唱片市場逐漸回暖，許多音樂愛好者重新發現了黑膠唱片帶來的獨特魅力。在眾多黑膠唱片品牌中，有一些備受矚目，不僅因其音質出色，更因其匠心獨具的製作工藝。</p>\r\n\r\n<p>其中，「聲響之光」是一個極具代表性的黑膠唱片品牌，專注於經典音樂的製作與發行。他們不僅挑選優質的音源進行重新混音，更將製作工藝推向極致，確保每一張唱片都是無可挑剔的藝術品。無論是古典音樂還是爵士樂，「聲響之光」的黑膠唱片都能帶給聽眾身臨其境的音樂享受。</p>\r\n\r\n<p>另一個值得一提的品牌是「韻律時代」，他們專注於推廣獨立音樂和地下樂團的作品。在「韻律時代」的黑膠唱片中，你可以發現許多前衛音樂的新面貌，這些音樂作品充滿創意與靈感，每一次放聲都讓人耳目一新。這些黑膠唱片不僅展示了音樂的多樣性，更彰顯了「韻律時代」對音樂的熱愛與堅持。</p>\r\n\r\n<p>總的來說，無論是喜愛古典音樂還是追求前衛的音樂探索，黑膠唱片都能滿足你對音樂的所有幻想。在這個數位音樂泛濫的時代，黑膠唱片以其獨特的溫暖音質和豐富的包裝設計，重新贏得了樂迷的青睞。讓我們一起沉浸在黑膠唱片帶來的奇妙音樂之旅中吧！</p>', 'https://images.unsplash.com/photo-1587731556938-38755b4803a6?q=80&w=2956&auto=format&fit=crop&ixlib=rb-4.1.0&ixid=M3wxMjA3fDB8MHxwaG90by1wYWdlfHx8fGVufDB8fHx8fA%3D%3D', '2025-06-28 19:42:55', '2025-06-02 19:42:55', '2025-06-02 19:42:55', 0, NULL),
(31, '黑膠唱片音質比較', '<h1>黑膠唱片音質比較</h1>\r\n<p>作為一位熱愛音樂的收藏家或許你曾經聽過許多關於黑膠唱片音質的傳言，但究竟黑膠唱片的音質到底如何？讓我們一起來探討。</p>\r\n\r\n<p>首先，黑膠唱片因其模擬的製作方式，能夠提供更豐富的音樂細節和更溫暖的音色。相比數位音樂，黑膠唱片所呈現的聲音更為自然，讓人仿佛置身於現場音樂表演之中。</p>\r\n\r\n<p>其次，在音樂品質方面，黑膠唱片通常擁有更廣泛的動態範圍和更少的失真，這使得聆聽者可以更好地感受到音樂的深度和層次。對於追求高品質音響的收藏家來說，黑膠唱片絕對是不可或缺的選擇。</p>\r\n\r\n<p>總結來說，儘管數位音樂在便利性上具有明顯優勢，但黑膠唱片所帶來的音質饗宴是無法被取代的。如果你追求音樂的極致享受，那麼不妨一試黑膠唱片，讓自己沉浸在那獨特的音樂氛圍中。</p>', 'https://images.unsplash.com/photo-1511671782779-c97d3d27a1d4?w=800&auto=format&fit=crop&q=60', '2025-07-01 19:49:11', '2025-06-02 19:49:11', '2025-06-02 19:49:11', 0, NULL),
(32, '如何正確保養您的黑膠唱片', '<h1>如何正確保養您的黑膠唱片</h1>\r\n<p>作為一位黑膠唱片收藏家，您必然深知黑膠唱片的價值和重要性。然而，要確保您的黑膠唱片能夠保持最佳的音質和長久保存，正確的保養是至關重要的。</p>\r\n\r\n<p>首先，保持黑膠唱片的清潔是保養的關鍵。使用專業的黑膠唱片清潔劑和軟毛刷，定期清潔您的唱片表面和槽。避免使用含酒精或化學物質的清潔劑，以免損壞唱片。另外，存放黑膠唱片時，避免直接陽光照射和高溫潮濕的環境。</p>\r\n\r\n<p>其次，使用適當的唱片播放設備也是保養的重要一環。確保唱頭清潔，調整適當的壓力和速度，避免在播放時碰觸唱片表面。另外，避免長時間連續播放同一張唱片，給予唱片休息時間，有助於延長唱片壽命。</p>\r\n\r\n<p>最後，定期檢查您的黑膠唱片，包括檢查是否有刮痕或彎曲，及時處理。如果您發現有任何損壞或異常，請尋求專業的唱片修復服務，以確保您的黑膠唱片能夠保持最佳的音質和價值。</p>\r\n\r\n<p>綜合以上幾點，正確的保養將使您的黑膠唱片保持如新般的音質和外觀，並延長其壽命。珍惜每一張黑膠唱片，讓音樂永遠陪伴著您。</p>', 'https://images.unsplash.com/photo-1511671782779-c97d3d27a1d4?w=800&auto=format&fit=crop&q=60', '2025-06-15 19:49:37', '2025-06-02 19:49:37', '2025-06-02 19:49:37', 0, NULL),
(33, '如何正確保存黑膠唱片', '<h1>如何正確保存黑膠唱片</h1>\r\n<p>作為一名黑膠唱片收藏家或樂迷，正確的保養方式對於延長黑膠唱片的壽命至關重要。下面將分享一些關於如何正確保存黑膠唱片的建議，讓您的珍藏品能夠經久耐用。</p>\r\n\r\n<p>首先，儘量避免將黑膠唱片暴露在陽光直射下，陽光會造成唱片表面的變形和色彩褪去。另外，避免將黑膠唱片存放在潮濕的環境中，潮濕容易造成唱片發霉、變形等問題。</p>\r\n\r\n<p>其次，在放置黑膠唱片時，建議使用專用的唱片收納盒或袋來保護唱片表面不受灰塵、刮傷或污染。另外，在取用黑膠唱片時，要注意手部衛生，避免手上有油污或灰塵，以免污染唱片表面。</p>\r\n\r\n<p>最後，定期清潔黑膠唱片也是保養的重要環節。您可以使用專用的黑膠唱片清潔套裝，輕柔地清潔唱片表面，去除灰塵和污垢，保持唱片表面的清潔度。</p>\r\n\r\n<p>綜合以上建議，正確保存黑膠唱片不僅能保護您的收藏價值，更能讓您享受更高品質的音樂饗宴。希望這些小貼士能幫助您維護珍藏的黑膠唱片，讓音樂永遠陪伴在您身邊。</p>', 'https://images.unsplash.com/photo-1618972677284-1d89b5f526c3?crop=entropy&cs=tinysrgb&fit=max&fm=jpg&ixid=M3w3NTg5MjV8MHwxfHJhbmRvbXx8fHx8fHx8fDE3NDg4NjU5NTB8&ixlib=rb-4.1.0&q=80&w=1080', '2025-06-29 20:05:50', '2025-06-02 20:05:50', '2025-06-02 20:05:50', 0, NULL),
(34, '探索高品質音響：黑膠唱片播放設備', '<h1>探索高品質音響：黑膠唱片播放設備</h1>\r\n<p>對於音樂愛好者來說，黑膠唱片一直是無法取代的經典之一。與數位音樂相比，黑膠唱片擁有獨特的音質魅力，讓人沈浸在濃郁的音樂氛圍中。要充分體驗黑膠唱片帶來的音樂享受，除了優質的唱片外，播放設備也起著至關重要的作用。</p>\r\n\r\n<p>首先，選擇一台高品質的唱片播放器是至關重要的。優秀的唱片播放器不僅能確保音質的細膩度和清晰度，還能減少對唱片的磨損，延長唱片的壽命。在選擇播放器時，除了注重轉盤的轉速和馬達的穩定性外，還應考慮唱頭、唱臂和唱針的品質，這些因素直接關係到音質的表現。</p>\r\n\r\n<p>其次，音響設備也是影響音質的關鍵因素之一。一套優質的音響系統能夠將黑膠唱片中的音樂細節和情感表現得淋漓盡致。選擇適合的音響設備時，需考慮功率、頻率響應、聲壓級等技術指標，同時也要根據個人喜好和聆聽環境來做出適當的選擇。</p>\r\n\r\n<p>總的來說，擁有一套完善的黑膠唱片播放設備不僅可以帶來卓越的音質體驗，更能讓您享受到音樂帶來的愉悅和感動。投資於優質的播放設備，是對音樂和自己的一種尊重，也是追求音樂品質的必經之路。</p>', 'https://images.unsplash.com/photo-1522574970870-277fba960e0d?crop=entropy&cs=tinysrgb&fit=max&fm=jpg&ixid=M3w3NTg5MjV8MHwxfHJhbmRvbXx8fHx8fHx8fDE3NDg4NjU5NTd8&ixlib=rb-4.1.0&q=80&w=1080', '2025-06-17 20:05:58', '2025-06-02 20:05:58', '2025-06-02 20:05:58', 0, NULL),
(35, '探索黑膠唱片播放設備的奧秘', '<h1>探索黑膠唱片播放設備的奧秘</h1>\r\n<p>對於許多音樂愛好者來說，黑膠唱片是一種獨特而珍貴的音樂收藏品。而要完整地享受黑膠唱片帶來的音樂饗宴，除了高品質的唱片外，播放設備也是至關重要的一環。</p>\r\n\r\n<p>在選購黑膠唱片播放設備時，首要考慮的是唱臂和唱頭，它們直接影響著唱片的播放效果。優質的唱臂能確保唱針準確地滑過唱片槽，避免刮傷唱片表面；而精良的唱頭則能提供清晰細膩的音質，讓音樂重現原音。</p>\r\n\r\n<p>除此之外，擁有良好的轉盤和馬達系統也是不可或缺的。穩定的轉盤能確保唱片平穩旋轉，避免音溝跳針；而強勁的馬達系統則能確保轉盤轉速穩定，不會影響音樂的節奏和音調。</p>\r\n\r\n<p>總結來說，選購黑膠唱片播放設備時，除了注重外觀和價格外，更應該重視內在的唱臂、唱頭、轉盤和馬達系統等關鍵部件。只有擁有高品質的播放設備，才能真正展現黑膠唱片所帶來的音樂魅力，讓您沉浸在獨特的音樂世界中。</p>', 'https://images.unsplash.com/photo-1608321632050-4ad4a4a74ae5?crop=entropy&cs=tinysrgb&fit=max&fm=jpg&ixid=M3w3NTg5MjV8MHwxfHJhbmRvbXx8fHx8fHx8fDE3NDg4NjU5NjR8&ixlib=rb-4.1.0&q=80&w=1080', '2025-06-22 20:06:04', '2025-06-02 20:06:04', '2025-06-02 20:06:04', 0, NULL),
(36, '探訪黑膠唱片收藏家心聲', '<h1>探訪黑膠唱片收藏家心聲</h1>\r\n<p>近日，我有幸採訪了一位熱愛黑膠唱片的收藏家，讓我們一同走進他的音樂世界，探索他對黑膠唱片的熱情與堅持。</p>\r\n\r\n<p>這位收藏家名叫張先生，他的收藏室堆滿了各式各樣的黑膠唱片，從搖滾、爵士到古典音樂，應有盡有。在和他的交流中，我深深感受到他對音樂的熱愛與對黑膠唱片的堅持。張先生告訴我，黑膠唱片的音質和溫暖的音色是其他音樂媒介所無法比擬的，每一張黑膠唱片都是他心中音樂的寶藏。</p>\r\n\r\n<p>除了對音質的追求外，張先生也熱衷於尋找珍稀的黑膠唱片，他認為每一張黑膠唱片背後都有著獨特的故事和價值，收藏黑膠唱片不僅是對音樂的愛，更是對文化和歷史的珍視。他分享了許多收藏心得，從如何保養黑膠唱片到如何辨別真偽，無一不展現著他對這門藝術的專業與熱情。</p>\r\n\r\n<p>結束訪談時，張先生向我播放了一張他最珍藏的黑膠唱片，那股濃濃的懷舊氛圍和細膩的音質讓我對黑膠唱片重新燃起了興趣。這次訪談讓我深刻感受到，黑膠唱片不僅是一種音樂媒介，更是承載著人們對音樂、文化和時代記憶的珍貴載體。</p>', 'https://images.unsplash.com/photo-1629124985795-896afbb07d7b?crop=entropy&cs=tinysrgb&fit=max&fm=jpg&ixid=M3w3NTg5MjV8MHwxfHJhbmRvbXx8fHx8fHx8fDE3NDg4NjU5NzF8&ixlib=rb-4.1.0&q=80&w=1080', '2025-06-11 20:06:11', '2025-06-02 20:06:11', '2025-06-02 20:06:11', 0, NULL),
(37, '迷人的黑膠唱片世界', '<h1>迷人的黑膠唱片世界</h1>\r\n<p>歡迎來到黑膠唱片的奇妙世界，這裡充滿了音樂的記憶與情感。作為一位熱愛音樂的收藏家和黑膠唱片專賣店老闆，我深深著迷於黑膠唱片所帶來的獨特韻味與觸感。</p>\r\n\r\n<p>每一塊黑膠唱片都是一段音樂歷史的見證，從懷舊的搖滾樂、爵士樂到古典樂，每張專輯都承載著獨特的聲音和故事。透過黑膠唱片，我們可以重溫過去的音樂時光，感受那細膩的音質與情感表達。</p>\r\n\r\n<p>在這個數位音樂充斥的時代，黑膠唱片的復興讓人重新認識了音樂的價值。除了音質上的優勢外，黑膠唱片也讓人重拾對音樂的尊重與耐心，因為每一次放聲之前，我們都需要花時間清潔唱頭、調整播放器，享受整個準備過程，這正是數位音樂無法帶來的樂趣。</p>\r\n\r\n<p>總而言之，黑膠唱片不僅僅是一種音樂媒介，更是一種生活態度。它讓我們細細品味音樂的細節，感受到音樂背後的情感流動。如果你也對音樂充滿熱情，不妨來探索黑膠唱片的魅力，讓音樂在黑膠的旋律中繼續流淌。</p>', 'https://images.unsplash.com/photo-1620704075906-27bfa0d54f3b?crop=entropy&cs=tinysrgb&fit=max&fm=jpg&ixid=M3w3NTg5MjV8MHwxfHJhbmRvbXx8fHx8fHx8fDE3NDg4NjU5Nzd8&ixlib=rb-4.1.0&q=80&w=1080', '2025-07-02 20:06:18', '2025-06-02 20:06:18', '2025-06-02 20:06:18', 0, NULL),
(38, '探索品味：知名黑膠唱片品牌介紹', '<h1>探索品味：知名黑膠唱片品牌介紹</h1>\r\n<p>作為一位熱愛音樂、追求品質的黑膠唱片收藏家，對於不同的唱片品牌和製作工藝都有著深入的了解和研究。在眾多品牌中，有幾個知名的黑膠唱片製造商以其獨特的特色和優質的音質而脫穎而出，讓音樂愛好者趨之若鶩。</p>\r\n\r\n<p>首先，提到黑膠唱片，就不得不提到「Mobile Fidelity Sound Lab」（MFSL）。這個美國品牌以其對音質的極致追求而聞名於世。他們使用專利技術和高品質材料製作唱片，保證每一張唱片都能呈現最細膩的音樂細節，讓聆聽者享受到最純粹的音樂饗宴。</p>\r\n\r\n<p>另一個值得一提的品牌是「Analogue Productions」。這家品牌致力於將優秀錄音師的作品以最高品質的方式呈現給觀眾。他們選擇最好的錄音室和製作工藝，打造出音質極致完美的黑膠唱片，讓音樂愛好者能夠身臨其境地感受到音樂的魅力。</p>\r\n\r\n<p>最後，「Vinyl Me, Please」這個品牌則將黑膠唱片帶入了現代音樂愛好者的生活。他們推出每月精選的黑膠唱片訂閱服務，讓訂戶每月收到一張獨特的專輯，豐富他們的音樂收藏。這種新穎的方式吸引了許多年輕人加入到黑膠唱片的世界中來。</p>\r\n\r\n<p>無論是對音質的追求、對經典唱片的珍藏，還是對音樂文化的傳承，這些知名黑膠唱片品牌都在不同的層面上豐富了黑膠唱片的世界，讓我們能夠更深入地探索音樂的魅力。</p>\r\n\r\n<p>以上僅是我個人對於幾個知名黑膠唱片品牌的簡要介紹，希望能夠引起你對黑膠唱片的興趣，並進一步探索這個充滿魅力的音樂世界。</p>\r\n\r\n<p>來自專業音樂評論家與黑膠唱片專賣店老闆的介紹，希望能夠為您帶來更多關於黑膠唱片的新訊。</p>', 'https://images.unsplash.com/photo-1625306944685-1b9933a79165?crop=entropy&cs=tinysrgb&fit=max&fm=jpg&ixid=M3w3NTg5MjV8MHwxfHJhbmRvbXx8fHx8fHx8fDE3NDg4NjU5OTR8&ixlib=rb-4.1.0&q=80&w=1080', '2025-06-29 20:06:34', '2025-06-02 20:06:34', '2025-06-02 20:06:34', 0, NULL),
(39, '探索音樂之美：黑膠唱片展覽活動', '<h1>探索音樂之美：黑膠唱片展覽活動</h1>\r\n<p>親愛的音樂愛好者們，踏入這個令人心驚膽跳的音樂之旅！我們將在本週末舉辦一場獨一無二的黑膠唱片展覽活動，讓您沉浸在濃厚的音樂氛圍中。</p>\r\n\r\n<p>這次展覽將集結來自世界各地的珍貴黑膠唱片，從搖滾、爵士到古典，各種音樂類型應有盡有。您將有機會近距離欣賞那些經典封面設計，感受黑膠唱片獨有的溫暖音質，彷彿穿越時光隧道，重溫激動人心的音樂時刻。</p>\r\n\r\n<p>除了欣賞展覽中的珍品黑膠唱片外，我們還將設置專業的音響設備，讓您即場聆聽那些音樂傳奇的經典作品。您可以盡情沉浸在音樂的海洋中，感受每一個音符帶來的震撼與感動。</p>\r\n\r\n<p>無論您是黑膠唱片的收藏家，還是單純熱愛音樂的朋友，這場展覽活動絕對不容錯過！讓我們一同探索音樂之美，共同譜寫屬於我們的音樂時代。</p>\r\n\r\n<p>不要錯過這個難得的機會，加入我們的黑膠唱片展覽活動，一同感受音樂的魅力，一起創造屬於音樂的奇蹟！</p>', 'https://images.unsplash.com/photo-1534445817031-c529c7186f30?crop=entropy&cs=tinysrgb&fit=max&fm=jpg&ixid=M3w3NTg5MjV8MHwxfHJhbmRvbXx8fHx8fHx8fDE3NDg4NjYwMDd8&ixlib=rb-4.1.0&q=80&w=1080', '2025-06-23 20:06:47', '2025-06-02 20:06:47', '2025-06-02 20:06:47', 0, NULL),
(40, '黑膠唱片的歷史與魅力', '<h1>黑膠唱片的歷史與魅力</h1>\r\n<p>黑膠唱片是音樂史上不可或缺的一部分，它承載著豐富的音樂記憶和文化價值，深受許多樂迷和收藏家的喜愛。從最初的膠片唱片到後來的黑膠唱片，這種音樂媒介一直在演變和發展，成為了音樂產業中不可或缺的存在。</p>\r\n\r\n<p>黑膠唱片的興起可以追溯到20世紀初，當時它是主要的音樂媒介之一，直到後來被CD和數位音樂所取代。然而，近年來黑膠唱片卻重新走入大眾視野，許多人重新發現了黑膠唱片所帶來的獨特魅力，包括溫暖的音色、豐富的封面設計以及收藏的價值。</p>\r\n\r\n<p>在當今數位化的音樂世界中，黑膠唱片代表著一種對過去音樂的回憶和尊重，也是一種對音樂品質和聆聽經驗的追求。無論是品味音樂還是純粹收藏，黑膠唱片都有著獨特的魅力，讓人無法抗拒。</p>\r\n\r\n<p>總的來說，黑膠唱片雖然在音樂媒介的演變中逐漸式微，但它所代表的音樂文化和價值卻是永恆的。無論是熱愛音樂的人還是收藏家，都能在黑膠唱片中找到屬於自己的音樂天堂，享受獨一無二的聆聽體驗。</p>', 'https://images.unsplash.com/photo-1543983419-dbdc20257c3d?crop=entropy&cs=tinysrgb&fit=max&fm=jpg&ixid=M3w3NTg5MjV8MHwxfHJhbmRvbXx8fHx8fHx8fDE3NDg4NjYwMTN8&ixlib=rb-4.1.0&q=80&w=1080', '2025-06-22 20:06:54', '2025-06-02 20:06:54', '2025-06-02 20:06:54', 0, NULL),
(41, '探訪黑膠唱片收藏家：音樂永不凋零的靈魂', '<h1>探訪黑膠唱片收藏家：音樂永不凋零的靈魂</h1>\r\n<p>在這個數位音樂主導的時代，黑膠唱片收藏仍然在一群熱愛音樂的人心中佔有一席之地。這些黑膠唱片收藏家不僅僅是音樂的愛好者，更是對音樂歷史、品質和細節的堅定追求者。他們將黑膠唱片視為珍貴的藝術品，透過這些老舊的唱片，重新感受音樂帶來的獨特魅力。</p>\r\n\r\n<p>在一次訪問中，我有幸邂逅了一位來自台北的黑膠唱片收藏家，他自稱為Vinyl Guru。Vinyl Guru分享了他的收藏故事，他說：「每一張黑膠唱片都是一段音樂歷史的見證，我喜歡翻閱唱片封套上的文字、欣賞黑膠的質感，這種感覺是數位音樂無法取代的。」</p>\r\n\r\n<p>隨著數位音樂的盛行，黑膠唱片收藏市場也逐漸回暖。越來越多的年輕人加入到黑膠唱片收藏的行列中，他們發現這些老舊唱片中蘊含著豐富的音樂文化和價值。Vinyl Guru表示，他很高興看到這個現象，他希望透過自己的收藏，將音樂的美好傳遞給更多的人。</p>\r\n\r\n<p>無論是對於音樂的熱愛還是對於收藏的執著，黑膠唱片收藏家都在這個世界上佔有一席之地。他們將音樂收藏視為一種生活態度，透過收藏品尋找到生活中的平衡與愉悅。讓我們一起感受音樂的魅力，也讓我們一同尊重這些堅守傳統的黑膠唱片收藏家們。</p>\r\n\r\n<p>無論是年輕人還是老一輩，對於黑膠唱片的熱愛將永不凋零。讓我們一起珍惜這份對音樂的熱情，讓那些老舊的黑膠唱片在我們的生活中繼續閃耀。音樂，永遠是我們心靈的慰藉。</p>', 'https://images.unsplash.com/photo-1444824775686-4185f172c44b?crop=entropy&cs=tinysrgb&fit=max&fm=jpg&ixid=M3w3NTg5MjV8MHwxfHJhbmRvbXx8fHx8fHx8fDE3NDg4NjYwMjN8&ixlib=rb-4.1.0&q=80&w=1080', '2025-06-15 20:07:03', '2025-06-02 20:07:03', '2025-06-02 20:07:03', 0, NULL),
(42, '探索黑膠唱片市場的最新趨勢', '<h1>探索黑膠唱片市場的最新趨勢</h1>\r\n<p>近年來，黑膠唱片市場一直處於興盛的狀態，不僅吸引了樂迷和收藏家的目光，更成為音樂產業中的亮點。這種復古的音樂媒介不僅讓人們重拾對音樂的熱愛，更帶動了黑膠唱片專賣店的興起，成為當今音樂市場中不可或缺的一部分。</p>\r\n\r\n<p>隨著數位音樂時代的來臨，黑膠唱片市場的興起似乎有些出人意料，但卻也反映了人們對於音樂品質和收藏價值的追求。越來越多的年輕人開始對黑膠唱片產生興趣，他們喜歡黑膠唱片所帶來的溫暖聲音和獨特的質感，這種情感上的共鳴成為推動市場增長的重要因素。</p>\r\n\r\n<p>除了傳統的音樂專賣店外，線上平台也開始提供黑膠唱片的銷售服務，進一步擴大了黑膠唱片的市場規模。樂隊和音樂人紛紛推出限量版的黑膠專輯，吸引了眾多樂迷的追捧，使得黑膠唱片市場呈現出多姿多彩的風貌。</p>\r\n\r\n<p>總的來說，黑膠唱片市場的崛起不僅是音樂產業的一大亮點，更是一種對音樂歷史和文化的尊重。在這個充滿數位科技的時代，黑膠唱片以其獨特的魅力吸引著越來越多的人，成為音樂愛好者不可或缺的珍藏。</p>', 'https://images.unsplash.com/photo-1594328082928-28ddcbc316c0?crop=entropy&cs=tinysrgb&fit=max&fm=jpg&ixid=M3w3NTg5MjV8MHwxfHJhbmRvbXx8fHx8fHx8fDE3NDg4NjYwMzB8&ixlib=rb-4.1.0&q=80&w=1080', '2025-06-15 20:07:11', '2025-06-02 20:07:11', '2025-06-02 20:07:11', 0, NULL),
(43, '黑膠唱片歷史探究', '<h1>黑膠唱片歷史探究</h1>\r\n<p>黑膠唱片是20世紀最具代表性的音樂媒介之一，它承載著豐富的音樂記憶與情感。起源於1880年代的黑膠唱片，最初是以帶有音溝的石墨圓筒製成，隨後進化為使用聚氯乙烯（PVC）材質，成為音樂史上不可或缺的一部分。</p>\r\n\r\n<p>在黑膠唱片的鼎盛時期，人們透過這種媒介聆聽到許多經典的音樂作品，也因此建立起深厚的情感聯繫。從早期的藍調、爵士樂，到後來的搖滾、流行音樂，黑膠唱片見證了音樂風格的演變，每一張唱片都承載著獨特的音樂故事。</p>\r\n\r\n<p>然而，隨著數位音樂時代的來臨，黑膠唱片逐漸式微，但近年來卻出現了一股黑膠復興的潮流。許多樂迷重拾對黑膠唱片的熱愛，尋找並珍藏那些令人難忘的音樂珍品。黑膠唱片不僅是一種音樂媒介，更是一種文化符號，展現著音樂與藝術的結合。</p>\r\n\r\n<p>總結來說，黑膠唱片承載著豐富的音樂歷史，其獨特的音質與包裝設計令人著迷。無論是回顧過去還是展望未來，黑膠唱片都將繼續在音樂愛好者心中佔有一席之地，成為永恆的經典。</p>', 'https://images.unsplash.com/photo-1530051315435-58046fbc2649?crop=entropy&cs=tinysrgb&fit=max&fm=jpg&ixid=M3w3NTg5MjV8MHwxfHJhbmRvbXx8fHx8fHx8fDE3NDg4NjYxMjR8&ixlib=rb-4.1.0&q=80&w=1080', '2025-06-24 20:08:44', '2025-06-02 20:08:44', '2025-06-02 20:08:44', 0, NULL),
(44, '探訪黑膠唱片收藏家心得', '<h1>探訪黑膠唱片收藏家心得</h1>\r\n<p>近日有幸訪問到了一位熱愛黑膠唱片的收藏家，讓我們一同進入他的音樂世界，感受那份獨特的懷舊與熱情。</p>\r\n\r\n<p>收藏家表示，對他來說，黑膠唱片不僅是一種音樂媒介，更是一段段寶貴的記憶。每一張黑膠唱片背後，都承載著特定的時代背景和音樂人的心血。透過黑膠唱片，他可以重新感受到過去的音樂風貌，彷彿與那個時代重逢。</p>\r\n\r\n<p>在訪談中，收藏家透露他收藏黑膠唱片的樂趣不僅在於音樂本身，更在於尋覓珍稀唱片的過程。他會花費大量時間在唱片市集、二手店中尋寶，每一次找到心頭好都讓他心情愉悅。對他來說，收藏黑膠唱片是一種尋寶的過程，讓生活充滿了驚喜與期待。</p>\r\n\r\n<p>結束訪談，收藏家分享了他對於未來的展望。他希望能夠將自己的黑膠唱片珍藏逐漸擴大，建立一個專屬的收藏空間，讓更多人分享他的音樂情懷。同時，他也期待能夠舉辦一些黑膠唱片交流活動，和其他收藏家一起分享彼此的珍藏。這位收藏家的熱情與堅持，不僅讓我們感受到音樂的魅力，更讓我們明白到收藏的真正價值。</p>', 'https://images.unsplash.com/photo-1519677466127-c57393bf453b?crop=entropy&cs=tinysrgb&fit=max&fm=jpg&ixid=M3w3NTg5MjV8MHwxfHJhbmRvbXx8fHx8fHx8fDE3NDg4NjYxMzN8&ixlib=rb-4.1.0&q=80&w=1080', '2025-06-21 20:08:53', '2025-06-02 20:08:53', '2025-06-02 20:08:53', 0, NULL),
(45, '迷戀黑膠：音樂愛好者的珍藏之道', '<h1>迷戀黑膠：音樂愛好者的珍藏之道</h1>\r\n<p>您好，我是音樂評論家、黑膠唱片收藏家，也是一家黑膠唱片專賣店的老闆。黑膠唱片，作為音樂史上的經典之一，承載著豐富多樣的音樂風格與回憶，吸引著許多音樂愛好者投入收藏的行列。</p>\r\n\r\n<p>在這個數位音樂氾濫的時代，黑膠唱片的獨特韻味吸引著越來越多的年輕人。黑膠唱片所帶來的溫暖音質、專輯封面的藝術設計，以及獨一無二的收藏價值，讓人感受到與數位音樂不同的美好。</p>\r\n\r\n<p>無論是追尋經典搖滾、爵士樂，還是古典音樂，黑膠唱片都能滿足您對音樂的所有幻想。透過黑膠唱片，我們仿佛能夠穿越時光，聆聽音樂背後的故事，感受到音樂帶來的情感共鳴。</p>\r\n\r\n<p>作為一名黑膠唱片的愛好者，我深深著迷於每一塊黑膠唱片所散發出的獨特魅力。希望大家也能夠透過這份熱愛，一同探索黑膠唱片的無窮魅力，讓音樂在我們的生活中繼續綻放。</p>\r\n\r\n<p>無論您是已經深陷黑膠唱片收藏的迷宮，還是初次踏入這個領域，希望您都能夠在黑膠唱片的世界中找到屬於自己的音樂寶藏。</p>', 'https://images.unsplash.com/photo-1633629282136-0d2e548d5b42?crop=entropy&cs=tinysrgb&fit=max&fm=jpg&ixid=M3w3NTg5MjV8MHwxfHJhbmRvbXx8fHx8fHx8fDE3NDg4NjYxNDR8&ixlib=rb-4.1.0&q=80&w=1080', '2025-06-15 20:09:05', '2025-06-02 20:09:05', '2025-06-02 20:09:05', 0, NULL),
(46, '黑膠唱片價格分析', '<h1>黑膠唱片價格分析</h1>\r\n<p>作為一位熱愛音樂的黑膠唱片收藏家，我們經常被問及關於黑膠唱片價格的問題。在這篇文章中，我將分享一些關於黑膠唱片價格背後的分析和趨勢，希望能幫助大家更好地了解這個市場。</p>\r\n\r\n<p>首先，黑膠唱片的價格受到多種因素的影響，包括稀有度、品質、封套狀態、發行年代等。一般來說，那些限量版、狀態良好、具有歷史意義或特殊意義的黑膠唱片價格通常會較高，因為這些唱片在市場上較為稀有且受到收藏家的青睞。</p>\r\n\r\n<p>其次，隨著黑膠唱片市場的回暖，一些經典專輯的價格也在逐步上升。例如，The Beatles、Pink Floyd、Led Zeppelin等樂團的經典唱片在二手市場上的價格一直居高不下，甚至還在不斷攀升。這也反映了人們對於經典音樂的珍愛和追捧。</p>\r\n\r\n<p>最後，對於新晉樂手或獨立樂團的黑膠唱片，由於發行量較少且市場知名度較低，價格可能會相對較低。然而，隨著這些樂手的知名度和影響力逐漸提升，他們的黑膠唱片價格也可能會隨之上揚。因此，對於收藏家來說，有時候也可以關注一些新興樂手的黑膠唱片，或許會有意外的收穫。</p>\r\n\r\n<p>總而言之，黑膠唱片的價格是一個動態的市場，受多種因素影響。對於收藏家來說，除了關注價格之外，更重要的是找到自己喜愛的音樂，從中感受到樂趣和收穫。希望這篇價格分析能幫助大家更好地了解這個獨特而迷人的黑膠唱片世界。</p>', 'https://images.unsplash.com/photo-1514715108901-799fba33c94e?crop=entropy&cs=tinysrgb&fit=max&fm=jpg&ixid=M3w3NTg5MjV8MHwxfHJhbmRvbXx8fHx8fHx8fDE3NDg4NjYxNTN8&ixlib=rb-4.1.0&q=80&w=1080', '2025-06-19 20:09:13', '2025-06-02 20:09:13', '2025-06-02 20:09:13', 0, NULL),
(47, '探索黑膠唱片市場趨勢', '<h1>探索黑膠唱片市場趨勢</h1>\r\n<p>近年來，黑膠唱片市場正在經歷一股強勁的復甦浪潮，吸引了越來越多的音樂愛好者和收藏家投入其中。</p>\r\n\r\n<p>首先，黑膠唱片的音質一直是廣受讚譽的。相較於數位音樂，黑膠唱片能夠提供更豐富、更溫暖且更真實的音響效果，讓人仿佛置身於現場音樂表演之中。</p>\r\n\r\n<p>其次，黑膠唱片的包裝設計也是吸引人的一大亮點。許多專輯採用精美的封面設計、彩色的唱片以及豐富的內附資料，為音樂愛好者帶來了視覺上的享受。</p>\r\n\r\n<p>最重要的是，黑膠唱片成為了樂迷收藏的珍貴物品。許多經典專輯在黑膠唱片市場上價值不斷攀升，成為收藏家追逐的對象。</p>\r\n\r\n<p>總結來說，黑膠唱片市場的蓬勃發展不僅帶來了音響上的愉悅，也滿足了人們對於音樂收藏的熱愛。無論是品質、設計還是價值，黑膠唱片都展現出獨特魅力，讓人不禁想要深入探索這個充滿樂趣的領域。</p>', 'https://images.unsplash.com/photo-1542999250-278129776101?crop=entropy&cs=tinysrgb&fit=max&fm=jpg&ixid=M3w3NTg5MjV8MHwxfHJhbmRvbXx8fHx8fHx8fDE3NDg4NjYxNjN8&ixlib=rb-4.1.0&q=80&w=1080', '2025-06-29 20:09:23', '2025-06-02 20:09:23', '2025-06-02 20:09:23', 1, '2025-06-12 15:18:53'),
(48, '探索黑膠唱片世界：經典品牌介紹', '<h1>探索黑膠唱片世界：經典品牌介紹</h1>\r\n<p>歡迎來到黑膠唱片的奇幻世界，其中有許多優秀的品牌值得一提。在眾多品牌中，有些擁有悠久的歷史，有些則以創新著稱，讓我們一起來探索一下這些令人著迷的黑膠唱片品牌。</p>\r\n\r\n<p><strong>1. Columbia Records：</strong> 歷史悠久的Columbia Records成立於1888年，是世界上最古老的唱片公司之一。這個品牌早期主要以流行音樂和爵士樂聞名，後來擴展到各種音樂類型。Columbia Records發行的黑膠唱片以其高品質的錄製和製作而聞名，深受音樂愛好者的喜愛。</p>\r\n\r\n<p><strong>2. Mobile Fidelity Sound Lab (MFSL)：</strong> MFSL成立於1977年，專門製作高品質的黑膠唱片。這個品牌以其對音質的追求和對細節的關注而聞名，每一張MFSL的黑膠唱片都是一件珍貴的藝術品，深受發燒友的推崇。</p>\r\n\r\n<p><strong>3. Analogue Productions：</strong> Analogue Productions是另一個以製作高保真黑膠唱片而聞名的品牌。他們專注於重新發行一些經典專輯，並以最高水準的技術進行錄製和製作，確保每一張黑膠唱片都能帶來最純粹的音樂享受。</p>\r\n\r\n<p>以上僅是其中一小部分黑膠唱片品牌的介紹，每個品牌都有其獨特的特色和魅力，讓人愛不釋手。不管你是追求音質還是收藏價值，這些品牌都能滿足你對音樂的渴望。讓我們一起沉浸在黑膠唱片的魅力中，感受音樂帶來的愉悅和感動。</p>', 'https://images.unsplash.com/photo-1597008605956-f9200dc543ca?crop=entropy&cs=tinysrgb&fit=max&fm=jpg&ixid=M3w3NTg5MjV8MHwxfHJhbmRvbXx8fHx8fHx8fDE3NDg4NjYxODJ8&ixlib=rb-4.1.0&q=80&w=1080', '2025-07-02 20:09:42', '2025-06-02 20:09:42', '2025-06-02 20:09:42', 0, NULL),
(49, '探索音樂歷史：黑膠唱片展覽活動', '<h2>探索音樂歷史：黑膠唱片展覽活動</h2><p>歡迎來到我們舉辦的黑膠唱片展覽活動，這是一個讓您深入探索音樂歷史、感受音樂魅力的絕佳機會。這裡匯集了來自世界各地的珍貴黑膠唱片，每一張唱片都承載著獨特的音樂故事，讓您重溫那段美好的樂曲時光。</p><p>在這個展覽活動中，您將有機會欣賞到來自不同年代、不同音樂類型的黑膠唱片珍品。從懷舊的搖滾樂、藍調音樂到經典的爵士樂、流行樂，每張唱片都是音樂史的一部分，彷彿帶著您穿梭回過去，感受音樂所帶來的情感共鳴。</p><p>除了欣賞這些珍貴的黑膠唱片外，您還可以在展覽現場聆聽音樂專家的分享，了解這些唱片背後的故事和製作過程。無論您是音樂愛好者、唱片收藏家還是對音樂歷史感興趣的人，這個展覽活動都將帶給您豐富而難忘的音樂體驗。</p><p>藉著這個展覽活動，讓我們一同探索音樂的無限魅力，感受黑膠唱片所帶來的獨特韻味。無論時光如何流轉，這些珍貴的唱片將永遠為我們保留著美好的音樂回憶。期待您的光臨，一同享受這段音樂之旅。</p>', 'https://images.unsplash.com/photo-1512607999958-f9b372b6f492?crop=entropy&cs=tinysrgb&fit=max&fm=jpg&ixid=M3w3NTg5MjV8MHwxfHJhbmRvbXx8fHx8fHx8fDE3NDg4NjYxOTB8&ixlib=rb-4.1.0&q=80&w=1080', '2025-06-04 20:09:00', '2025-06-02 20:09:50', '2025-06-09 18:29:52', 1, '2025-06-12 15:26:36'),
(50, '探索黑膠唱片播放設備的奇妙世界', '<p>&nbsp;</p><h2>探索黑膠唱片播放設備的奇妙世界</h2><p>對於許多音樂愛好者來說，黑膠唱片不僅代表著音樂的質感和溫暖，更是一種獨特的音響體驗。而要完美展現黑膠唱片所帶來的魅力，一台優質的黑膠唱片播放設備是必不可少的。</p><p>在選購黑膠唱片播放設備時，首先需要考慮的是唱頭和唱臂的品質。唱頭的選擇直接影響到音質的表現，而優質的唱臂可以確保唱針順暢地跟隨唱片槽，減少對唱片的磨損，同時提升音質的細節表現。</p><p>另外，一臺穩定的旋轉系統也是影響音質的重要因素之一。高質量的馬達和轉盤可以確保唱片轉速穩定，減少震動和噪音，使音樂更加細膩動人。</p><p>總結來說，一台優秀的黑膠唱片播放設備不僅可以帶來高品質的音響享受，更能讓您深入感受到音樂的魅力和情感。投資一台優質的黑膠唱片播放設備，就是在為自己的音樂生活品質添磚加瓦。</p>', 'https://images.unsplash.com/photo-1444990689320-bd2a7a839644?crop=entropy&cs=tinysrgb&fit=max&fm=jpg&ixid=M3w3NTg5MjV8MHwxfHJhbmRvbXx8fHx8fHx8fDE3NDg4NjYyMDN8&ixlib=rb-4.1.0&q=80&w=1080', '2025-06-10 20:10:00', '2025-06-02 20:10:03', '2025-06-09 18:29:14', 1, '2025-06-12 16:29:25'),
(51, '探訪熱愛黑膠的音樂饕客', '<h2>探訪熱愛黑膠的音樂饕客</h2><p>歡迎來到我們的音樂世界，一個充滿懷舊氛圍的黑膠唱片店。今天，我們有幸邀請了一位專業的黑膠唱片收藏家，一位對音樂充滿熱情的饕客，和我們分享他的收藏故事。</p><p>在訪談中，這位收藏家分享了他對黑膠唱片的熱愛源自於對音樂純粹的熱情。他說，每一張黑膠唱片都是一段時光的記錄，能夠讓他重溫那些經典的音樂作品，帶領他穿梭在不同的音樂風格之間。</p><p>除了珍藏經典的搖滾、爵士和流行音樂唱片外，這位收藏家也特別青睞一些稀有的限量版黑膠唱片。他認為，這些限量版唱片不僅在音樂價值上有所突出，更讓他感受到收藏的獨特樂趣，每一次獲得限量版唱片都讓他心情興奮不已。</p><p>訪談最後，這位收藏家分享了他對於黑膠唱片的未來展望。他希望透過自己的收藏，能夠將黑膠唱片的美好傳承下去，讓更多人認識和欣賞這種古老而獨特的音樂媒介。他表示，無論數位音樂時代如何快速發展，黑膠唱片始終擁有著不可替代的魅力，值得被珍惜和傳承。</p><p>這次訪談讓我們更加深入了解了黑膠唱片收藏的魅力所在，也讓我們感受到音樂帶來的無窮魅力。讓我們一起繼續探索，享受音樂帶來的美好吧！</p>', 'https://images.unsplash.com/photo-1511671782779-c97d3d27a1d4?w=800&auto=format&fit=crop&q=60', '2025-06-29 20:10:11', '2025-06-02 20:10:11', '2025-06-07 18:00:31', 0, NULL),
(85, 'test111', '<p>這裡是內容123123</p>', '/article/img/covers/68482cb034f04.jpg', '2025-06-27 21:15:00', '2025-06-10 21:01:48', '2025-06-12 16:14:07', 1, '2025-06-12 16:29:25'),
(87, 'test2', '<p>這裡是內容gt5g56</p>', '/article/img/covers/684a6f0eb5a13.jpg', '2025-06-21 14:09:00', '2025-06-12 14:09:38', '2025-06-12 14:09:38', 1, '2025-06-12 14:10:39'),
(88, 'test1', '<p>這裡是內容fwvw</p>', '/article/img/covers/684a8f7f8037d.jpg', '2025-06-28 16:28:00', '2025-06-12 16:28:38', '2025-06-12 16:28:38', 1, '2025-06-12 16:29:25');

-- --------------------------------------------------------

--
-- 資料表結構 `article_category`
--

CREATE TABLE `article_category` (
  `article_id` int(11) NOT NULL,
  `category_id` int(11) NOT NULL
) ENGINE=InnoDB DEFAULT CHARSET=utf8mb4 COLLATE=utf8mb4_general_ci;

--
-- 傾印資料表的資料 `article_category`
--

INSERT INTO `article_category` (`article_id`, `category_id`) VALUES
(1, 4),
(1, 5),
(2, 3),
(3, 4),
(3, 5),
(4, 2),
(5, 3),
(5, 6),
(6, 4),
(6, 6),
(7, 4),
(7, 6),
(8, 1),
(8, 6),
(9, 1),
(9, 5),
(10, 6),
(11, 6),
(12, 2),
(12, 4),
(13, 4),
(13, 5),
(14, 4),
(15, 1),
(15, 2),
(16, 3),
(16, 5),
(17, 5),
(18, 3),
(19, 1),
(20, 1),
(20, 4),
(21, 2),
(22, 6),
(23, 3),
(23, 4),
(24, 1),
(25, 3),
(26, 1),
(26, 2),
(27, 2),
(27, 6),
(28, 2),
(29, 3),
(30, 1),
(30, 4),
(31, 5),
(32, 2),
(32, 3),
(33, 2),
(33, 6),
(34, 2),
(34, 4),
(35, 2),
(35, 5),
(36, 1),
(36, 3),
(37, 5),
(38, 4),
(39, 1),
(39, 2),
(40, 2),
(41, 1),
(41, 6),
(42, 2),
(42, 5),
(43, 4),
(44, 1),
(45, 4),
(45, 5),
(46, 3),
(46, 4),
(47, 4),
(48, 5),
(49, 1),
(50, 1),
(50, 2),
(51, 4),
(85, 2),
(85, 4),
(87, 2),
(87, 4),
(88, 2),
(88, 4);

-- --------------------------------------------------------

--
-- 資料表結構 `article_images`
--

CREATE TABLE `article_images` (
  `id` int(11) NOT NULL,
  `article_id` int(11) DEFAULT NULL,
  `url` text DEFAULT NULL,
  `description` text DEFAULT NULL
) ENGINE=InnoDB DEFAULT CHARSET=utf8mb4 COLLATE=utf8mb4_general_ci;

--
-- 傾印資料表的資料 `article_images`
--

INSERT INTO `article_images` (`id`, `article_id`, `url`, `description`) VALUES
(1, 1, 'https://images.unsplash.com/photo-1530288782965-fbad40327074?crop=entropy&cs=tinysrgb&fit=max&fm=jpg&ixid=M3w3NTg5MjV8MHwxfHJhbmRvbXx8fHx8fHx8fDE3NDg4NTg0NDh8&ixlib=rb-4.1.0&q=80&w=1080', '<p>This is an analogue photograph (35mm)\n\nPhoto by Florencia Viadana on Unsplash</p>\n                <p>Photo by Florencia Viadana on Unsplash</p>'),
(2, 2, 'https://images.unsplash.com/photo-1648356242667-a453f933e060?crop=entropy&cs=tinysrgb&fit=max&fm=jpg&ixid=M3w3NTg5MjV8MHwxfHJhbmRvbXx8fHx8fHx8fDE3NDg4NTg2Mzh8&ixlib=rb-4.1.0&q=80&w=1080', '<p>Vinyl records \n\nPhoto by Henry Lai on Unsplash</p>\n                <p>Photo by Henry Lai on Unsplash</p>'),
(3, 2, 'https://images.unsplash.com/photo-1581041122145-9f17c04cd153?crop=entropy&cs=tinysrgb&fit=max&fm=jpg&ixid=M3w3NTg5MjV8MHwxfHJhbmRvbXx8fHx8fHx8fDE3NDg4NTg2Mzh8&ixlib=rb-4.1.0&q=80&w=1080', '<p>New Arrivals\n\nPhoto by Tim Mossholder on Unsplash</p>\n                <p>Photo by Tim Mossholder on Unsplash</p>'),
(4, 2, 'https://images.unsplash.com/photo-1613069508209-a695e607bd2d?crop=entropy&cs=tinysrgb&fit=max&fm=jpg&ixid=M3w3NTg5MjV8MHwxfHJhbmRvbXx8fHx8fHx8fDE3NDg4NTg2Mzh8&ixlib=rb-4.1.0&q=80&w=1080', '<p>一張關於vinyl records collection的圖片\n\nPhoto by Umanoide on Unsplash</p>\n                <p>Photo by Umanoide on Unsplash</p>'),
(5, 3, 'https://images.unsplash.com/photo-1526270100824-f033a2377d62?crop=entropy&cs=tinysrgb&fit=max&fm=jpg&ixid=M3w3NTg5MjV8MHwxfHJhbmRvbXx8fHx8fHx8fDE3NDg4NTg2Nzd8&ixlib=rb-4.1.0&q=80&w=1080', '<p>一張關於vinyl disc的圖片\n\nPhoto by Jace & Afsoon on Unsplash</p>\n                <p>Photo by Jace & Afsoon on Unsplash</p>'),
(6, 4, 'https://images.unsplash.com/reserve/HwHDcyQARvK6rFF84VT8_15154010855_3ac36f3e56_o.jpg?crop=entropy&cs=tinysrgb&fit=max&fm=jpg&ixid=M3w3NTg5MjV8MHwxfHJhbmRvbXx8fHx8fHx8fDE3NDg4NTg3MDV8&ixlib=rb-4.1.0&q=80&w=1080', '<p>一張關於vinyl records collection的圖片\n\nPhoto by Amador Loureiro on Unsplash</p>\n                <p>Photo by Amador Loureiro on Unsplash</p>'),
(7, 4, 'https://images.unsplash.com/photo-1511735111819-9a3f7709049c?crop=entropy&cs=tinysrgb&fit=max&fm=jpg&ixid=M3w3NTg5MjV8MHwxfHJhbmRvbXx8fHx8fHx8fDE3NDg4NTg3MDV8&ixlib=rb-4.1.0&q=80&w=1080', '<p>一張關於vinyl music的圖片\n\nPhoto by Natalie Cardona on Unsplash</p>\n                <p>Photo by Natalie Cardona on Unsplash</p>'),
(8, 5, 'https://images.unsplash.com/photo-1470225620780-dba8ba36b745?crop=entropy&cs=tinysrgb&fit=max&fm=jpg&ixid=M3w3NTg5MjV8MHwxfHJhbmRvbXx8fHx8fHx8fDE3NDg4NTg3MjN8&ixlib=rb-4.1.0&q=80&w=1080', '<p>DJ at work\n\nPhoto by Marcela Laskoski on Unsplash</p>\n                <p>Photo by Marcela Laskoski on Unsplash</p>'),
(9, 5, 'https://images.unsplash.com/photo-1698074890098-63d01b33ccfd?crop=entropy&cs=tinysrgb&fit=max&fm=jpg&ixid=M3w3NTg5MjV8MHwxfHJhbmRvbXx8fHx8fHx8fDE3NDg4NTg3MjN8&ixlib=rb-4.1.0&q=80&w=1080', '<p>3d Render made in Blender 3.6\n\nPhoto by Brendan Sapp on Unsplash</p>\n                <p>Photo by Brendan Sapp on Unsplash</p>'),
(10, 6, 'https://images.unsplash.com/photo-1641534385837-0cb316053d2e?crop=entropy&cs=tinysrgb&fit=max&fm=jpg&ixid=M3w3NTg5MjV8MHwxfHJhbmRvbXx8fHx8fHx8fDE3NDg4NTg3NDl8&ixlib=rb-4.1.0&q=80&w=1080', '<p>YUMING - PEARL PIERCE (1982)\n\nPhoto by COSMOH LOVE on Unsplash</p>\n                <p>Photo by COSMOH LOVE on Unsplash</p>'),
(11, 6, 'https://images.unsplash.com/photo-1651763088662-bd21a442d1f7?crop=entropy&cs=tinysrgb&fit=max&fm=jpg&ixid=M3w3NTg5MjV8MHwxfHJhbmRvbXx8fHx8fHx8fDE3NDg4NTg3NTB8&ixlib=rb-4.1.0&q=80&w=1080', '<p>A female DJ on a vinyl turntable.\n\nPhoto by Mika Baumeister on Unsplash</p>\n                <p>Photo by Mika Baumeister on Unsplash</p>'),
(12, 7, 'https://images.unsplash.com/photo-1526270100824-f033a2377d62?crop=entropy&cs=tinysrgb&fit=max&fm=jpg&ixid=M3w3NTg5MjV8MHwxfHJhbmRvbXx8fHx8fHx8fDE3NDg4NTg4MTB8&ixlib=rb-4.1.0&q=80&w=1080', '<p>一張關於vinyl music的圖片\n\nPhoto by Jace & Afsoon on Unsplash</p>\n                <p>Photo by Jace & Afsoon on Unsplash</p>'),
(13, 7, 'https://images.unsplash.com/photo-1669137230578-b4dd495092b0?crop=entropy&cs=tinysrgb&fit=max&fm=jpg&ixid=M3w3NTg5MjV8MHwxfHJhbmRvbXx8fHx8fHx8fDE3NDg4NTg4MTF8&ixlib=rb-4.1.0&q=80&w=1080', '<p>Old vintage matchbox\n\nPhoto by Salah Ait Mokhtar on Unsplash</p>\n                <p>Photo by Salah Ait Mokhtar on Unsplash</p>'),
(14, 7, 'https://images.unsplash.com/photo-1618972676849-feed401eacc5?crop=entropy&cs=tinysrgb&fit=max&fm=jpg&ixid=M3w3NTg5MjV8MHwxfHJhbmRvbXx8fHx8fHx8fDE3NDg4NTg4MTF8&ixlib=rb-4.1.0&q=80&w=1080', '<p>一張關於vinyl album的圖片\n\nPhoto by Joshua Olsen on Unsplash</p>\n                <p>Photo by Joshua Olsen on Unsplash</p>'),
(15, 8, 'https://images.unsplash.com/photo-1542728143-d9b537db6433?crop=entropy&cs=tinysrgb&fit=max&fm=jpg&ixid=M3w3NTg5MjV8MHwxfHJhbmRvbXx8fHx8fHx8fDE3NDg4NTg5Mjl8&ixlib=rb-4.1.0&q=80&w=1080', '<p>一張關於vinyl record的圖片\n\nPhoto by Oleg Ivanov on Unsplash</p>\n                <p>Photo by Oleg Ivanov on Unsplash</p>'),
(16, 9, 'https://images.unsplash.com/photo-1664935035360-d555a0a1151f?crop=entropy&cs=tinysrgb&fit=max&fm=jpg&ixid=M3w3NTg5MjV8MHwxfHJhbmRvbXx8fHx8fHx8fDE3NDg4NTg5NDZ8&ixlib=rb-4.1.0&q=80&w=1080', '<p>record stores are my happy photo place. don\'t bother me.\n\nPhoto by Mick Haupt on Unsplash</p>\n                <p>Photo by Mick Haupt on Unsplash</p>'),
(17, 10, 'https://images.unsplash.com/photo-1591221822042-8643a8cd6645?crop=entropy&cs=tinysrgb&fit=max&fm=jpg&ixid=M3w3NTg5MjV8MHwxfHJhbmRvbXx8fHx8fHx8fDE3NDg4NTg5NzZ8&ixlib=rb-4.1.0&q=80&w=1080', '<p>DJ at home\n\nPhoto by Christian Salas on Unsplash</p>\n                <p>Photo by Christian Salas on Unsplash</p>'),
(18, 11, 'https://images.unsplash.com/photo-1663687358487-5e5b6a3f8da3?crop=entropy&cs=tinysrgb&fit=max&fm=jpg&ixid=M3w3NTg5MjV8MHwxfHJhbmRvbXx8fHx8fHx8fDE3NDg4NjMyNjJ8&ixlib=rb-4.1.0&q=80&w=1080', '<p>Vinyl - Mercado das Pulgas (Buenos Aires, AR)\n\nPhoto by Danilo Packer on Unsplash</p>\n                <p>Photo by Danilo Packer on Unsplash</p>'),
(19, 12, 'https://images.unsplash.com/photo-1534170007788-fc3fa9456d11?crop=entropy&cs=tinysrgb&fit=max&fm=jpg&ixid=M3w3NTg5MjV8MHwxfHJhbmRvbXx8fHx8fHx8fDE3NDg4NjMyNzF8&ixlib=rb-4.1.0&q=80&w=1080', '<p>Ca$h For Gold\n\nPhoto by Chris Benson on Unsplash</p>\n                <p>Photo by Chris Benson on Unsplash</p>'),
(20, 12, 'https://images.unsplash.com/photo-1618972678240-e1b00a6454ba?crop=entropy&cs=tinysrgb&fit=max&fm=jpg&ixid=M3w3NTg5MjV8MHwxfHJhbmRvbXx8fHx8fHx8fDE3NDg4NjMyNzJ8&ixlib=rb-4.1.0&q=80&w=1080', '<p>一張關於record store的圖片\n\nPhoto by Joshua Olsen on Unsplash</p>\n                <p>Photo by Joshua Olsen on Unsplash</p>'),
(21, 12, 'https://images.unsplash.com/photo-1511495656130-1dafb0ba8f28?crop=entropy&cs=tinysrgb&fit=max&fm=jpg&ixid=M3w3NTg5MjV8MHwxfHJhbmRvbXx8fHx8fHx8fDE3NDg4NjMyNzJ8&ixlib=rb-4.1.0&q=80&w=1080', '<p>一張關於record store的圖片\n\nPhoto by Drew Beamer on Unsplash</p>\n                <p>Photo by Drew Beamer on Unsplash</p>'),
(22, 13, 'https://images.unsplash.com/photo-1653473672408-5d2d68fa1278?crop=entropy&cs=tinysrgb&fit=max&fm=jpg&ixid=M3w3NTg5MjV8MHwxfHJhbmRvbXx8fHx8fHx8fDE3NDg4NjMyODd8&ixlib=rb-4.1.0&q=80&w=1080', '<p>一張關於vinyl disc的圖片\n\nPhoto by Dima Junglist on Unsplash</p>\n                <p>Photo by Dima Junglist on Unsplash</p>'),
(23, 13, 'https://images.unsplash.com/photo-1461784180009-21121b2f204c?crop=entropy&cs=tinysrgb&fit=max&fm=jpg&ixid=M3w3NTg5MjV8MHwxfHJhbmRvbXx8fHx8fHx8fDE3NDg4NjMyODh8&ixlib=rb-4.1.0&q=80&w=1080', '<p>一張關於turntable的圖片\n\nPhoto by Gabriel Barletta on Unsplash</p>\n                <p>Photo by Gabriel Barletta on Unsplash</p>'),
(24, 13, 'https://images.unsplash.com/photo-1730207350449-0bd865b31b07?crop=entropy&cs=tinysrgb&fit=max&fm=jpg&ixid=M3w3NTg5MjV8MHwxfHJhbmRvbXx8fHx8fHx8fDE3NDg4NjMyODh8&ixlib=rb-4.1.0&q=80&w=1080', '<p>Sleazy Listening section at the record shop\n\nPhoto by Barbara Burgess on Unsplash</p>\n                <p>Photo by Barbara Burgess on Unsplash</p>'),
(25, 14, 'https://images.unsplash.com/5/unsplash-kitsune-4.jpg?crop=entropy&cs=tinysrgb&fit=max&fm=jpg&ixid=M3w3NTg5MjV8MHwxfHJhbmRvbXx8fHx8fHx8fDE3NDg4NjMzMDZ8&ixlib=rb-4.1.0&q=80&w=1080', '<p>Taken at a small coffee shop down the street from our first office, this was one of the original photos for Unsplash.\n\nPhoto by Luke Chesser on Unsplash</p>\n                <p>Photo by Luke Chesser on Unsplash</p>'),
(26, 15, 'https://images.unsplash.com/photo-1605731414532-6b26976cc153?crop=entropy&cs=tinysrgb&fit=max&fm=jpg&ixid=M3w3NTg5MjV8MHwxfHJhbmRvbXx8fHx8fHx8fDE3NDg4NjMzNjB8&ixlib=rb-4.1.0&q=80&w=1080', '<p>music\n\nPhoto by hosein zanbori on Unsplash</p>\n                <p>Photo by hosein zanbori on Unsplash</p>'),
(27, 15, 'https://images.unsplash.com/photo-1512509817826-2f35492fe934?crop=entropy&cs=tinysrgb&fit=max&fm=jpg&ixid=M3w3NTg5MjV8MHwxfHJhbmRvbXx8fHx8fHx8fDE3NDg4NjMzNjB8&ixlib=rb-4.1.0&q=80&w=1080', '<p>一張關於record store的圖片\n\nPhoto by Phillip Blocker on Unsplash</p>\n                <p>Photo by Phillip Blocker on Unsplash</p>'),
(28, 15, 'https://images.unsplash.com/photo-1530270392869-7e99d345638f?crop=entropy&cs=tinysrgb&fit=max&fm=jpg&ixid=M3w3NTg5MjV8MHwxfHJhbmRvbXx8fHx8fHx8fDE3NDg4NjMzNjF8&ixlib=rb-4.1.0&q=80&w=1080', '<p>Vinyl Love\n\nPhoto by Ingo Ellerbusch on Unsplash</p>\n                <p>Photo by Ingo Ellerbusch on Unsplash</p>'),
(29, 16, 'https://images.unsplash.com/photo-1554583336-5454fe0583e7?crop=entropy&cs=tinysrgb&fit=max&fm=jpg&ixid=M3w3NTg5MjV8MHwxfHJhbmRvbXx8fHx8fHx8fDE3NDg4NjM0MTF8&ixlib=rb-4.1.0&q=80&w=1080', '<p>一張關於vinyl disc的圖片\n\nPhoto by Jp Valery on Unsplash</p>\n                <p>Photo by Jp Valery on Unsplash</p>'),
(30, 17, 'https://images.unsplash.com/photo-1500561135411-5d4758cf66f8?crop=entropy&cs=tinysrgb&fit=max&fm=jpg&ixid=M3w3NTg5MjV8MHwxfHJhbmRvbXx8fHx8fHx8fDE3NDg4NjM1MDh8&ixlib=rb-4.1.0&q=80&w=1080', '<p>Close up to microphone\n\nPhoto by CHUTTERSNAP on Unsplash</p>\n                <p>Photo by CHUTTERSNAP on Unsplash</p>'),
(31, 17, 'https://images.unsplash.com/photo-1520354127549-fcecfe79d058?crop=entropy&cs=tinysrgb&fit=max&fm=jpg&ixid=M3w3NTg5MjV8MHwxfHJhbmRvbXx8fHx8fHx8fDE3NDg4NjM1MDl8&ixlib=rb-4.1.0&q=80&w=1080', '<p>Vinyl Records\n\nPhoto by Vincent Chan on Unsplash</p>\n                <p>Photo by Vincent Chan on Unsplash</p>'),
(32, 18, 'https://images.unsplash.com/photo-1491848128688-e0c30289e89f?crop=entropy&cs=tinysrgb&fit=max&fm=jpg&ixid=M3w3NTg5MjV8MHwxfHJhbmRvbXx8fHx8fHx8fDE3NDg4NjM1MzN8&ixlib=rb-4.1.0&q=80&w=1080', '<p>That feeling when you are a Generation Y kid and you kind of adapted pretty thoroughly to modern times but you still get struck with feelings of nostalgia everytime you see something from older times. Also, when this is music-related, the feeling intensifies almost unbearingly. It’s okay though, we made a day of it and we came home happy.\n\nPhoto by Mitchel Lensink on Unsplash</p>\n                <p>Photo by Mitchel Lensink on Unsplash</p>'),
(33, 18, 'https://images.unsplash.com/photo-1614613535308-eb5fbd3d2c17?crop=entropy&cs=tinysrgb&fit=max&fm=jpg&ixid=M3w3NTg5MjV8MHwxfHJhbmRvbXx8fHx8fHx8fDE3NDg4NjM1MzR8&ixlib=rb-4.1.0&q=80&w=1080', '<p>一張關於vinyl record的圖片\n\nPhoto by Seyi Ariyo on Unsplash</p>\n                <p>Photo by Seyi Ariyo on Unsplash</p>'),
(34, 18, 'https://images.unsplash.com/photo-1611484655556-9a86a0cf109b?crop=entropy&cs=tinysrgb&fit=max&fm=jpg&ixid=M3w3NTg5MjV8MHwxfHJhbmRvbXx8fHx8fHx8fDE3NDg4NjM1MzR8&ixlib=rb-4.1.0&q=80&w=1080', '<p>一張關於record player的圖片\n\nPhoto by Samuel Regan-Asante on Unsplash</p>\n                <p>Photo by Samuel Regan-Asante on Unsplash</p>'),
(35, 19, 'https://images.unsplash.com/photo-1489838720009-3286c4293fda?crop=entropy&cs=tinysrgb&fit=max&fm=jpg&ixid=M3w3NTg5MjV8MHwxfHJhbmRvbXx8fHx8fHx8fDE3NDg4NjM1NjB8&ixlib=rb-4.1.0&q=80&w=1080', '<p>Nancy record label shop items\n\nPhoto by David Grandmougin on Unsplash</p>\n                <p>Photo by David Grandmougin on Unsplash</p>'),
(36, 19, 'https://images.unsplash.com/photo-1616663395731-d70897355fd8?crop=entropy&cs=tinysrgb&fit=max&fm=jpg&ixid=M3w3NTg5MjV8MHwxfHJhbmRvbXx8fHx8fHx8fDE3NDg4NjM1NjB8&ixlib=rb-4.1.0&q=80&w=1080', '<p>Young man holding a vinyl album cover in front of his collection. \n\nPhoto by Jonas Leupe on Unsplash</p>\n                <p>Photo by Jonas Leupe on Unsplash</p>'),
(37, 20, 'https://images.unsplash.com/photo-1494914656837-44eb36fe5471?crop=entropy&cs=tinysrgb&fit=max&fm=jpg&ixid=M3w3NTg5MjV8MHwxfHJhbmRvbXx8fHx8fHx8fDE3NDg4NjM1OTB8&ixlib=rb-4.1.0&q=80&w=1080', '<p>Bob\n\nPhoto by Sara Rolin on Unsplash</p>\n                <p>Photo by Sara Rolin on Unsplash</p>'),
(38, 20, 'https://images.unsplash.com/photo-1580537659053-7d38f300118c?crop=entropy&cs=tinysrgb&fit=max&fm=jpg&ixid=M3w3NTg5MjV8MHwxfHJhbmRvbXx8fHx8fHx8fDE3NDg4NjM1OTB8&ixlib=rb-4.1.0&q=80&w=1080', '<p>一張關於record store的圖片\n\nPhoto by Shunya Koide on Unsplash</p>\n                <p>Photo by Shunya Koide on Unsplash</p>'),
(39, 21, 'https://images.unsplash.com/photo-1531425918464-838093179bd4?crop=entropy&cs=tinysrgb&fit=max&fm=jpg&ixid=M3w3NTg5MjV8MHwxfHJhbmRvbXx8fHx8fHx8fDE3NDg4NjQ0MzV8&ixlib=rb-4.1.0&q=80&w=1080', '<p>DJ Setup\n\nPhoto by Volodymyr Proskurovskyi on Unsplash</p>\n                <p>Photo by Volodymyr Proskurovskyi on Unsplash</p>'),
(40, 21, 'https://images.unsplash.com/photo-1580656449278-e8381933522c?crop=entropy&cs=tinysrgb&fit=max&fm=jpg&ixid=M3w3NTg5MjV8MHwxfHJhbmRvbXx8fHx8fHx8fDE3NDg4NjQ0MzV8&ixlib=rb-4.1.0&q=80&w=1080', '<p>Long play record on yellow background\n\nPhoto by Immo Wegmann on Unsplash</p>\n                <p>Photo by Immo Wegmann on Unsplash</p>'),
(41, 22, 'https://images.unsplash.com/photo-1473646590311-c48e1bc77b44?crop=entropy&cs=tinysrgb&fit=max&fm=jpg&ixid=M3w3NTg5MjV8MHwxfHJhbmRvbXx8fHx8fHx8fDE3NDg4NjQ0NDR8&ixlib=rb-4.1.0&q=80&w=1080', '<p>Spinnin’ Record\n\nPhoto by Jack Hamilton on Unsplash</p>\n                <p>Photo by Jack Hamilton on Unsplash</p>'),
(42, 22, 'https://images.unsplash.com/photo-1618416094752-977e845b237a?crop=entropy&cs=tinysrgb&fit=max&fm=jpg&ixid=M3w3NTg5MjV8MHwxfHJhbmRvbXx8fHx8fHx8fDE3NDg4NjQ0NDR8&ixlib=rb-4.1.0&q=80&w=1080', '<p>Vinyl: Healing Force Project - Strange Apparitions In My Recording Room\n\nPhoto by Miguel Ferreira on Unsplash</p>\n                <p>Photo by Miguel Ferreira on Unsplash</p>'),
(43, 23, 'https://images.unsplash.com/photo-1527545072428-eb6e6f9ccd7e?crop=entropy&cs=tinysrgb&fit=max&fm=jpg&ixid=M3w3NTg5MjV8MHwxfHJhbmRvbXx8fHx8fHx8fDE3NDg4NjQ0NTR8&ixlib=rb-4.1.0&q=80&w=1080', '<p>Good design is…\n\nPhoto by Sherzod Max on Unsplash</p>\n                <p>Photo by Sherzod Max on Unsplash</p>'),
(44, 24, 'https://images.unsplash.com/photo-1467916971207-e78d69dbe744?crop=entropy&cs=tinysrgb&fit=max&fm=jpg&ixid=M3w3NTg5MjV8MHwxfHJhbmRvbXx8fHx8fHx8fDE3NDg4NjQ0NjV8&ixlib=rb-4.1.0&q=80&w=1080', '<p>Turn table on windowsill\n\nPhoto by Emma Frances Logan on Unsplash</p>\n                <p>Photo by Emma Frances Logan on Unsplash</p>'),
(45, 24, 'https://images.unsplash.com/photo-1452639443105-5c82ffe4a1da?crop=entropy&cs=tinysrgb&fit=max&fm=jpg&ixid=M3w3NTg5MjV8MHwxfHJhbmRvbXx8fHx8fHx8fDE3NDg4NjQ0NjV8&ixlib=rb-4.1.0&q=80&w=1080', '<p>Man with Queen vinyls\n\nPhoto by Roman Kraft on Unsplash</p>\n                <p>Photo by Roman Kraft on Unsplash</p>'),
(46, 24, 'https://images.unsplash.com/photo-1581297848080-c84ac0438210?crop=entropy&cs=tinysrgb&fit=max&fm=jpg&ixid=M3w3NTg5MjV8MHwxfHJhbmRvbXx8fHx8fHx8fDE3NDg4NjQ0NjZ8&ixlib=rb-4.1.0&q=80&w=1080', '<p>一張關於vinyl record的圖片\n\nPhoto by Mike Von on Unsplash</p>\n                <p>Photo by Mike Von on Unsplash</p>'),
(47, 25, 'https://images.unsplash.com/photo-1609721560092-1922ac65544e?crop=entropy&cs=tinysrgb&fit=max&fm=jpg&ixid=M3w3NTg5MjV8MHwxfHJhbmRvbXx8fHx8fHx8fDE3NDg4NjQ0OTR8&ixlib=rb-4.1.0&q=80&w=1080', '<p>vinyl, record, record player, audio, music\n\nPhoto by Maurício Guardiano on Unsplash</p>\n                <p>Photo by Maurício Guardiano on Unsplash</p>'),
(48, 25, 'https://images.unsplash.com/photo-1481358758723-4601c3107e65?crop=entropy&cs=tinysrgb&fit=max&fm=jpg&ixid=M3w3NTg5MjV8MHwxfHJhbmRvbXx8fHx8fHx8fDE3NDg4NjQ0OTR8&ixlib=rb-4.1.0&q=80&w=1080', '<p>Rummaging for some tunes\n\nPhoto by Clem Onojeghuo on Unsplash</p>\n                <p>Photo by Clem Onojeghuo on Unsplash</p>'),
(49, 25, 'https://images.unsplash.com/photo-1526327760257-75f515c74478?crop=entropy&cs=tinysrgb&fit=max&fm=jpg&ixid=M3w3NTg5MjV8MHwxfHJhbmRvbXx8fHx8fHx8fDE3NDg4NjQ0OTR8&ixlib=rb-4.1.0&q=80&w=1080', '<p>Listen to old music !\n\nPhoto by Luana De Marco on Unsplash</p>\n                <p>Photo by Luana De Marco on Unsplash</p>'),
(50, 26, 'https://images.unsplash.com/photo-1530021276530-c3f61582bbc8?crop=entropy&cs=tinysrgb&fit=max&fm=jpg&ixid=M3w3NTg5MjV8MHwxfHJhbmRvbXx8fHx8fHx8fDE3NDg4NjQ1NDd8&ixlib=rb-4.1.0&q=80&w=1080', '<p>Music for the soul\n\nPhoto by Joshua Ellish on Unsplash</p>\n                <p>Photo by Joshua Ellish on Unsplash</p>'),
(51, 26, 'https://images.unsplash.com/photo-1503683759663-762ec9716627?crop=entropy&cs=tinysrgb&fit=max&fm=jpg&ixid=M3w3NTg5MjV8MHwxfHJhbmRvbXx8fHx8fHx8fDE3NDg4NjQ1NDh8&ixlib=rb-4.1.0&q=80&w=1080', '<p>一張關於vinyl music的圖片\n\nPhoto by Joseph Pearson on Unsplash</p>\n                <p>Photo by Joseph Pearson on Unsplash</p>'),
(52, 26, 'https://images.unsplash.com/photo-1483412033650-1015ddeb83d1?crop=entropy&cs=tinysrgb&fit=max&fm=jpg&ixid=M3w3NTg5MjV8MHwxfHJhbmRvbXx8fHx8fHx8fDE3NDg5NTE5MDh8&ixlib=rb-4.1.0&q=80&w=1080', '<p>Vinyl + Grado Headphones</p>\n<p>Photo by blocks on Unsplash</p>'),
(53, 27, 'https://images.unsplash.com/photo-1624895036835-6e7880ed118d?crop=entropy&cs=tinysrgb&fit=max&fm=jpg&ixid=M3w3NTg5MjV8MHwxfHJhbmRvbXx8fHx8fHx8fDE3NDg5NTE5MTB8&ixlib=rb-4.1.0&q=80&w=1080', '<p>The good old times of analogue music. Guess what\'s on the turntable...</p>\n<p>Photo by Peter Kasprzyk on Unsplash</p>'),
(54, 27, 'https://images.unsplash.com/photo-1679658430346-ebb9d485abe4?crop=entropy&cs=tinysrgb&fit=max&fm=jpg&ixid=M3w3NTg5MjV8MHwxfHJhbmRvbXx8fHx8fHx8fDE3NDg5NTE5MTN8&ixlib=rb-4.1.0&q=80&w=1080', '<p>一張關於vinyl disc的圖片</p>\n<p>Photo by Chris Rosiak on Unsplash</p>'),
(55, 28, 'https://images.unsplash.com/photo-1530915534664-4ac6423816b7?crop=entropy&cs=tinysrgb&fit=max&fm=jpg&ixid=M3w3NTg5MjV8MHwxfHJhbmRvbXx8fHx8fHx8fDE3NDg5NTE5MTZ8&ixlib=rb-4.1.0&q=80&w=1080', '<p>PLAY BALL?</p>\n<p>Photo by John Fornander on Unsplash</p>'),
(56, 28, 'https://images.unsplash.com/photo-1611484655556-9a86a0cf109b?crop=entropy&cs=tinysrgb&fit=max&fm=jpg&ixid=M3w3NTg5MjV8MHwxfHJhbmRvbXx8fHx8fHx8fDE3NDg5NTE5MTl8&ixlib=rb-4.1.0&q=80&w=1080', '<p>一張關於record player的圖片</p>\n<p>Photo by Samuel Regan-Asante on Unsplash</p>'),
(57, 29, 'https://images.unsplash.com/photo-1528302137539-73565e0ab964?crop=entropy&cs=tinysrgb&fit=max&fm=jpg&ixid=M3w3NTg5MjV8MHwxfHJhbmRvbXx8fHx8fHx8fDE3NDg5NTE5MjJ8&ixlib=rb-4.1.0&q=80&w=1080', '<p>On my free days, I usually explore through New York City to find out the best hole in the wall spots and to meet different people. I always love finding different vinyl stores…even if I don’t have a turn table. Ha!</p>\n<p>Photo by Danica Tanjutco on Unsplash</p>'),
(58, 29, 'https://images.unsplash.com/photo-1567093614516-849c1923e122?crop=entropy&cs=tinysrgb&fit=max&fm=jpg&ixid=M3w3NTg5MjV8MHwxfHJhbmRvbXx8fHx8fHx8fDE3NDg5NTE5MjR8&ixlib=rb-4.1.0&q=80&w=1080', '<p>一張關於vinyl collection的圖片</p>\n<p>Photo by Nihal Demirci on Unsplash</p>'),
(59, 30, 'https://images.unsplash.com/photo-1513746469853-a03fc9a0d6ec?crop=entropy&cs=tinysrgb&fit=max&fm=jpg&ixid=M3w3NTg5MjV8MHwxfHJhbmRvbXx8fHx8fHx8fDE3NDg5NTE5Mjd8&ixlib=rb-4.1.0&q=80&w=1080', '<p>一張關於record player的圖片</p>\n<p>Photo by Priscilla Du Preez 🇨🇦 on Unsplash</p>'),
(60, 30, 'https://images.unsplash.com/photo-1534445817031-c529c7186f30?crop=entropy&cs=tinysrgb&fit=max&fm=jpg&ixid=M3w3NTg5MjV8MHwxfHJhbmRvbXx8fHx8fHx8fDE3NDg5NTE5MzB8&ixlib=rb-4.1.0&q=80&w=1080', '<p>Dead Language</p>\n<p>Photo by Marc-Olivier Paquin on Unsplash</p>'),
(61, 30, 'https://images.unsplash.com/photo-1603373362725-47eb708d7b78?crop=entropy&cs=tinysrgb&fit=max&fm=jpg&ixid=M3w3NTg5MjV8MHwxfHJhbmRvbXx8fHx8fHx8fDE3NDg5NTE5MzJ8&ixlib=rb-4.1.0&q=80&w=1080', '<p>One of my favorite record stores on the planet. Lots of stuff to look at and music in every form...tapes, CDs, vinyl...and stuff to play it on.</p>\n<p>Photo by Mick Haupt on Unsplash</p>'),
(62, 31, 'https://images.unsplash.com/photo-1544462415-5c4e1062755a?crop=entropy&cs=tinysrgb&fit=max&fm=jpg&ixid=M3w3NTg5MjV8MHwxfHJhbmRvbXx8fHx8fHx8fDE3NDg5NTIxNDN8&ixlib=rb-4.1.0&q=80&w=1080', '<p>Records are making a comeback. There are so many styles you could try to capture in a record store, but rarely does a record have on it “the one and only” to describe an artist. Not just any artist too, the one and only Glenn Miller.</p>\n<p>Photo by Mick Haupt on Unsplash</p>'),
(63, 31, 'https://images.unsplash.com/photo-1458560871784-56d23406c091?crop=entropy&cs=tinysrgb&fit=max&fm=jpg&ixid=M3w3NTg5MjV8MHwxfHJhbmRvbXx8fHx8fHx8fDE3NDg5NTIxNDV8&ixlib=rb-4.1.0&q=80&w=1080', '<p>一張關於record player setup的圖片</p>\n<p>Photo by Adrian Korte on Unsplash</p>'),
(64, 32, 'https://images.unsplash.com/photo-1618972677266-ce46571ce15e?crop=entropy&cs=tinysrgb&fit=max&fm=jpg&ixid=M3w3NTg5MjV8MHwxfHJhbmRvbXx8fHx8fHx8fDE3NDg5NTIxNDh8&ixlib=rb-4.1.0&q=80&w=1080', '<p>一張關於vinyl records collection的圖片</p>\n<p>Photo by Joshua Olsen on Unsplash</p>'),
(65, 33, 'https://images.unsplash.com/photo-1621542865967-e5166de4e451?crop=entropy&cs=tinysrgb&fit=max&fm=jpg&ixid=M3w3NTg5MjV8MHwxfHJhbmRvbXx8fHx8fHx8fDE3NDg4NjU5NTB8&ixlib=rb-4.1.0&q=80&w=1080', '<p>The SoundLab. February, 2021.\n\nPhoto by Matthew Moloney on Unsplash</p>\n                <p>Photo by Matthew Moloney on Unsplash</p>'),
(66, 34, 'https://images.unsplash.com/photo-1536640655660-d13d0f29867b?crop=entropy&cs=tinysrgb&fit=max&fm=jpg&ixid=M3w3NTg5MjV8MHwxfHJhbmRvbXx8fHx8fHx8fDE3NDg4NjU5NTh8&ixlib=rb-4.1.0&q=80&w=1080', '<p>tales from the record store\n\nPhoto by Haley Lawrence on Unsplash</p>\n                <p>Photo by Haley Lawrence on Unsplash</p>'),
(67, 34, 'https://images.unsplash.com/photo-1471029093449-ca61fffdc2af?crop=entropy&cs=tinysrgb&fit=max&fm=jpg&ixid=M3w3NTg5MjV8MHwxfHJhbmRvbXx8fHx8fHx8fDE3NDg4NjU5NTh8&ixlib=rb-4.1.0&q=80&w=1080', '<p>Playing a new vinyl\n\nPhoto by Lee  Campbell on Unsplash</p>\n                <p>Photo by Lee  Campbell on Unsplash</p>'),
(68, 35, 'https://images.unsplash.com/photo-1554583336-04e5635e7b13?crop=entropy&cs=tinysrgb&fit=max&fm=jpg&ixid=M3w3NTg5MjV8MHwxfHJhbmRvbXx8fHx8fHx8fDE3NDg4NjU5NjV8&ixlib=rb-4.1.0&q=80&w=1080', '<p>一張關於vinyl disc的圖片\n\nPhoto by Jp Valery on Unsplash</p>\n                <p>Photo by Jp Valery on Unsplash</p>'),
(69, 36, 'https://images.unsplash.com/photo-1616663395403-2e0052b8e595?crop=entropy&cs=tinysrgb&fit=max&fm=jpg&ixid=M3w3NTg5MjV8MHwxfHJhbmRvbXx8fHx8fHx8fDE3NDg4NjU5NzF8&ixlib=rb-4.1.0&q=80&w=1080', '<p>Young man holding a vinyl album cover in front of his collection. \n\nPhoto by Jonas Leupe on Unsplash</p>\n                <p>Photo by Jonas Leupe on Unsplash</p>'),
(70, 37, 'https://images.unsplash.com/photo-1489068461847-2fe69e5a5555?crop=entropy&cs=tinysrgb&fit=max&fm=jpg&ixid=M3w3NTg5MjV8MHwxfHJhbmRvbXx8fHx8fHx8fDE3NDg4NjU5Nzh8&ixlib=rb-4.1.0&q=80&w=1080', '<p>have you seen this!\n\nPhoto by Giovanni Randisi on Unsplash</p>\n                <p>Photo by Giovanni Randisi on Unsplash</p>'),
(71, 37, 'https://images.unsplash.com/photo-1664935035717-3a47679ef7c4?crop=entropy&cs=tinysrgb&fit=max&fm=jpg&ixid=M3w3NTg5MjV8MHwxfHJhbmRvbXx8fHx8fHx8fDE3NDg4NjU5Nzl8&ixlib=rb-4.1.0&q=80&w=1080', '<p>record stores are my happy photo place. don\'t bother me.\n\nPhoto by Mick Haupt on Unsplash</p>\n                <p>Photo by Mick Haupt on Unsplash</p>'),
(72, 38, 'https://images.unsplash.com/photo-1530270392869-7e99d345638f?crop=entropy&cs=tinysrgb&fit=max&fm=jpg&ixid=M3w3NTg5MjV8MHwxfHJhbmRvbXx8fHx8fHx8fDE3NDg4NjU5OTR8&ixlib=rb-4.1.0&q=80&w=1080', '<p>Vinyl Love\n\nPhoto by Ingo Ellerbusch on Unsplash</p>\n                <p>Photo by Ingo Ellerbusch on Unsplash</p>'),
(73, 39, 'https://images.unsplash.com/photo-1536640655660-d13d0f29867b?crop=entropy&cs=tinysrgb&fit=max&fm=jpg&ixid=M3w3NTg5MjV8MHwxfHJhbmRvbXx8fHx8fHx8fDE3NDg4NjYwMDd8&ixlib=rb-4.1.0&q=80&w=1080', '<p>tales from the record store\n\nPhoto by Haley Lawrence on Unsplash</p>\n                <p>Photo by Haley Lawrence on Unsplash</p>'),
(74, 39, 'https://images.unsplash.com/photo-1520354127549-fcecfe79d058?crop=entropy&cs=tinysrgb&fit=max&fm=jpg&ixid=M3w3NTg5MjV8MHwxfHJhbmRvbXx8fHx8fHx8fDE3NDg4NjYwMDh8&ixlib=rb-4.1.0&q=80&w=1080', '<p>Vinyl Records\n\nPhoto by Vincent Chan on Unsplash</p>\n                <p>Photo by Vincent Chan on Unsplash</p>'),
(75, 40, 'https://images.unsplash.com/photo-1609721560092-1922ac65544e?crop=entropy&cs=tinysrgb&fit=max&fm=jpg&ixid=M3w3NTg5MjV8MHwxfHJhbmRvbXx8fHx8fHx8fDE3NDg4NjYwMTR8&ixlib=rb-4.1.0&q=80&w=1080', '<p>vinyl, record, record player, audio, music\n\nPhoto by Maurício Guardiano on Unsplash</p>\n                <p>Photo by Maurício Guardiano on Unsplash</p>'),
(76, 41, 'https://images.unsplash.com/photo-1519619091416-f5d7e5200702?crop=entropy&cs=tinysrgb&fit=max&fm=jpg&ixid=M3w3NTg5MjV8MHwxfHJhbmRvbXx8fHx8fHx8fDE3NDg4NjYwMjN8&ixlib=rb-4.1.0&q=80&w=1080', '<p>一張關於record player setup的圖片\n\nPhoto by Mildly Useful on Unsplash</p>\n                <p>Photo by Mildly Useful on Unsplash</p>'),
(77, 41, 'https://images.unsplash.com/photo-1489838720009-3286c4293fda?crop=entropy&cs=tinysrgb&fit=max&fm=jpg&ixid=M3w3NTg5MjV8MHwxfHJhbmRvbXx8fHx8fHx8fDE3NDg4NjYwMjN8&ixlib=rb-4.1.0&q=80&w=1080', '<p>Nancy record label shop items\n\nPhoto by David Grandmougin on Unsplash</p>\n                <p>Photo by David Grandmougin on Unsplash</p>'),
(78, 41, 'https://images.unsplash.com/photo-1461360228754-6e81c478b882?crop=entropy&cs=tinysrgb&fit=max&fm=jpg&ixid=M3w3NTg5MjV8MHwxfHJhbmRvbXx8fHx8fHx8fDE3NDg4NjYwMjR8&ixlib=rb-4.1.0&q=80&w=1080', '<p>Vinyl collection at a record store\n\nPhoto by Mr Cup / Fabien Barral on Unsplash</p>\n                <p>Photo by Mr Cup / Fabien Barral on Unsplash</p>'),
(79, 42, 'https://images.unsplash.com/photo-1651672818900-eac6696d4c09?crop=entropy&cs=tinysrgb&fit=max&fm=jpg&ixid=M3w3NTg5MjV8MHwxfHJhbmRvbXx8fHx8fHx8fDE3NDg4NjYwMzF8&ixlib=rb-4.1.0&q=80&w=1080', '<p>Record store day 2022 in DeLand, Florida.\n\nPhoto by Mick Haupt on Unsplash</p>\n                <p>Photo by Mick Haupt on Unsplash</p>'),
(80, 42, 'https://images.unsplash.com/photo-1524779709304-40b5a3560c60?crop=entropy&cs=tinysrgb&fit=max&fm=jpg&ixid=M3w3NTg5MjV8MHwxfHJhbmRvbXx8fHx8fHx8fDE3NDg4NjYwMzF8&ixlib=rb-4.1.0&q=80&w=1080', '<p>一張關於vinyl records collection的圖片\n\nPhoto by Jon Tyson on Unsplash</p>\n                <p>Photo by Jon Tyson on Unsplash</p>'),
(81, 43, 'https://images.unsplash.com/photo-1617745279890-6ffe02ea6ff1?crop=entropy&cs=tinysrgb&fit=max&fm=jpg&ixid=M3w3NTg5MjV8MHwxfHJhbmRvbXx8fHx8fHx8fDE3NDg4NjYxMjR8&ixlib=rb-4.1.0&q=80&w=1080', '<p>一張關於vinyl collection的圖片\n\nPhoto by Erik Mclean on Unsplash</p>\n                <p>Photo by Erik Mclean on Unsplash</p>'),
(82, 43, 'https://images.unsplash.com/photo-1542728143-d9b537db6433?crop=entropy&cs=tinysrgb&fit=max&fm=jpg&ixid=M3w3NTg5MjV8MHwxfHJhbmRvbXx8fHx8fHx8fDE3NDg4NjYxMjV8&ixlib=rb-4.1.0&q=80&w=1080', '<p>一張關於record player的圖片\n\nPhoto by Oleg Ivanov on Unsplash</p>\n                <p>Photo by Oleg Ivanov on Unsplash</p>'),
(83, 43, 'https://images.unsplash.com/photo-1531469543542-5f61e38b875b?crop=entropy&cs=tinysrgb&fit=max&fm=jpg&ixid=M3w3NTg5MjV8MHwxfHJhbmRvbXx8fHx8fHx8fDE3NDg4NjYxMjV8&ixlib=rb-4.1.0&q=80&w=1080', '<p>Vinyl\n\nPhoto by Volodymyr Proskurovskyi on Unsplash</p>\n                <p>Photo by Volodymyr Proskurovskyi on Unsplash</p>'),
(84, 44, 'https://images.unsplash.com/photo-1527600144894-bab91eebde7d?crop=entropy&cs=tinysrgb&fit=max&fm=jpg&ixid=M3w3NTg5MjV8MHwxfHJhbmRvbXx8fHx8fHx8fDE3NDg4NjYxMzN8&ixlib=rb-4.1.0&q=80&w=1080', '<p>practice shot on goal\n\nPhoto by Jeffrey F Lin on Unsplash</p>\n                <p>Photo by Jeffrey F Lin on Unsplash</p>'),
(85, 44, 'https://images.unsplash.com/photo-1452639479057-3f773899ab7d?crop=entropy&cs=tinysrgb&fit=max&fm=jpg&ixid=M3w3NTg5MjV8MHwxfHJhbmRvbXx8fHx8fHx8fDE3NDg4NjYxMzR8&ixlib=rb-4.1.0&q=80&w=1080', '<p>一張關於record player的圖片\n\nPhoto by Roman Kraft on Unsplash</p>\n                <p>Photo by Roman Kraft on Unsplash</p>'),
(86, 45, 'https://images.unsplash.com/photo-1567093614516-849c1923e122?crop=entropy&cs=tinysrgb&fit=max&fm=jpg&ixid=M3w3NTg5MjV8MHwxfHJhbmRvbXx8fHx8fHx8fDE3NDg4NjYxNDV8&ixlib=rb-4.1.0&q=80&w=1080', '<p>一張關於record store的圖片\n\nPhoto by Nihal Demirci on Unsplash</p>\n                <p>Photo by Nihal Demirci on Unsplash</p>'),
(87, 45, 'https://images.unsplash.com/photo-1521426895293-2ccb69ea8002?crop=entropy&cs=tinysrgb&fit=max&fm=jpg&ixid=M3w3NTg5MjV8MHwxfHJhbmRvbXx8fHx8fHx8fDE3NDg4NjYxNDV8&ixlib=rb-4.1.0&q=80&w=1080', '<p>Living Full\n\nPhoto by Emily Rudolph on Unsplash</p>\n                <p>Photo by Emily Rudolph on Unsplash</p>'),
(88, 46, 'https://images.unsplash.com/photo-1603048588665-791ca8aea617?crop=entropy&cs=tinysrgb&fit=max&fm=jpg&ixid=M3w3NTg5MjV8MHwxfHJhbmRvbXx8fHx8fHx8fDE3NDg4NjYxNTR8&ixlib=rb-4.1.0&q=80&w=1080', '<p>before Spotify was born.\n\nPhoto by Andrea Cipriani on Unsplash</p>\n                <p>Photo by Andrea Cipriani on Unsplash</p>'),
(89, 47, 'https://images.unsplash.com/photo-1473646590311-c48e1bc77b44?crop=entropy&cs=tinysrgb&fit=max&fm=jpg&ixid=M3w3NTg5MjV8MHwxfHJhbmRvbXx8fHx8fHx8fDE3NDg4NjYxNjN8&ixlib=rb-4.1.0&q=80&w=1080', '<p>Spinnin’ Record\n\nPhoto by Jack Hamilton on Unsplash</p>\n                <p>Photo by Jack Hamilton on Unsplash</p>'),
(90, 47, 'https://images.unsplash.com/photo-1601941195319-8dee9f03ed86?crop=entropy&cs=tinysrgb&fit=max&fm=jpg&ixid=M3w3NTg5MjV8MHwxfHJhbmRvbXx8fHx8fHx8fDE3NDg4NjYxNjN8&ixlib=rb-4.1.0&q=80&w=1080', '<p>一張關於vinyl album的圖片\n\nPhoto by Christina Rumpf on Unsplash</p>\n                <p>Photo by Christina Rumpf on Unsplash</p>'),
(91, 47, 'https://images.unsplash.com/photo-1561121587-28c15de34c17?crop=entropy&cs=tinysrgb&fit=max&fm=jpg&ixid=M3w3NTg5MjV8MHwxfHJhbmRvbXx8fHx8fHx8fDE3NDg4NjYxNjR8&ixlib=rb-4.1.0&q=80&w=1080', '<p>A Colorful Display of Vintage Books at a Local Used Bookstore in the Afternoon - The shelves are filled with a diverse collection of vintage books, showcasing varying sizes, colors, and languages. Some titles are well-worn, while others appear brand new, inviting readers to explore a multitude of subjects. The atmosphere is warm and cozy, perfect for book lovers.\n\nPhoto by Eric Prouzet on Unsplash</p>\n                <p>Photo by Eric Prouzet on Unsplash</p>'),
(92, 48, 'https://images.unsplash.com/photo-1542395118-9d95347995bc?crop=entropy&cs=tinysrgb&fit=max&fm=jpg&ixid=M3w3NTg5MjV8MHwxfHJhbmRvbXx8fHx8fHx8fDE3NDg4NjYxODN8&ixlib=rb-4.1.0&q=80&w=1080', '<p>一張關於vinyl record的圖片\n\nPhoto by Konstantinos Hasandras on Unsplash</p>\n                <p>Photo by Konstantinos Hasandras on Unsplash</p>'),
(93, 48, 'https://images.unsplash.com/photo-1518739745383-0ef26e9dd7fd?crop=entropy&cs=tinysrgb&fit=max&fm=jpg&ixid=M3w3NTg5MjV8MHwxfHJhbmRvbXx8fHx8fHx8fDE3NDg4NjYxODN8&ixlib=rb-4.1.0&q=80&w=1080', '<p>Crowded\n\nPhoto by Wyron A on Unsplash</p>\n                <p>Photo by Wyron A on Unsplash</p>'),
(94, 48, 'https://images.unsplash.com/photo-1513746132536-e3898f5df2fb?crop=entropy&cs=tinysrgb&fit=max&fm=jpg&ixid=M3w3NTg5MjV8MHwxfHJhbmRvbXx8fHx8fHx8fDE3NDg4NjYxODR8&ixlib=rb-4.1.0&q=80&w=1080', '<p>一張關於vinyl music的圖片\n\nPhoto by Priscilla Du Preez 🇨🇦 on Unsplash</p>\n                <p>Photo by Priscilla Du Preez 🇨🇦 on Unsplash</p>'),
(95, 49, 'https://images.unsplash.com/photo-1534258698732-f4f27981a92b?crop=entropy&cs=tinysrgb&fit=max&fm=jpg&ixid=M3w3NTg5MjV8MHwxfHJhbmRvbXx8fHx8fHx8fDE3NDg4NjYxOTB8&ixlib=rb-4.1.0&q=80&w=1080', '<p>一張關於record player setup的圖片\n\nPhoto by Kyle DeSantis on Unsplash</p>\n                <p>Photo by Kyle DeSantis on Unsplash</p>'),
(96, 50, 'https://images.unsplash.com/photo-1619078515712-c8e13a3f2d37?crop=entropy&cs=tinysrgb&fit=max&fm=jpg&ixid=M3w3NTg5MjV8MHwxfHJhbmRvbXx8fHx8fHx8fDE3NDg4NjYyMDR8&ixlib=rb-4.1.0&q=80&w=1080', '<p>一張關於vinyl album的圖片\n\nPhoto by Jurian Kersten on Unsplash</p>\n                <p>Photo by Jurian Kersten on Unsplash</p>'),
(97, 50, 'https://images.unsplash.com/photo-1643043498578-61e1a6b6511f?crop=entropy&cs=tinysrgb&fit=max&fm=jpg&ixid=M3w3NTg5MjV8MHwxfHJhbmRvbXx8fHx8fHx8fDE3NDg5NTIzMjF8&ixlib=rb-4.1.0&q=80&w=1080', '<p>一張關於turntable的圖片</p>\n<p>Photo by Daniil Zameshaev on Unsplash</p>'),
(98, 50, 'https://images.unsplash.com/photo-1517973883048-eb73171a9a14?crop=entropy&cs=tinysrgb&fit=max&fm=jpg&ixid=M3w3NTg5MjV8MHwxfHJhbmRvbXx8fHx8fHx8fDE3NDg5NTIzMjR8&ixlib=rb-4.1.0&q=80&w=1080', '<p>I was on a photo shoot with my best friends from Starbucks and was about to jump in the car. Before we were about to the car my friend shouts “Look a record store”. I’ve never been in one before and thought it would be a great experience for a throwback shoot. We found a Will Ferrel picture and had to take a picture with it. This was the outcome and love it so much!</p>\n<p>Photo by Trevin Rudy on Unsplash</p>'),
(99, 51, 'https://images.unsplash.com/photo-1521425700123-f8610a448ba3?crop=entropy&cs=tinysrgb&fit=max&fm=jpg&ixid=M3w3NTg5MjV8MHwxfHJhbmRvbXx8fHx8fHx8fDE3NDg5NTIzMjd8&ixlib=rb-4.1.0&q=80&w=1080', '<p>Living Full</p>\n<p>Photo by Emily Rudolph on Unsplash</p>'),
(100, 51, 'https://images.unsplash.com/photo-1533827432537-70133748f5c8?crop=entropy&cs=tinysrgb&fit=max&fm=jpg&ixid=M3w3NTg5MjV8MHwxfHJhbmRvbXx8fHx8fHx8fDE3NDg5NTIzMjl8&ixlib=rb-4.1.0&q=80&w=1080', '<p>Hats waiting for a head where they can perform their duties</p>\n<p>Photo by Héctor J. Rivas on Unsplash</p>'),
(178, 49, 'https://images.unsplash.com/photo-1512607999958-f9b372b6f492?crop=entropy&cs=tinysrgb&fit=max&fm=jpg&ixid=M3w3NTg5MjV8MHwxfHJhbmRvbXx8fHx8fHx8fDE3NDg4NjYxOTB8&ixlib=rb-4.1.0&q=80&w=1080', 'cover'),
(183, 50, 'https://images.unsplash.com/photo-1444990689320-bd2a7a839644?crop=entropy&cs=tinysrgb&fit=max&fm=jpg&ixid=M3w3NTg5MjV8MHwxfHJhbmRvbXx8fHx8fHx8fDE3NDg4NjYyMDN8&ixlib=rb-4.1.0&q=80&w=1080', 'cover'),
(229, NULL, '/article/img/covers/6847e764b9eda.jpg', 'content'),
(231, 85, '/article/img/covers/68482cb034f04.jpg', 'cover'),
(235, 87, '/article/img/covers/684a6f0eb5a13.jpg', 'cover'),
(236, NULL, '/article/img/covers/684a8f5c158fa.jpg', 'content'),
(238, 88, '/article/img/covers/684a8f7f8037d.jpg', 'cover');

-- --------------------------------------------------------

--
-- 資料表結構 `article_statuses`
--

CREATE TABLE `article_statuses` (
  `article_id` int(11) NOT NULL,
  `status` varchar(20) DEFAULT NULL,
  `updated_at` datetime DEFAULT NULL
) ENGINE=InnoDB DEFAULT CHARSET=utf8mb4 COLLATE=utf8mb4_general_ci;

--
-- 傾印資料表的資料 `article_statuses`
--

INSERT INTO `article_statuses` (`article_id`, `status`, `updated_at`) VALUES
(1, 'draft', '2025-06-02 18:00:48'),
(2, 'draft', '2025-06-02 18:03:57'),
(3, 'published', '2025-06-02 18:04:37'),
(4, 'published', '2025-06-02 18:05:04'),
(5, 'scheduled', '2025-06-02 18:05:22'),
(6, 'draft', '2025-06-02 18:05:49'),
(7, 'draft', '2025-06-02 18:06:50'),
(8, 'scheduled', '2025-06-02 18:08:48'),
(9, 'scheduled', '2025-06-02 18:09:06'),
(10, 'draft', '2025-06-02 18:09:36'),
(11, 'published', '2025-06-02 19:21:02'),
(12, 'scheduled', '2025-06-02 19:21:11'),
(13, 'scheduled', '2025-06-02 19:21:27'),
(14, 'published', '2025-06-02 19:21:46'),
(15, 'scheduled', '2025-06-02 19:22:40'),
(16, 'draft', '2025-06-02 19:23:30'),
(17, 'published', '2025-06-02 19:25:08'),
(18, 'draft', '2025-06-02 19:25:33'),
(19, 'scheduled', '2025-06-02 19:25:59'),
(20, 'draft', '2025-06-02 19:26:30'),
(21, 'scheduled', '2025-06-02 19:40:34'),
(22, 'published', '2025-06-02 19:40:44'),
(23, 'published', '2025-06-02 19:40:53'),
(24, 'draft', '2025-06-02 19:41:05'),
(25, 'scheduled', '2025-06-02 19:41:33'),
(26, 'published', '2025-06-02 19:42:27'),
(27, 'scheduled', '2025-06-02 19:42:38'),
(28, 'draft', '2025-06-02 19:42:43'),
(29, 'scheduled', '2025-06-02 19:42:48'),
(30, 'published', '2025-06-02 19:42:55'),
(31, 'draft', '2025-06-02 19:49:11'),
(32, 'scheduled', '2025-06-02 19:49:37'),
(33, 'scheduled', '2025-06-02 20:05:50'),
(34, 'published', '2025-06-02 20:05:58'),
(35, 'draft', '2025-06-02 20:06:04'),
(36, 'scheduled', '2025-06-02 20:06:11'),
(37, 'scheduled', '2025-06-02 20:06:18'),
(38, 'draft', '2025-06-02 20:06:34'),
(39, 'scheduled', '2025-06-02 20:06:47'),
(40, 'draft', '2025-06-02 20:06:54'),
(41, 'draft', '2025-06-02 20:07:03'),
(42, 'draft', '2025-06-02 20:07:11'),
(43, 'published', '2025-06-02 20:08:44'),
(44, 'published', '2025-06-02 20:08:53'),
(45, 'scheduled', '2025-06-02 20:09:05'),
(46, 'scheduled', '2025-06-02 20:09:13'),
(47, 'scheduled', '2025-06-02 20:09:23'),
(48, 'draft', '2025-06-02 20:09:42'),
(49, 'published', '2025-06-09 18:29:52'),
(50, 'published', '2025-06-09 18:29:14'),
(51, 'draft', '2025-06-07 18:00:31'),
(85, 'scheduled', '2025-06-12 16:14:07'),
(87, 'scheduled', '2025-06-12 14:09:38'),
(88, 'scheduled', '2025-06-12 16:28:38');

-- --------------------------------------------------------

--
-- 資料表結構 `article_tag`
--

CREATE TABLE `article_tag` (
  `article_id` int(11) NOT NULL,
  `tag_id` int(11) NOT NULL
) ENGINE=InnoDB DEFAULT CHARSET=utf8mb4 COLLATE=utf8mb4_general_ci;

--
-- 傾印資料表的資料 `article_tag`
--

INSERT INTO `article_tag` (`article_id`, `tag_id`) VALUES
(1, 6),
(2, 2),
(2, 10),
(3, 9),
(4, 4),
(5, 2),
(5, 6),
(6, 2),
(6, 4),
(6, 8),
(7, 4),
(7, 6),
(7, 8),
(8, 2),
(8, 4),
(9, 6),
(9, 9),
(10, 1),
(10, 3),
(10, 8),
(11, 6),
(12, 3),
(12, 8),
(13, 1),
(13, 5),
(13, 7),
(14, 6),
(14, 10),
(15, 1),
(15, 4),
(16, 1),
(17, 5),
(18, 8),
(19, 5),
(19, 6),
(20, 2),
(21, 1),
(21, 8),
(21, 10),
(22, 1),
(23, 2),
(23, 4),
(23, 9),
(24, 9),
(25, 4),
(26, 2),
(26, 6),
(26, 8),
(27, 6),
(27, 8),
(28, 4),
(28, 6),
(28, 10),
(29, 8),
(30, 2),
(30, 4),
(30, 7),
(31, 7),
(32, 1),
(32, 2),
(32, 3),
(33, 3),
(33, 4),
(33, 10),
(34, 2),
(34, 5),
(34, 10),
(35, 8),
(36, 5),
(36, 10),
(37, 9),
(38, 3),
(38, 4),
(39, 1),
(39, 9),
(40, 2),
(40, 4),
(40, 9),
(41, 3),
(41, 10),
(42, 2),
(42, 5),
(42, 7),
(43, 2),
(43, 3),
(44, 4),
(44, 5),
(44, 7),
(45, 5),
(45, 8),
(45, 10),
(46, 3),
(46, 5),
(46, 10),
(47, 5),
(47, 6),
(47, 8),
(48, 9),
(49, 2),
(49, 4),
(49, 8),
(50, 5),
(50, 9),
(51, 10),
(85, 2),
(85, 6),
(87, 3),
(88, 2),
(88, 3),
(88, 6);

-- --------------------------------------------------------

--
-- 資料表結構 `article_views`
--

CREATE TABLE `article_views` (
  `id` int(11) NOT NULL,
  `article_id` int(11) DEFAULT NULL,
  `view_count` int(11) DEFAULT NULL
) ENGINE=InnoDB DEFAULT CHARSET=utf8mb4 COLLATE=utf8mb4_general_ci;

--
-- 傾印資料表的資料 `article_views`
--

INSERT INTO `article_views` (`id`, `article_id`, `view_count`) VALUES
(1, 1, 53),
(2, 2, 160),
(3, 3, 854),
(4, 4, 617),
(5, 5, 809),
(6, 6, 200),
(7, 7, 827),
(8, 8, 787),
(9, 9, 304),
(10, 10, 844),
(11, 11, 901),
(12, 12, 268),
(13, 13, 749),
(14, 14, 267),
(15, 15, 619),
(16, 16, 760),
(17, 17, 63),
(18, 18, 217),
(19, 19, 916),
(20, 20, 139),
(21, 21, 663),
(22, 22, 718),
(23, 23, 252),
(24, 24, 822),
(25, 25, 510),
(26, 26, 688),
(27, 27, 97),
(28, 28, 427),
(29, 29, 140),
(30, 30, 317),
(31, 31, 803),
(32, 32, 806),
(33, 33, 342),
(34, 34, 170),
(35, 35, 972),
(36, 36, 628),
(37, 37, 391),
(38, 38, 559),
(39, 39, 85),
(40, 40, 647),
(41, 41, 179),
(42, 42, 330),
(43, 43, 830),
(44, 44, 624),
(45, 45, 205),
(46, 46, 861),
(47, 47, 523),
(48, 48, 332),
(49, 49, 934),
(50, 50, 976),
(51, 51, 595);

-- --------------------------------------------------------

--
-- 資料表結構 `categories`
--

CREATE TABLE `categories` (
  `id` int(11) NOT NULL,
  `name` varchar(100) DEFAULT NULL,
  `description` text DEFAULT NULL,
  `parent_id` int(11) DEFAULT NULL
) ENGINE=InnoDB DEFAULT CHARSET=utf8mb4 COLLATE=utf8mb4_general_ci;

--
-- 傾印資料表的資料 `categories`
--

INSERT INTO `categories` (`id`, `name`, `description`, `parent_id`) VALUES
(1, '黑膠專輯資訊', '提供最新黑膠專輯發行資訊和詳細介紹', NULL),
(2, '黑膠市集活動', '黑膠唱片市集和相關活動資訊', NULL),
(3, '店舖優惠', '店內最新優惠活動和特價商品', NULL),
(4, '黑膠唱片評論', '專業黑膠唱片評測和評論', NULL),
(5, '黑膠唱片保養', '黑膠唱片保養和維護指南', NULL),
(6, '黑膠唱片市場', '黑膠唱片市場趨勢分析', NULL);

-- --------------------------------------------------------

--
-- 資料表結構 `tags`
--

CREATE TABLE `tags` (
  `id` int(11) NOT NULL,
  `name` varchar(50) DEFAULT NULL,
  `description` text DEFAULT NULL,
  `color` varchar(20) DEFAULT NULL
) ENGINE=InnoDB DEFAULT CHARSET=utf8mb4 COLLATE=utf8mb4_general_ci;

--
-- 傾印資料表的資料 `tags`
--

INSERT INTO `tags` (`id`, `name`, `description`, `color`) VALUES
(1, '新品上市', '最新發行的黑膠唱片', '#FF5733'),
(2, '二手專區', '二手黑膠唱片專區', '#33FF57'),
(3, '限時優惠', '限時特價活動', '#3357FF'),
(4, '音樂活動', '音樂相關活動資訊', '#F333FF'),
(5, '市集限定', '市集限定商品', '#FF33F3'),
(6, '滿額贈品', '滿額贈送活動', '#33FFF3'),
(7, '黑膠保養', '黑膠唱片保養相關', '#F3FF33'),
(8, '音質評測', '音質評測報告', '#FF3333'),
(9, '收藏指南', '收藏相關指南', '#33FF33'),
(10, '市場分析', '市場趨勢分析', '#3333FF');

--
-- 已傾印資料表的索引
--

--
-- 資料表索引 `articles`
--
ALTER TABLE `articles`
  ADD PRIMARY KEY (`id`);

--
-- 資料表索引 `article_category`
--
ALTER TABLE `article_category`
  ADD PRIMARY KEY (`article_id`,`category_id`),
  ADD KEY `category_id` (`category_id`);

--
-- 資料表索引 `article_images`
--
ALTER TABLE `article_images`
  ADD PRIMARY KEY (`id`),
  ADD KEY `article_id` (`article_id`);

--
-- 資料表索引 `article_statuses`
--
ALTER TABLE `article_statuses`
  ADD PRIMARY KEY (`article_id`);

--
-- 資料表索引 `article_tag`
--
ALTER TABLE `article_tag`
  ADD PRIMARY KEY (`article_id`,`tag_id`),
  ADD KEY `tag_id` (`tag_id`);

--
-- 資料表索引 `article_views`
--
ALTER TABLE `article_views`
  ADD PRIMARY KEY (`id`),
  ADD KEY `article_id` (`article_id`);

--
-- 資料表索引 `categories`
--
ALTER TABLE `categories`
  ADD PRIMARY KEY (`id`),
  ADD KEY `parent_id` (`parent_id`);

--
-- 資料表索引 `tags`
--
ALTER TABLE `tags`
  ADD PRIMARY KEY (`id`);

--
-- 在傾印的資料表使用自動遞增(AUTO_INCREMENT)
--

--
-- 使用資料表自動遞增(AUTO_INCREMENT) `articles`
--
ALTER TABLE `articles`
  MODIFY `id` int(11) NOT NULL AUTO_INCREMENT, AUTO_INCREMENT=89;

--
-- 使用資料表自動遞增(AUTO_INCREMENT) `article_images`
--
ALTER TABLE `article_images`
  MODIFY `id` int(11) NOT NULL AUTO_INCREMENT, AUTO_INCREMENT=239;

--
-- 使用資料表自動遞增(AUTO_INCREMENT) `article_views`
--
ALTER TABLE `article_views`
  MODIFY `id` int(11) NOT NULL AUTO_INCREMENT, AUTO_INCREMENT=53;

--
-- 使用資料表自動遞增(AUTO_INCREMENT) `categories`
--
ALTER TABLE `categories`
  MODIFY `id` int(11) NOT NULL AUTO_INCREMENT, AUTO_INCREMENT=7;

--
-- 使用資料表自動遞增(AUTO_INCREMENT) `tags`
--
ALTER TABLE `tags`
  MODIFY `id` int(11) NOT NULL AUTO_INCREMENT, AUTO_INCREMENT=11;

--
-- 已傾印資料表的限制式
--

--
-- 資料表的限制式 `article_category`
--
ALTER TABLE `article_category`
  ADD CONSTRAINT `article_category_ibfk_1` FOREIGN KEY (`article_id`) REFERENCES `articles` (`id`),
  ADD CONSTRAINT `article_category_ibfk_2` FOREIGN KEY (`category_id`) REFERENCES `categories` (`id`);

--
-- 資料表的限制式 `article_images`
--
ALTER TABLE `article_images`
  ADD CONSTRAINT `article_images_ibfk_1` FOREIGN KEY (`article_id`) REFERENCES `articles` (`id`);

--
-- 資料表的限制式 `article_statuses`
--
ALTER TABLE `article_statuses`
  ADD CONSTRAINT `article_statuses_ibfk_1` FOREIGN KEY (`article_id`) REFERENCES `articles` (`id`);

--
-- 資料表的限制式 `article_tag`
--
ALTER TABLE `article_tag`
  ADD CONSTRAINT `article_tag_ibfk_1` FOREIGN KEY (`article_id`) REFERENCES `articles` (`id`),
  ADD CONSTRAINT `article_tag_ibfk_2` FOREIGN KEY (`tag_id`) REFERENCES `tags` (`id`);

--
-- 資料表的限制式 `article_views`
--
ALTER TABLE `article_views`
  ADD CONSTRAINT `article_views_ibfk_1` FOREIGN KEY (`article_id`) REFERENCES `articles` (`id`);

--
-- 資料表的限制式 `categories`
--
ALTER TABLE `categories`
  ADD CONSTRAINT `categories_ibfk_1` FOREIGN KEY (`parent_id`) REFERENCES `categories` (`id`);
COMMIT;

/*!40101 SET CHARACTER_SET_CLIENT=@OLD_CHARACTER_SET_CLIENT */;
/*!40101 SET CHARACTER_SET_RESULTS=@OLD_CHARACTER_SET_RESULTS */;
/*!40101 SET COLLATION_CONNECTION=@OLD_COLLATION_CONNECTION */;
