-- phpMyAdmin SQL Dump
-- version 5.2.1
-- https://www.phpmyadmin.net/
--
-- 主機： 127.0.0.1
-- 產生時間： 2025-06-13 03:17:58
-- 伺服器版本： 10.4.32-MariaDB
-- PHP 版本： 8.2.12

SET SQL_MODE = "NO_AUTO_VALUE_ON_ZERO";
START TRANSACTION;
SET time_zone = "+00:00";


/*!40101 SET @OLD_CHARACTER_SET_CLIENT=@@CHARACTER_SET_CLIENT */;
/*!40101 SET @OLD_CHARACTER_SET_RESULTS=@@CHARACTER_SET_RESULTS */;
/*!40101 SET @OLD_COLLATION_CONNECTION=@@COLLATION_CONNECTION */;
/*!40101 SET NAMES utf8mb4 */;

--
-- 資料庫： `ef_db`
--

-- --------------------------------------------------------

--
-- 資料表結構 `admins`
--

CREATE TABLE `admins` (
  `id` int(11) NOT NULL,
  `name` varchar(50) NOT NULL,
  `account` varchar(100) NOT NULL,
  `password` varchar(255) NOT NULL,
  `img` varchar(255) DEFAULT NULL COMMENT '管理員頭像路徑',
  `created_at` timestamp NOT NULL DEFAULT current_timestamp()
) ENGINE=InnoDB DEFAULT CHARSET=utf8mb4 COLLATE=utf8mb4_general_ci;

--
-- 傾印資料表的資料 `admins`
--

INSERT INTO `admins` (`id`, `name`, `account`, `password`, `img`, `created_at`) VALUES
(1, '管理員', 'admin', '$2y$10$92IXUNpkjO0rOQ5byMi.Ye4oKoEa3Ro9llC/.og/at2.uheWG/igi', NULL, '2025-06-12 14:56:59');

-- --------------------------------------------------------

--
-- 資料表結構 `articles`
--

CREATE TABLE `articles` (
  `id` int(11) NOT NULL,
  `title` varchar(255) DEFAULT NULL,
  `content` text DEFAULT NULL,
  `cover_image_url` varchar(255) DEFAULT NULL,
  `scheduled_at` datetime DEFAULT NULL,
  `created_at` datetime DEFAULT NULL,
  `updated_at` datetime DEFAULT NULL,
  `is_deleted` tinyint(1) NOT NULL DEFAULT 0 COMMENT '是否已刪除',
  `deleted_at` datetime DEFAULT NULL COMMENT '刪除時間'
) ENGINE=InnoDB DEFAULT CHARSET=utf8mb4 COLLATE=utf8mb4_general_ci;

--
-- 傾印資料表的資料 `articles`
--

INSERT INTO `articles` (`id`, `title`, `content`, `cover_image_url`, `scheduled_at`, `created_at`, `updated_at`, `is_deleted`, `deleted_at`) VALUES
(1, '黑膠唱片的保養', '<h1>黑膠唱片的保養</h1>\r\n<p>嗨大家好，我是專業的音樂評論家、黑膠唱片收藏家和黑膠唱片專賣店主理人。今天我要來和大家分享一些關於黑膠唱片的保養小訣竅，讓你的黑膠音樂享受保養的同時，也能延長它們的壽命。</p>\r\n\r\n<p>首先，我們要談論的是存放黑膠唱片的環境。最理想的存放環境是溫度穩定、濕度控制良好的房間。避免將黑膠唱片放在潮濕的地方，也不要放置在曝曬陽光或是近熱源的地方。此外，保持餘溫也是非常重要的，避免讓黑膠唱片受到溫差的影響。</p>\r\n\r\n<p>其次，保持唱片盤面的乾淨也是保養的關鍵。使用專業的唱片刷輕輕地清潔唱片的盤面，避免使用化學溶劑或是硬物刷洗，以免刮傷唱片表面。若是有比較頑固的汙垢，可以使用一些專門的清潔劑，但要先在小塊地方測試，以免對唱片造成損害。</p>\r\n\r\n<p>最後要提到的是播放時的注意事項。避免直接用手指觸碰唱片的盤面，以免留下指紋或灰塵，影響音質。播放時要使用專業的唱針，並定期更換，以免磨損唱針對黑膠唱片造成損害。播放完畢後，記得將唱片放回防塵套中，避免灰塵和汙垢沾染。</p>\r\n\r\n<p>總結來說，保養黑膠唱片是一件很重要的事情，它不僅能讓黑膠音樂的質量保持在最佳狀態，也能延長唱片的壽命，讓我們能夠長久地享受音樂。希望這些小訣竅能對大家有所幫助，謝謝大家的收聽。</p>', 'https://images.unsplash.com/photo-1532958836272-8031f82c0eae?crop=entropy&cs=tinysrgb&fit=max&fm=jpg&ixid=M3w3NTg5MjV8MHwxfHJhbmRvbXx8fHx8fHx8fDE3NDg4NTg0NDh8&ixlib=rb-4.1.0&q=80&w=1080', '2025-06-15 18:00:48', '2025-06-02 18:00:48', '2025-06-02 18:00:48', 0, NULL),
(2, '黑膠唱片歷史', '<h1>黑膠唱片歷史</h1>\r\n<p>您好，我是來自音樂界的專業評論家，同時也是一位黑膠唱片收藏家和專賣店主理人。今天，我將為大家帶來關於黑膠唱片歷史的專題報導。作為音樂史上的重要一環，黑膠唱片在過去幾十年間一直受到樂迷的喜愛，也成為收藏家們眼中的珍貴寶物。</p>\r\n\r\n<p>黑膠唱片的歷史可以追溯到19世紀末期，當時的音樂媒介還只有石蠟唱片和留聲機，而黑膠唱片的出現給人們帶來了全新的音樂體驗。它的主要材料是聚氯乙烯，將音樂錄製在旋轉的黑膠唱片上，並且可以反覆播放，讓人們可以隨時隨地享受音樂。這也使得黑膠唱片成為當時最受歡迎的音樂媒介。</p>\r\n\r\n<p>隨著時代的演進，黑膠唱片也逐漸發展成為一種藝術品。許多專輯的封面設計備受矚目，成為樂迷們收藏的重要原因之一。而黑膠唱片的製作也變得更加精緻，錄音技術的進步使得音質更加細膩動人。</p>\r\n\r\n<p>然而，隨著數位音樂的興起，黑膠唱片的銷售量逐漸下滑，甚至在20世紀末期幾乎消失在市場上。直到近年來，隨著復古潮流的升溫，黑膠唱片再次受到廣大樂迷的追捧。許多音樂廠牌紛紛推出黑膠專輯，重製經典專輯，讓人們重新感受到黑膠唱片的魅力。</p>\r\n\r\n<p>總的來說，黑膠唱片雖然在音樂媒介的競爭中逐漸被取代，但它所具有的歷史價值和獨特的音樂體驗，使得它依然在音樂界佔有一席之地。作為一位專業評論家和黑膠唱片收藏家，我們應該珍惜每一張黑膠唱片，它們不僅是音樂的載體，更是音樂史的見證。</p>', 'https://images.unsplash.com/photo-1623710509023-e8d84f2a7149?crop=entropy&cs=tinysrgb&fit=max&fm=jpg&ixid=M3w3NTg5MjV8MHwxfHJhbmRvbXx8fHx8fHx8fDE3NDg4NTg2Mzd8&ixlib=rb-4.1.0&q=80&w=1080', '2025-06-15 18:03:57', '2025-06-02 18:03:57', '2025-06-02 18:03:57', 0, NULL),
(3, '黑膠唱片收藏', '<h1>黑膠唱片收藏</h1>\r\n<p>大家好，我是專業的音樂評論家和黑膠唱片收藏家，也是一間黑膠唱片專賣店的主理人。今天我將為大家帶來最新的黑膠專輯新訊。</p>\r\n\r\n<p>黑膠唱片，也被稱為LP唱片，是一種在1950年代到1980年代流行的音樂載體。它的特點是使用黑膠材質、機械轉盤播放、精緻的封面設計，以及音質細膩溫暖。自從CD和數字音樂的普及，黑膠唱片的市場陷入低迷，但現在卻出現了一股黑膠復興的風潮，許多樂迷和收藏家重新發現了黑膠唱片的魅力，也讓黑膠專輯成為樂迷們熱衷的收藏項目。</p>\r\n\r\n<p>最近，許多音樂界的大咖紛紛推出全新的黑膠專輯，讓黑膠唱片收藏家們大飽耳福。其中，有著名龐克樂團Green Day最新專輯《Father of All...》，該專輯在黑膠唱片預訂銷售期間就創下了驚人的銷量，讓人看到了黑膠唱片市場的潛力。另外，搖滾樂團Coldplay也推出了他們的最新專輯《Everyday Life》，其中收錄的歌曲更是經過特殊處理，使得在黑膠唱片上播放時更具層次感。除此之外，還有許多知名歌手和樂團都紛紛推出黑膠版本的專輯，讓黑膠唱片市場持續熱鬧。</p>\r\n\r\n<p>除了新專輯，還有許多老牌歌手的經典作品也即將以黑膠唱片的形式重現。比如說抒情歌手Adele的暢銷專輯《21》，以及搖滾天團Queen的經典作品《A Night at the Opera》，都將在近期發行黑膠專輯版本。對於這些歌手的歌迷和黑膠唱片收藏家來說，這無疑是一個難以抗拒的誘惑。</p>\r\n\r\n<p>總的來說，黑膠唱片不僅是一種音樂載體，更是一種文化。它不僅有著獨特的音質，也擁有獨特的封面設計和收藏價值。</p>', 'https://images.unsplash.com/photo-1542999250-278129776101?crop=entropy&cs=tinysrgb&fit=max&fm=jpg&ixid=M3w3NTg5MjV8MHwxfHJhbmRvbXx8fHx8fHx8fDE3NDg4NTg2Nzd8&ixlib=rb-4.1.0&q=80&w=1080', '2025-06-16 18:04:37', '2025-06-02 18:04:37', '2025-06-02 18:04:37', 0, NULL),
(4, '黑膠唱片音質比較', '<h1>黑膠唱片音質比較</h1>\r\n<p>大家好，我是一位專業的音樂評論家和黑膠唱片收藏家，同時也是一家黑膠唱片專賣店的主理人。今天我們就來探討一個長期以來廣受討論的話題：黑膠唱片的音質比較。</p>\r\n\r\n<p>首先，讓我們先來簡單介紹一下黑膠唱片。黑膠唱片，也被稱為LP唱片，是一種使用聚氯乙烯做成的可旋轉唱盤，上面刻有音樂。它的出現可以追溯到1948年，與其他音樂儲存媒介相比，黑膠唱片在音質上有其獨特的優勢。</p>\r\n\r\n<p>然而，在近年來音樂產業不斷發展的趨勢下，各種新的音樂儲存方式不斷涌現，也有許多人開始討論黑膠唱片的音質是否真的比其他媒介來得更好。</p>\r\n\r\n<p>首先，我們需要明確一點，音質是一個非常主觀的評斷，每個人的聽覺感受都不盡相同。因此，無法說黑膠唱片的音質就是最好的，或是與其他媒介相比就一定會輸。但毫無疑問的是，黑膠唱片在某些方面確實有其獨特的魅力。</p>\r\n\r\n<p>首先，黑膠唱片的音樂資訊相對較多，因為它的儲存方式是將音訊轉換成螺旋形的痕跡，因此可以容納更多的音樂資訊。這也是為什麼許多人聽起來會認為黑膠唱片的音質比較豐富、立體感更強烈的原因。</p>\r\n\r\n<p>此外，黑膠唱片還有一個受到許多人喜愛的特點，就是它的溫暖感。使用黑膠唱片播放器時，由於訊號的傳遞方式與CD等數位媒介不同，它可以帶來更多自然的音色和溫暖的聲音，使聽眾感受到更多的情感。</p>\r\n\r\n<p>總結來說，黑膠唱片的音質比較確實有其獨特的魅力，但並非所有人都會喜歡。不同的媒介各有其優點，取決於個人的口味和需求。因此，我們無法說黑膠唱片的音質一定會比其他媒介更好，但它確實有其獨特的魅力值得我們去探索。</p>', 'https://images.unsplash.com/photo-1642522843063-5d254aca2a24?crop=entropy&cs=tinysrgb&fit=max&fm=jpg&ixid=M3w3NTg5MjV8MHwxfHJhbmRvbXx8fHx8fHx8fDE3NDg4NTg3MDR8&ixlib=rb-4.1.0&q=80&w=1080', '2025-06-18 18:05:04', '2025-06-02 18:05:04', '2025-06-02 18:05:04', 0, NULL),
(5, '黑膠唱片價格分析', '<h1>黑膠唱片價格分析</h1>\r\n<p>各位音樂愛好者，大家好！我是你們的專業音樂評論家、黑膠唱片收藏家以及黑膠唱片專賣店主理人，今天我要為大家帶來最新的黑膠唱片價格分析報告。</p>\r\n\r\n<p>近年來，黑膠唱片市場持續升溫，不少音樂愛好者紛紛投入到黑膠唱片的收藏行列中。隨著需求的增加，黑膠唱片的價格也隨之攀升。尤其是在疫情期間，許多人因為居家隔離而開始重新探索黑膠唱片的魅力，讓這股黑膠熱潮更加快速地蔓延。</p>\r\n\r\n<p>根據最新的市場調查，黑膠唱片的價格平均每年都在持續上漲，尤其是在限量版黑膠唱片方面，價格更是飆升。舉個例子來說，一張60年代的經典搖滾專輯，如果是限量發行版，現在的價格可能已經達到原價的數倍。而同一張專輯的普通版價格，也比起幾年前的價格有了明顯的提升。</p>\r\n\r\n<p>那麼，為什麼黑膠唱片的價格會越來越高呢？除了收藏價值和稀有性外，黑膠唱片還有其獨特的音質，經過專業的製作和處理後，能夠呈現出更加豐富的音色和細膩的音效，讓聽眾更加沉浸在音樂中。因此，越來越多的人願意為了追求更好的音質而花費更多的錢購買黑膠唱片。</p>\r\n\r\n<p>總的來說，黑膠唱片的價格上漲是不可避免的趨勢，因此建議大家可以趁現在尚未完全飆升的時候，積極收藏自己喜愛的黑膠唱片。同時，也要注意選擇正規的唱片店購買，以確保唱片的品質和真實性。</p>\r\n\r\n<p>以上就是最新的黑膠唱片價格分析報告，希望能為大家帶來一些幫助。最後，我想呼籲大家，黑膠唱片不僅是一種收藏，更是一種文化和價值觀的傳承，讓我們一起保護和珍惜這份美好的音樂遺產。</p>\r\n\r\n<p>感謝大家的閱讀，我是您的專業音樂評論家，期待下次再和大家分享更多關於黑膠唱片的新訊。謝謝！</p>', 'https://images.unsplash.com/photo-1494914656837-44eb36fe5471?crop=entropy&cs=tinysrgb&fit=max&fm=jpg&ixid=M3w3NTg5MjV8MHwxfHJhbmRvbXx8fHx8fHx8fDE3NDg4NTg3MjJ8&ixlib=rb-4.1.0&q=80&w=1080', '2025-06-18 18:05:22', '2025-06-02 18:05:22', '2025-06-02 18:05:22', 0, NULL),
(6, '黑膠唱片品牌介紹', '<h1>黑膠唱片品牌介紹</h1>\r\n<p>大家好，我是專業的音樂評論家和黑膠唱片收藏家，也是一家黑膠唱片專賣店的主理人。今天我要為大家介紹一個備受矚目的黑膠唱片品牌 – 「頑石唱片」。</p>\r\n\r\n<p>「頑石唱片」是一個以製作高品質黑膠專輯聞名的品牌。從他們的首張專輯發行以來，就受到了樂迷和收藏家的一致好評。他們以精湛的製作技術和嚴選的音樂作品，將黑膠唱片的魅力發揮到極致。</p>\r\n\r\n<p>「頑石唱片」的專輯製作過程絕對不馬虎，從選材、錄音到混音都經過精密的把控。每張專輯都有專業的音樂人和工程師參與，確保每一首歌曲都能完美呈現在黑膠唱片上。他們也會採用高級的黑膠製作設備，確保每張黑膠唱片都有最佳的音質。</p>\r\n\r\n<p>除了製作優質的黑膠專輯，「頑石唱片」也積極推廣黑膠文化，舉辦各種活動和展覽，讓更多的人認識和喜愛黑膠唱片。他們也與多位知名音樂人合作，推出限量版的黑膠專輯，讓收藏家們更加熱衷於收集他們的作品。</p>\r\n\r\n<p>「頑石唱片」的黑膠專輯不僅僅是一件音樂作品，更是一件藝術品。從選材到設計，每一個細節都能看出他們的用心和對黑膠唱片的熱愛。如果你也是一位對黑膠唱片情有獨鍾的樂迷，那麼「頑石唱片」絕對是你不可錯過的品牌。</p>\r\n\r\n<p>總的來說，「頑石唱片」是一個值得信賴的黑膠唱片品牌。他們不僅僅是製作高品質的黑膠專輯，更是在推廣和發展黑膠文化方面做出了巨大的貢獻。如果你想要收藏一些優質的黑膠唱片，不妨關注一下「頑石唱片」的作品吧。</p>', 'https://images.unsplash.com/photo-1686327139012-7d31d4d9b01b?crop=entropy&cs=tinysrgb&fit=max&fm=jpg&ixid=M3w3NTg5MjV8MHwxfHJhbmRvbXx8fHx8fHx8fDE3NDg4NTg3NDl8&ixlib=rb-4.1.0&q=80&w=1080', '2025-06-29 18:05:49', '2025-06-02 18:05:49', '2025-06-02 18:05:49', 0, NULL),
(7, '黑膠唱片價格分析', '<h1>黑膠唱片價格分析</h1>\r\n<p>大家好，我是一位專業的音樂評論家和黑膠唱片收藏家，同時也是一家黑膠唱片專賣店的主理人。今天，我要和大家分享一些關於黑膠唱片價格的分析，希望能幫助大家更好地了解這個市場。</p>\r\n\r\n<p>要了解黑膠唱片的價格，首先要知道它是怎麼形成的。一張黑膠唱片的價格是由多個因素共同影響的，包括但不限於：</p>\r\n    <ul>\r\n        <li>發行量：發行量越少的唱片，價格通常會越高。</li>\r\n        <li>年代：歷史悠久的唱片通常會有較高的價格。</li>\r\n        <li>唱片狀況：唱片的狀況影響著收藏價值，如果唱片有明顯的刮痕或破損，價格通常會下降。</li>\r\n        <li>稀有度：某些特定的專輯或版本可能會非常稀有，這也會影響到價格。</li>\r\n    </ul>\r\n\r\n<p>以上是影響唱片價格的一些常見因素，同時也是我們在評估唱片價值時會考慮的因素。</p>\r\n \r\n<p>近年來，黑膠唱片市場一直都處於上升的趨勢。隨著人們對於復古風格的喜愛以及黑膠唱片的音質優勢的重新認可，黑膠唱片的銷售量和價格都在持續上漲。在這樣的趨勢下，一些熱門的專輯也出現了巨大的漲幅，特別是限量版或特別版的唱片，它們的價格可能會高達數百甚至數千美元。</p>\r\n\r\n\r\n<p>總的來說，黑膠唱片是一種具有收藏價值的投資，但也需要謹慎考慮。如果你是一位熱愛音樂的收藏家，那麼收藏黑膠唱片也是一種享受。但如果你是為了投資而購買黑膠唱片，就需要更加謹慎考慮，以免付出高價卻無法獲取理想的回報。無論如何，黑膠唱片市場都值得我們關注，希望這篇文章能夠幫助你更好地了解這個市場。</p>\r\n', 'https://images.unsplash.com/photo-1526270100824-f033a2377d62?crop=entropy&cs=tinysrgb&fit=max&fm=jpg&ixid=M3w3NTg5MjV8MHwxfHJhbmRvbXx8fHx8fHx8fDE3NDg4NTg4MTB8&ixlib=rb-4.1.0&q=80&w=1080', '2025-06-12 18:06:50', '2025-06-02 18:06:50', '2025-06-02 18:06:50', 0, NULL),
(8, '黑膠唱片保養指南', '<h1>黑膠唱片保養指南</h1>\r\n<p>大家好，我是一位專業的音樂評論家和黑膠唱片收藏家，也是一家黑膠唱片專賣店的主理人。近年來，隨著黑膠唱片的復興，越來越多的人開始收藏黑膠唱片，但是對於如何保養黑膠唱片的知識卻不多。今天，我將和大家分享一些關於如何保養黑膠唱片的重要知識，讓你的黑膠唱片能夠永遠保持最佳的播放狀態。</p>\r\n\r\n<p>首先，要保養黑膠唱片，最重要的就是要保持它的清潔。黑膠唱片表面容易積聚灰塵和汙垢，如果不及時清理，就會影響到唱片的播放效果。清潔黑膠唱片最好的方法就是使用專用的唱片刷和清潔液，將唱片放在轉盤上輕輕旋轉，然後用刷子沿著唱片紋理的方向輕輕刷拭，直到唱片表面乾淨為止。</p>\r\n\r\n<p>其次，要注意保持黑膠唱片的儲存環境。黑膠唱片最怕潮濕和高溫，因此最好的儲存環境就是乾燥、陰涼的地方。另外，要避免將唱片直接放在陽光下曝曬，以免造成唱片表面變形或色斑。如果有條件的話，最好還能提供一個專用的儲存盒，可以有效地保護唱片不受外界因素的影響。</p>\r\n\r\n<p>最後，要注意使用唱片播放器的方法。黑膠唱片播放器是保養唱片的最後一道防線，如果使用不當，很容易就會對唱片造成傷害。要保證唱片播放器的轉盤平穩無震動，可以在播放唱片的同時，使用專用的防震墊或支架，減少外界干擾。另外，也要注意定期清理唱片播放器的唱針，避免灰塵和汙垢影響到唱片的播放品質。</p>\r\n\r\n<p>總結來說，保養黑膠唱片需要注意的地方有很多，但只要掌握了基本方法，並且定期進行清潔和檢查，就能夠保證黑膠唱片的長久使用。希望這篇文章能夠幫助到各位黑膠唱片愛好者，讓我們一起將這項珍貴的音樂遺產保存下去。</p>', 'https://images.unsplash.com/photo-1519677466127-c57393bf453b?crop=entropy&cs=tinysrgb&fit=max&fm=jpg&ixid=M3w3NTg5MjV8MHwxfHJhbmRvbXx8fHx8fHx8fDE3NDg4NTg5Mjh8&ixlib=rb-4.1.0&q=80&w=1080', '2025-06-05 18:08:48', '2025-06-02 18:08:48', '2025-06-02 18:08:48', 0, NULL),
(9, '比較黑膠唱片音質的重要性', '<h1>比較黑膠唱片音質的重要性</h1>\r\n<p>親愛的音樂愛好者們，我是一位專業的音樂評論家和黑膠唱片收藏家，同時也是一家黑膠唱片專賣店的主理人。今天，我想和大家探討一個熱門話題 - 黑膠唱片音質比較。對於喜愛黑膠唱片的我們來說，音質一直都是一個非常重要的因素，因此我們必須正視這個問題，進行比較和分析。</p>\r\n\r\n<p>首先，我們需要明確一點，黑膠唱片的音質比起數位音樂來說是有著明顯的差異。這是因為黑膠唱片是以類比的方式進行錄製，而數位音樂則是以數位的方式進行錄製。因此，黑膠唱片的音質更加溫暖、自然，並且能夠更好地表現音樂的細節和動態。相較之下，數位音樂的音質更加冷冽、平板，並且常常會出現抖動和失真的問題。因此，在這一點上，黑膠唱片優勢明顯。</p>\r\n\r\n<p>其次，我們需要考慮的是黑膠唱片的唱針和唱片表面的磨損問題。由於黑膠唱片是以摩擦的方式進行播放，因此長時間的使用會導致唱針和唱片表面的磨損，進而影響音質。因此，我們需要定期更換唱針，並且妥善保管唱片，避免表面受到刮傷。此外，如果是使用二手黑膠唱片，也需要特別注意唱針和唱片的狀況，以免影響音質。相較之下，數位音樂則沒有這些問題，因此在這一點上數位音樂更加方便和耐用。</p>\r\n\r\n<p>最後，我想強調的是黑膠唱片的聆聽體驗。以我的經驗來說，黑膠唱片的聆聽體驗是數位音樂所無法比擬的。當我們將唱片放置在唱盤上，輕輕放下唱針，聽著唱片上的音樂慢慢旋轉，我們仿佛就置身於表演現場，能夠感受到更多的細節和情感。這樣的聆聽體驗是數位音樂所無法帶給我們的，也是黑膠唱片的獨特之處。</p>', 'https://images.unsplash.com/photo-1494914656837-44eb36fe5471?crop=entropy&cs=tinysrgb&fit=max&fm=jpg&ixid=M3w3NTg5MjV8MHwxfHJhbmRvbXx8fHx8fHx8fDE3NDg4NTg5NDZ8&ixlib=rb-4.1.0&q=80&w=1080', '2025-06-12 18:09:06', '2025-06-02 18:09:06', '2025-06-02 18:09:06', 0, NULL),
(10, '展望2021年的黑膠趨勢', '<h1>展望2021年的黑膠趨勢</h1>\r\n<p>各位音樂愛好者及唱片收藏家們，近年來黑膠唱片市場的復興可說是如日中天，不僅因為其溫暖的音質和經典的封套設計，更是因為其稀有性和收藏價值而受到廣大樂迷的青睞。作為專業的音樂評論家和黑膠唱片專賣店主理人，我非常榮幸能夠與大家一同分享最新的黑膠專輯新訊。</p>\r\n\r\n<p>回顧過去的一年，黑膠唱片市場可謂是充滿了驚喜和挑戰。隨著全球疫情的影響，許多音樂演唱會和活動被取消，這也導致了音樂產業的銷售受到了一定的影響。但同時，這也意味著更多的人在家中尋找娛樂和放鬆的方式，因此黑膠唱片作為一種懷舊和時尚的音樂媒介，受到了更多人的青睞。從許多唱片公司的銷售數據來看，黑膠唱片的銷售額在2020年比前幾年都有顯著的增長，這也驗證了黑膠唱片市場的強勁復甦勢頭。</p>\r\n\r\n<p>在2021年，我們可以預見黑膠唱片市場將會繼續保持穩步增長的趨勢。首先，全球疫情的控制將會為音樂產業帶來更多的積極影響，許多音樂活動和演唱會將會重新開始，這也意味著更多的新專輯將會推出。其次，隨著科技的不斷進步，許多唱片公司也將專注於黑膠唱片的發行，以滿足更多樂迷的需求。同時，黑膠唱片市場也將會出現更多的專輯重新發行，讓許多經典的音樂作品得以重新被樂迷們品味。</p>\r\n\r\n<p>總的來說，黑膠唱片市場在未來的發展仍然充滿了無限的可能性。它不僅僅是一種音樂媒介，更是一種文化和情感的傳承。隨著我們的努力和付出，相信在未來的日子裡，黑膠唱片將會越來越受到大眾的重視和喜愛。</p>', 'https://images.unsplash.com/photo-1596385447162-ac514c8db85c?crop=entropy&cs=tinysrgb&fit=max&fm=jpg&ixid=M3w3NTg5MjV8MHwxfHJhbmRvbXx8fHx8fHx8fDE3NDg4NTg5NzV8&ixlib=rb-4.1.0&q=80&w=1080', '2025-06-18 18:09:36', '2025-06-02 18:09:36', '2025-06-02 18:09:36', 0, NULL),
(11, '黑膠收藏家的必備情報', '<h1>黑膠收藏家的必備情報</h1>\r\n<p>大家好，我是一位專業的音樂評論家、黑膠唱片收藏家，也是一家黑膠唱片專賣店的老闆。今天，我將帶大家一起探討最新的黑膠專輯資訊，讓你更了解這個經典音樂媒介的魅力。</p>\r\n\r\n<p>黑膠唱片一直是我最喜愛的音樂收藏品，它不僅能夠帶給我們優質的音質，更能讓我們感受到復古的魅力。近年來，黑膠唱片的收藏熱潮持續升溫，許多藝人也紛紛推出黑膠專輯，讓這個曾經被淘汰的音樂媒介再次受到關注。</p>\r\n\r\n<p>不僅如此，黑膠唱片也成為了許多音樂愛好者的收藏品，每一張唱片都有著獨特的封面設計和製作工藝，讓收藏者無法抗拒它們的吸引力。有些人甚至會花費大量的時間和金錢去尋找罕見的黑膠唱片，增添收藏的價值。</p>\r\n\r\n<p>除了收藏價值，黑膠唱片也是一種享受音樂的方式。將唱片放在唱盤上，聆聽那獨特的音質，仿佛能夠穿越時空，讓人沈浸在音樂的海洋中。對於我來說，每次聽黑膠唱片都是一次閱讀音樂的體驗，讓我更深入地了解音樂的精髓。</p>\r\n\r\n<p>總結來說，黑膠唱片不僅是一種收藏品，更是一種享受音樂的方式。它的獨特魅力吸引了許多人愛上它，也讓許多藝人重新發現這個經典的音樂媒介。我相信，黑膠唱片的魅力將會持續影響著人們，成為永恆的經典。</p>', 'https://images.unsplash.com/photo-1461360228754-6e81c478b882?crop=entropy&cs=tinysrgb&fit=max&fm=jpg&ixid=M3w3NTg5MjV8MHwxfHJhbmRvbXx8fHx8fHx8fDE3NDg4NjMyNjJ8&ixlib=rb-4.1.0&q=80&w=1080', '2025-06-30 19:21:02', '2025-06-02 19:21:02', '2025-06-02 19:21:02', 0, NULL),
(12, '黑膠唱片收藏指南', '<h1>黑膠唱片收藏指南</h1>\r\n<p>這是一篇關於黑膠唱片的文章。</p>\r\n\r\n<p>黑膠唱片作為一種經典的音樂載體，至今仍然受到許多音樂愛好者的喜愛。</p>\r\n\r\n<p>希望這篇文章能幫助你更了解黑膠唱片的魅力。</p>', 'https://images.unsplash.com/photo-1481772306665-d14161f65314?crop=entropy&cs=tinysrgb&fit=max&fm=jpg&ixid=M3w3NTg5MjV8MHwxfHJhbmRvbXx8fHx8fHx8fDE3NDg4NjMyNzF8&ixlib=rb-4.1.0&q=80&w=1080', '2025-06-12 19:21:11', '2025-06-02 19:21:11', '2025-06-02 19:21:11', 0, NULL),
(13, '訪談：探討黑膠唱片收藏家的熱愛', '<h1>訪談：探討黑膠唱片收藏家的熱愛</h1>\r\n<p>歡迎來到黑膠唱片專賣店，我們今天有幸邀請到一位專業的音樂評論家和黑膠唱片收藏家，讓我們一起來探討他對黑膠唱片的熱愛和收藏心得。</p>\r\n\r\n<p>收藏黑膠唱片是一種獨特的文化，它不僅僅是一種音樂媒介，更是一種生活態度。收藏家們對於每一張黑膠唱片都有著獨特的情感和故事，他們的收藏品不僅僅是一種物品，更是一種珍貴的記憶。</p>\r\n\r\n<p>對於這位收藏家來說，黑膠唱片不僅僅是一種音樂媒介，更是一種收藏的藝術。他認為每一張黑膠唱片都有著獨特的封面設計和製作工藝，每一張都是獨一無二的。收藏黑膠唱片不僅僅是收藏音樂，更是收藏著這些獨特的藝術品。</p>\r\n\r\n<p>除了收藏，這位收藏家也非常重視黑膠唱片的音質。他認為黑膠唱片的音質是無可比擬的，它能夠帶給人一種溫暖和回憶的感覺。他每次收藏一張黑膠唱片，都會花時間去欣賞它的音質，讓自己沉浸在音樂的世界裡。</p>\r\n\r\n<p>總結來說，黑膠唱片收藏家對於黑膠唱片有著獨特的熱愛和情感，他們不僅僅是收藏這些唱片，更是收藏著這些珍貴的記憶。收藏黑膠唱片不僅僅是一種嗜好，更是一種生活態度。讓我們一起感受黑膠唱片的魅力，享受這種獨特的音樂體驗。</p>', 'https://images.unsplash.com/photo-1594333614467-15503a37381a?crop=entropy&cs=tinysrgb&fit=max&fm=jpg&ixid=M3w3NTg5MjV8MHwxfHJhbmRvbXx8fHx8fHx8fDE3NDg4NjMyODd8&ixlib=rb-4.1.0&q=80&w=1080', '2025-06-05 19:21:27', '2025-06-02 19:21:27', '2025-06-02 19:21:27', 0, NULL),
(14, '探討黑膠唱片市場的未來趨勢', '<h1>探討黑膠唱片市場的未來趨勢</h1>\r\n<p>大家好，我是一位專業的音樂評論家和黑膠唱片收藏家，同時也是一間黑膠唱片專賣店的老闆。在過去的幾十年間，黑膠唱片一直都是我們心中最珍貴的音樂寶藏，並且隨著科技的進步，黑膠唱片也逐漸重新回到大眾的視野中。現在，我們來探討一下黑膠唱片市場的未來趨勢吧！</p>\r\n\r\n<p>首先，讓我們回顧一下過去幾年來黑膠唱片的銷售狀況。根據最新的數據顯示，黑膠唱片的銷售量在過去5年間持續成長，並且在2020年更是達到了過去30年來的最高水平。這一趨勢顯示出，黑膠唱片市場正在復興，並且有望在未來繼續保持穩定的增長。</p>\r\n\r\n<p>其次，我們來看看黑膠唱片市場的消費群體。過去，黑膠唱片主要受到老一輩音樂愛好者的青睞，但現在情況已經發生了很大的變化。越來越多的年輕人開始對黑膠唱片感興趣，並且成為了黑膠唱片的忠實粉絲。這也意味著黑膠唱片市場的消費群體正在不斷擴大，未來的市場潛力也將更加巨大。</p>\r\n\r\n<p>最後，我們來探討一下黑膠唱片市場的未來發展方向。隨著科技的不斷進步，黑膠唱片也在不斷演進。現在，許多黑膠唱片都會附帶數位下載碼，讓消費者可以在數位平台上享受到更多的音樂。此外，還有許多黑膠唱片專賣店開始提供網上購物服務，讓消費者可以更方便地購買到想要的唱片。未來，我們也可以期待更多的黑膠唱片專賣店開設，讓我們有更多的選擇。</p>\r\n\r\n<p>總結來說，黑膠唱片市場的未來前景看起來非常光明。隨著越來越多的年輕人對黑膠唱片產生興趣，以及科技的不斷進步，黑膠唱片市場將會繼續保持穩定的增長。我們期待著未來黑膠唱片市場的發展，同時也希望能夠為更多的人帶來美妙的音樂體驗。</p>', 'https://images.unsplash.com/photo-1608560670438-87b1c9570a85?crop=entropy&cs=tinysrgb&fit=max&fm=jpg&ixid=M3w3NTg5MjV8MHwxfHJhbmRvbXx8fHx8fHx8fDE3NDg4NjMzMDZ8&ixlib=rb-4.1.0&q=80&w=1080', '2025-06-10 19:21:46', '2025-06-02 19:21:46', '2025-06-02 19:21:46', 0, NULL),
(15, '黑膠唱片保養', '<h1>黑膠唱片保養</h1>\r\n<p>您好，歡迎來到我的黑膠唱片專賣店。作為一位專業的音樂評論家和黑膠唱片收藏家，我深知黑膠唱片的價值和魅力。不僅是音樂本身，黑膠唱片的保養也是非常重要的。今天，我將和大家一起探討如何正確地保養黑膠唱片，讓您的收藏更加耐用。</p>\r\n\r\n<p>首先，讓我們來了解一下黑膠唱片的材質。黑膠唱片是由聚氯乙烯（PVC）製成的，這種材質非常容易吸附灰塵和污垢。因此，建議您在聆聽黑膠唱片之前，先用專用的軟毛刷輕輕地清掃唱片表面，以去除表面的灰塵。</p>\r\n\r\n<p>其次，正確的存放也是非常重要的。建議您將黑膠唱片存放在乾燥、涼爽的地方，避免陽光直射和高溫。同時，也要避免將黑膠唱片直立存放，以免造成唱片變形。最好的方式是將唱片橫放，並使用專用的外套或內袋保護唱片，避免受到刮傷和灰塵。</p>\r\n\r\n<p>最後，我想分享一個小技巧，就是使用唱片清潔液。專業的唱片清潔液可以有效地去除唱片表面的污垢和靜電，保證音質的純淨。使用時，請先在唱片表面噴上清潔液，然後用乾淨的布輕輕擦拭，最後用乾淨的布再次擦拭乾淨即可。</p>\r\n\r\n<p>總結一下，正確的保養可以讓您的黑膠唱片收藏更加耐用，同時也保證了音質的純淨。希望今天的分享能夠幫助到您，如果您對黑膠唱片保養還有其他疑問，歡迎隨時來信咨詢，我們將竭誠為您服務。</p>\r\n\r\n<p>感謝您的閱讀，期待下次再見。</p>', 'https://images.unsplash.com/photo-1496494218905-aa0568688625?crop=entropy&cs=tinysrgb&fit=max&fm=jpg&ixid=M3w3NTg5MjV8MHwxfHJhbmRvbXx8fHx8fHx8fDE3NDg4NjMzNTl8&ixlib=rb-4.1.0&q=80&w=1080', '2025-06-10 19:22:40', '2025-06-02 19:22:40', '2025-06-02 19:22:40', 0, NULL),
(16, '黑膠唱片收藏', '<h1>黑膠唱片收藏</h1>\r\n<p>嗨，大家好！我是一位專業的音樂評論家和黑膠唱片收藏家，也是一家黑膠唱片專賣店的老闆。今天我要和大家分享最新的黑膠專輯資訊，讓我們一起來探討這些珍貴的音樂寶藏吧！</p>\r\n\r\n<p>首先，我要介紹的是最近在市場上很受矚目的一張黑膠專輯，那就是樂團「The Beatles」的經典作品《Abbey Road》。這張專輯是他們最後一張錄製的專輯，也是他們最成功的專輯之一。這張黑膠唱片充滿了抒情的歌曲，讓人不禁陶醉在其中。如果你還沒有收藏這張專輯，快去尋找一張吧！</p>\r\n\r\n<p>另外，我還要推薦一張來自樂團「Pink Floyd」的傳奇作品《The Dark Side of the Moon》。這張專輯在發行後迅速成為最暢銷的黑膠唱片之一，也被譽為史上最偉大的專輯之一。它深刻的歌詞和獨特的音樂風格，讓人聽了之後難以忘懷。如果你想要一張能夠帶你進入另一個世界的黑膠唱片，這張絕對是不容錯過的。</p>\r\n\r\n<p>最後，我想要分享的是來自樂團「Led Zeppelin」的經典作品《Led Zeppelin IV》。這張專輯不僅僅是他們最成功的作品，也被譽為史上最偉大的搖滾專輯之一。它的音樂風格多樣，從搖滾到藍調再到民謠都能聽得到。如果你是一位音樂愛好者，這張黑膠唱片絕對是必備的收藏品。</p>\r\n\r\n<p>總的來說，黑膠唱片不僅是一種音樂的載體，更是一種文化和價值觀的體現。它們承載著樂團和音樂人的心血，也帶給我們無盡的聆聽樂趣。我希望大家能夠和我一樣，對這些珍貴的黑膠唱片充滿敬意並好好收藏。讓我們一起享受黑膠唱片帶來的美妙音樂旅程吧！</p>', 'https://images.unsplash.com/photo-1489068461847-2fe69e5a5555?crop=entropy&cs=tinysrgb&fit=max&fm=jpg&ixid=M3w3NTg5MjV8MHwxfHJhbmRvbXx8fHx8fHx8fDE3NDg4NjM0MTB8&ixlib=rb-4.1.0&q=80&w=1080', '2025-06-03 19:23:30', '2025-06-02 19:23:30', '2025-06-02 19:23:30', 0, NULL),
(17, '黑膠唱片的保養技巧', '<h1>黑膠唱片的保養技巧</h1>\r\n<p>您好，我是一位專業的音樂評論家和黑膠唱片收藏家，也是一家黑膠唱片專賣店的老闆。今天我將和大家分享一些關於黑膠唱片保養的技巧，希望能幫助到喜愛黑膠唱片的朋友們。</p>\r\n\r\n<p>首先，讓我們來了解一下為什麼黑膠唱片需要保養。黑膠唱片是一種相對較為脆弱的音樂媒介，它們容易受到溫度、潮濕、灰塵等因素的影響。一旦受損，就會影響到音質，甚至無法播放。因此，保養黑膠唱片是非常重要的。</p>\r\n\r\n<p>首先，保持黑膠唱片的乾燥是非常重要的。如果存放的地方潮濕，黑膠唱片容易受潮，導致發霉。因此，建議將黑膠唱片存放在乾燥通風的地方，避免陽光直射。</p>\r\n\r\n<p>其次，避免黑膠唱片受到灰塵的影響。灰塵會附著在唱片上，影響播放效果，甚至造成刮痕。因此，建議在播放前先使用唱片刷或清潔劑清潔黑膠唱片，避免灰塵影響到音質。</p>\r\n\r\n<p>最後，請勿將黑膠唱片直接接觸手指。手指上的油脂會附著在唱片上，影響到播放效果。播放時，請使用唱片夾夾住唱片邊緣，避免手指直接接觸。</p>\r\n\r\n<p>總結一下，保持黑膠唱片的乾燥，避免灰塵和手指的接觸，是保養黑膠唱片的基本要求。如果您想要享受更好的音質，也可以考慮定期更換唱針，清潔唱盤等方法。希望這些小貼士能幫助到您，讓您的黑膠唱片保持最佳狀態，讓您享受更好的音樂體驗。</p>', 'https://images.unsplash.com/photo-1511602747948-967e60908351?crop=entropy&cs=tinysrgb&fit=max&fm=jpg&ixid=M3w3NTg5MjV8MHwxfHJhbmRvbXx8fHx8fHx8fDE3NDg4NjM1MDh8&ixlib=rb-4.1.0&q=80&w=1080', '2025-06-29 19:25:08', '2025-06-02 19:25:08', '2025-06-02 19:25:08', 0, NULL),
(18, '黑膠唱片：音樂史上不可或缺的經典', '<h1>黑膠唱片：音樂史上不可或缺的經典</h1>\r\n<p>大家好，我是一位專業的音樂評論家和黑膠唱片收藏家，也是一家黑膠唱片專賣店的老闆。今天，我想和大家分享一些關於黑膠唱片的歷史和價值。</p>\r\n\r\n<p>黑膠唱片，也被稱為LP唱片，是一種以黑色塑膠製成的音樂儲存媒介。它於20世紀中期開始流行，一直延續到21世紀，雖然現在已被CD和數位音樂所取代，但它仍然被許多音樂愛好者追捧。因為它不僅僅是一種音樂媒介，更是一種珍貴的文化遺產。</p>\r\n\r\n<p>首先，讓我們來看看黑膠唱片的音質。相比於CD和數位音樂，黑膠唱片的音質更加溫暖和豐富。這是因為黑膠唱片的製作過程中，使用了類比方式錄製和播放音樂，而CD和數位音樂則是使用數位化的方式。這使得黑膠唱片的音樂更加有溫度和人情味，讓人更容易沉浸在音樂中。</p>\r\n\r\n<p>其次，黑膠唱片也具有收藏價值。隨著科技的進步，越來越多的人轉向數位音樂，使得黑膠唱片的流通量越來越少。加上它的製作過程較為複雜，使得它具有稀有性和收藏價值。許多音樂家的黑膠唱片也因此成為珍貴的文物，被收藏在博物館或私人收藏家的手中。</p>\r\n\r\n<p>最後，我想強調的是，黑膠唱片是音樂史上不可或缺的經典。它見證了許多音樂家的成長和演變，也讓我們更加深入地理解音樂。每一塊黑膠唱片都有它獨特的故事和價值，它們不僅是一種音樂媒介，更是一種文化的象徵。</p>\r\n\r\n<p>總結來說，黑膠唱片是一種具有歷史、音質和收藏價值的經典音樂媒介。它讓我們回味過去的音樂風格，也讓我們欣賞當今的音樂。作為一位專業的音樂評論家和黑膠唱片收藏家，我希望黑膠唱片的價值能夠被更多人所認識和欣賞。</p>', 'https://images.unsplash.com/photo-1461784180009-21121b2f204c?crop=entropy&cs=tinysrgb&fit=max&fm=jpg&ixid=M3w3NTg5MjV8MHwxfHJhbmRvbXx8fHx8fHx8fDE3NDg4NjM1MzN8&ixlib=rb-4.1.0&q=80&w=1080', '2025-06-19 19:25:33', '2025-06-02 19:25:33', '2025-06-02 19:25:33', 0, NULL),
(19, '黑膠唱片市場趨勢', '<h1>黑膠唱片市場趨勢｜黑膠專輯新訊</h1>\r\n<p>近年來，隨著數位音樂的崛起，許多人認為黑膠唱片已經過時了。但事實上，黑膠唱片市場卻逐年攀升，呈現出穩定的增長趨勢。原因不外乎是因為黑膠唱片擁有獨特的音質和收藏價值，吸引了不少音樂愛好者和收藏家的目光。</p>\r\n\r\n<p>除了傳統的音樂愛好者外，現在也有許多年輕人開始對黑膠唱片產生興趣。這些年輕人通常在數位音樂和黑膠唱片之間找到一種平衡，他們喜歡黑膠唱片帶來的獨特體驗和細膩的音質，同時也享受著數位音樂帶來的便利性。</p>\r\n\r\n<p>另外，隨著許多音樂廠牌開始推出限量版的黑膠唱片，也吸引了許多收藏家的目光。這些限量版的黑膠唱片不僅有獨特的外觀設計，更有許多珍貴的音樂收錄，讓收藏價值大增。因此，黑膠唱片也成為了許多人的收藏投資對象。</p>\r\n\r\n<p>總的來說，黑膠唱片市場的趨勢仍然持續向上，並且擁有著不可替代的地位。如果你還沒有開始收藏黑膠唱片，不妨趁現在把握機會，一起享受這種獨特的音樂體驗吧！</p>\r\n\r\n<p>以上就是我今天想和大家分享的黑膠唱片市場趨勢。希望這篇文章能讓大家對黑膠唱片有更深入的了解，也能夠讓更多人喜歡上這種古典又時尚的音樂媒介。</p>', 'https://images.unsplash.com/photo-1580397424400-2f12fdf0b3e7?crop=entropy&cs=tinysrgb&fit=max&fm=jpg&ixid=M3w3NTg5MjV8MHwxfHJhbmRvbXx8fHx8fHx8fDE3NDg4NjM1NTl8&ixlib=rb-4.1.0&q=80&w=1080', '2025-06-06 19:25:59', '2025-06-02 19:25:59', '2025-06-02 19:25:59', 0, NULL),
(20, '訪談', '<h1>訪談</h1>\r\n<p>大家好，我是專業的音樂評論家和黑膠唱片收藏家，也是一家黑膠唱片專賣店的老闆。今天我們來訪談一位熱愛黑膠唱片的收藏家，一起來聽聽他的收藏心得和分享最近的新訊。</p>\r\n\r\n<p>首先，我想問你是如何開始收藏黑膠唱片的？</p>\r\n<p>其實我從小就喜歡聽音樂，但是直到大學時期才開始收藏黑膠唱片。當時在書店看到一張懷舊的黑膠專輯，就買下了。從此我就愛上了黑膠唱片的溫暖音色和豐富的音樂體驗，也開始收集各種不同類型的黑膠唱片。</p>\r\n\r\n<p>除了收藏外，你還有什麼特別的收藏習慣嗎？</p>\r\n<p>我會定期參加黑膠唱片交易會，和其他收藏家交流和交換心得。我也會定期整理我的收藏，確保唱片的品質和收藏價值。另外，我也會尋找一些限量版或是獨特的黑膠唱片，讓我的收藏更加珍貴和特別。</p>\r\n\r\n<p>那麼，最近有什麼黑膠專輯的新訊可以分享給大家嗎？</p>\r\n<p>當然，最近有一張非常受歡迎的黑膠專輯是The Beatles的《Abbey Road》。這是他們最後一張錄製的專輯，也是他們最具代表性的作品之一。現在重新發行的黑膠版本是經過精心製作的，音質更加清晰細膩，絕對值得收藏。</p>\r\n\r\n<p>最後，你有什麼想對其他想要收藏黑膠唱片的人說的話嗎？</p>\r\n<p>我想說的是，黑膠唱片不僅是一種收藏，更是一種音樂體驗。它能帶給我們不同的聽覺享受，也能讓我們更加了解音樂的歷史和文化。如果你想要收藏黑膠唱片，就要用心去尋找和欣賞它們，絕對會讓你收穫滿滿。</p>\r\n\r\n<p>以上就是今天的訪談內容，希望大家也能加入我們這個熱愛黑膠唱片的大家庭，一起享受音樂的美好！</p>', 'https://images.unsplash.com/photo-1618416094752-977e845b237a?crop=entropy&cs=tinysrgb&fit=max&fm=jpg&ixid=M3w3NTg5MjV8MHwxfHJhbmRvbXx8fHx8fHx8fDE3NDg4NjM1ODl8&ixlib=rb-4.1.0&q=80&w=1080', '2025-06-05 19:26:30', '2025-06-02 19:26:30', '2025-06-02 19:26:30', 0, NULL),
(21, '探訪黑膠唱片收藏家', '<h1>探訪黑膠唱片收藏家</h1>\r\n<p>近日，我有幸探訪了一位熱愛黑膠唱片的收藏家，讓我們一同來探索他的收藏世界吧。</p>\r\n\r\n<p>進入收藏家的家中，首先映入眼簾的是一整牆的黑膠唱片，這些唱片包含了各個年代、不同音樂風格的經典之作。收藏家告訴我，他搜羅這些黑膠唱片不僅僅是為了收藏，更是為了尋找音樂的靈魂，每張唱片背後都是一段美好的回憶。</p>\r\n\r\n<p>在和收藏家的交談中，我深深感受到他對音樂的熱愛。他分享著自己如何從一張張黑膠唱片中感受到音樂帶來的情感震撼，以及對音樂家們的尊敬之情。這種對音樂的熱情感染了我，也讓我重新思考了數位音樂時代的匆忙與流逝。</p>\r\n\r\n<p>結束訪談，收藏家送給我一張他珍藏已久的黑膠唱片，他說這是他最喜歡的一張，希望我能從中感受到音樂的美好。這次探訪讓我深刻感受到，黑膠唱片不僅是一種收藏，更是一種音樂情感的傳承，讓我對音樂與收藏有了全新的體會。</p>', 'https://images.unsplash.com/photo-1525522819526-d571040e1607?crop=entropy&cs=tinysrgb&fit=max&fm=jpg&ixid=M3w3NTg5MjV8MHwxfHJhbmRvbXx8fHx8fHx8fDE3NDg4NjQ0MzR8&ixlib=rb-4.1.0&q=80&w=1080', '2025-06-14 19:40:34', '2025-06-02 19:40:34', '2025-06-02 19:40:34', 0, NULL),
(22, '黑膠唱片的光輝歷史', '<h1>黑膠唱片的光輝歷史</h1>\r\n<p>黑膠唱片，作為音樂媒介的經典代表，承載著豐富的音樂歷史和情感記憶。從上世紀中葉開始普及，黑膠唱片在音樂領域扮演著重要的角色，即使在數位音樂盛行的今天，仍有許多樂迷對黑膠唱片情有獨鍾。</p>\r\n\r\n<p>黑膠唱片不僅是音樂作品的載體，更是藝術品的一種。精美的唱片封套設計，豐富的音樂內容，以及獨特的黑膠紋理，都讓黑膠唱片成為音樂愛好者和收藏家們追逐的寶藏。在專賣店中，你可以找到從搖滾、爵士到古典音樂等豐富的音樂類型的黑膠唱片。</p>\r\n\r\n<p>擁有一枚黑膠唱片，就像擁有一段時光隧道，讓人可以聆聽到過去的音樂和情感。無論是舊金曲的經典還是新專輯的發行，黑膠唱片都在延續著音樂的美好傳統。讓我們一起沉浸在黑膠唱片的音樂海洋中，感受音樂帶來的溫暖和力量。</p>\r\n\r\n<p>黑膠唱片是音樂歷史的見證者，也是音樂文化的寶庫。讓我們一起珍惜這份珍貴的音樂遺產，讓黑膠唱片的光芒永不褪色。</p>', 'https://images.unsplash.com/photo-1531060504220-d30bebf3daaf?crop=entropy&cs=tinysrgb&fit=max&fm=jpg&ixid=M3w3NTg5MjV8MHwxfHJhbmRvbXx8fHx8fHx8fDE3NDg4NjQ0NDR8&ixlib=rb-4.1.0&q=80&w=1080', '2025-06-19 19:40:44', '2025-06-02 19:40:44', '2025-06-02 19:40:44', 0, NULL),
(23, '探訪黑膠唱片收藏家', '<h1>探訪黑膠唱片收藏家</h1>\r\n<p>近日，我有幸訪問了一位專業的黑膠唱片收藏家，讓我們一同走進他收藏的寶藏世界。</p>\r\n\r\n<p>這位收藏家從小就對音樂充滿熱愛，並認為黑膠唱片的音質與風味無法被數位音樂所取代。他的收藏涵蓋了多個音樂類型，從搖滾、爵士到古典，每一張黑膠唱片都是他用心挑選的珍品。</p>\r\n\r\n<p>在訪談過程中，他分享了收藏黑膠唱片的樂趣，不僅僅是音樂本身帶來的享受，更是從唱片封套設計到唱片本身的質感，讓他感受到與數位音樂不同的觸感與溫度。</p>\r\n\r\n<p>結束訪談時，這位收藏家分享了他對黑膠唱片的熱情，並鼓勵更多的人加入到黑膠唱片收藏的行列中，感受來自膠片音樂的獨特魅力。</p>', 'https://images.unsplash.com/photo-1473646590311-c48e1bc77b44?crop=entropy&cs=tinysrgb&fit=max&fm=jpg&ixid=M3w3NTg5MjV8MHwxfHJhbmRvbXx8fHx8fHx8fDE3NDg4NjQ0NTN8&ixlib=rb-4.1.0&q=80&w=1080', '2025-06-11 19:40:53', '2025-06-02 19:40:53', '2025-06-02 19:40:53', 0, NULL),
(24, '天碟唱片', '<h1>天碟唱片</h1>\r\n<p>近年來，黑膠唱片市場持續升溫，不僅讓許多音樂愛好者重拾對傳統音響的熱愛，也讓許多樂迷重新感受到黑膠唱片帶來的獨特音質魅力。在眾多黑膠唱片品牌中，天碟唱片以其精選的專輯、豐富的音樂類型和高品質的唱片製作，深受樂迷喜愛。</p>\r\n\r\n<p>天碟唱片專注於經典音樂、爵士樂和搖滾樂等領域，旗下擁有眾多知名音樂家的錄音專輯，無論是Pink Floyd的經典專輯還是John Coltrane的爵士名盤，天碟唱片都能滿足不同樂迷的收藏需求。每一張唱片都經過精心挑選和製作，確保呈現最原汁原味的音樂享受。</p>\r\n\r\n<p>除了經典音樂外，天碟唱片還積極發掘新銳音樂人的作品，推出不少具有實驗性和創新性的黑膠專輯，讓樂迷們可以在黑膠的音色中感受到時代的脈動和音樂的多元發展。這種融合了傳統和現代元素的音樂風格，使得天碟唱片在黑膠市場中獨樹一幟。</p>\r\n\r\n<p>總括而言，天碟唱片不僅是一個黑膠唱片品牌，更是一個將音樂與品味相結合的文化符號。無論您是追求音質還是收藏價值，天碟唱片都能滿足您對音樂的所有想像。讓我們一起沉浸在黑膠的世界中，感受音樂帶來的獨特魅力！</p>', 'https://images.unsplash.com/photo-1516463848986-a3925e004328?crop=entropy&cs=tinysrgb&fit=max&fm=jpg&ixid=M3w3NTg5MjV8MHwxfHJhbmRvbXx8fHx8fHx8fDE3NDg4NjQ0NjR8&ixlib=rb-4.1.0&q=80&w=1080', '2025-06-14 19:41:05', '2025-06-02 19:41:05', '2025-06-02 19:41:05', 0, NULL),
(25, '探訪真正的黑膠唱片收藏家', '<h1>探訪真正的黑膠唱片收藏家</h1>\r\n<p>在這個數位音樂時代，黑膠唱片被許多人視為珍貴的音樂收藏品，而真正的黑膠唱片收藏家卻是少之又少。今天，我們有幸訪問了一位專業的黑膠唱片收藏家，讓我們一窺他的音樂收藏世界。</p>\r\n\r\n<p>這位收藏家自幼便熱愛音樂，從父親的收藏中接觸到黑膠唱片，從此開啟了他的收藏之旅。他告訴我們，黑膠唱片不僅是音樂的媒介，更是一段段歷史的記錄，每一張唱片背後都有著獨特的故事。</p>\r\n\r\n<p>在收藏的過程中，他最珍惜的是與其他收藏家的交流。通過交流，他不僅擴展了自己的音樂視野，還結識了許多志同道合的朋友。對他來說，黑膠唱片不僅是收藏，更是一種生活方式，一種對音樂的熱愛。</p>\r\n\r\n<p>結束訪談時，這位收藏家分享了他對於黑膠唱片的看法：「黑膠唱片是音樂的精髓所在，它帶有一種獨特的溫暖和回憶，讓人仿佛能夠聽見時光流逝的聲音。我希望透過我的收藏，讓更多人認識和愛上這種古老而珍貴的音樂形式。」</p>', 'https://images.unsplash.com/photo-1489068353139-3740c7af5fb4?crop=entropy&cs=tinysrgb&fit=max&fm=jpg&ixid=M3w3NTg5MjV8MHwxfHJhbmRvbXx8fHx8fHx8fDE3NDg4NjQ0OTN8&ixlib=rb-4.1.0&q=80&w=1080', '2025-06-15 19:41:33', '2025-06-02 19:41:33', '2025-06-02 19:41:33', 0, NULL),
(26, '如何正確保養您的黑膠唱片', '<h1>如何正確保養您的黑膠唱片</h1>\r\n<p>近年來，黑膠唱片在音樂愛好者中重新掀起了一股熱潮，許多人紛紛開始重拾這種古老的聆聽方式。然而，擁有一張黑膠唱片不僅僅是為了收藏，更重要的是要好好保養它，讓音質保持最佳狀態。</p>\r\n\r\n<p>首先，保持黑膠唱片的清潔是至關重要的。使用專業的黑膠唱片清潔套件，輕輕清潔唱片表面的灰塵和污垢，避免使用化學溶劑或含酒精的清潔劑，以免損壞唱片。</p>\r\n\r\n<p>其次，儲存黑膠唱片時要注意避免高溫和潮濕的環境，最好放置在專用的黑膠唱片收納盒中，垂直存放，避免水平壓疊，以免造成唱片變形。定期翻動唱片，讓唱片不同部分均勻受壓。</p>\r\n\r\n<p>最後，使用適當的唱碟機和唱頭也能延長黑膠唱片的壽命。選擇高品質的唱頭，避免使用磨損嚴重的唱針，定期更換唱針以確保音質清晰細膩。</p>\r\n\r\n<p>總而言之，正確的保養方式能讓您珍藏的黑膠唱片更持久地保持出色的音質，讓您在品味音樂的旅程中獲得更多的享受。</p>', 'https://images.unsplash.com/photo-1500561135411-5d4758cf66f8?crop=entropy&cs=tinysrgb&fit=max&fm=jpg&ixid=M3w3NTg5MjV8MHwxfHJhbmRvbXx8fHx8fHx8fDE3NDg4NjQ1NDd8&ixlib=rb-4.1.0&q=80&w=1080', '2025-06-11 19:42:27', '2025-06-02 19:42:27', '2025-06-02 19:42:27', 0, NULL),
(27, '訪談黑膠專家', '<h1>訪談黑膠專家</h1>\r\n<p>近日，我有幸訪問了一位熱愛收藏黑膠唱片的音樂愛好者，讓我們一起來了解他對黑膠唱片的熱情與堅持。</p>\r\n\r\n<p>在訪談中，這位收藏家分享了他的收藏故事。他說，對他而言，黑膠唱片不僅是音樂作品，更是一段段寶貴的回憶。每一張黑膠唱片背後都有著獨特的故事，讓他沈浸其中無法自拔。</p>\r\n\r\n<p>除了對音樂的熱愛外，這位收藏家也非常注重黑膠唱片的保存和品質。他花費許多心力在唱片的保養和收納上，希望將這份珍藏傳承下去，讓更多人能夠感受到黑膠唱片的獨特魅力。</p>\r\n\r\n<p>訪談的尾聲，這位收藏家分享了他未來的收藏計畫，他表示將繼續努力尋找更多珍稀的黑膠唱片，並計劃舉辦一場黑膠唱片展覽，讓更多人了解並愛上這門藝術。這段訪談讓我們深深感受到，黑膠唱片不僅是一種音樂形式，更是一種文化的傳承。</p>', 'https://images.unsplash.com/photo-1481358758723-4601c3107e65?q=80&w=2896&auto=format&fit=crop&ixlib=rb-4.1.0&ixid=M3wxMjA3fDB8MHxwaG90by1wYWdlfHx8fGVufDB8fHx8fA%3D%3D', '2025-06-26 19:42:38', '2025-06-02 19:42:38', '2025-06-02 19:42:38', 0, NULL),
(28, '黑膠唱片價格分析', '<h1>黑膠唱片價格分析</h1>\r\n<p>近年來，黑膠唱片市場持續升溫，許多音樂愛好者重新發現了這種古老而經典的音樂媒介。隨著需求的增加，黑膠唱片的價格也水漲船高，讓許多人想要了解其中的價值與趨勢。</p>\r\n\r\n<p>在眾多黑膠唱片中，珍稀度是影響價格的重要因素之一。像是某些知名樂團或歌手的限量版黑膠，或是已絕版多年的老唱片，往往會被視為珍貴收藏品，因此價格也相對較高。</p>\r\n\r\n<p>除了珍稀度外，黑膠唱片的音質和保存狀況也會直接影響價格。一張音質上乘、保存完好的黑膠唱片往往能吸引更多收藏者，因此在交易市場上會有較高的成交價。</p>\r\n\r\n<p>總的來說，黑膠唱片的價格是由多種因素共同決定的，包括珍稀度、音質、保存狀況等。對於想要投資或收藏黑膠唱片的人來說，除了熱愛音樂外，也需要對市場動態有一定的了解，才能做出明智的選擇。</p>', 'https://images.unsplash.com/photo-1511735111819-9a3f7709049c?q=80&w=2048&auto=format&fit=crop&ixlib=rb-4.1.0&ixid=M3wxMjA3fDB8MHxwaG90by1wYWdlfHx8fGVufDB8fHx8fA%3D%3D', '2025-07-01 19:42:43', '2025-06-02 19:42:43', '2025-06-02 19:42:43', 0, NULL),
(29, '黑膠唱片市場現況', '<h1>黑膠唱片市場現況</h1>\r\n<p>近年來，隨著數位音樂的盛行，黑膠唱片市場似乎再度備受矚目。許多音樂愛好者紛紛投入收藏黑膠唱片的懷抱，感受著唱片獨特的音質與懷舊的觸感。</p>\r\n\r\n<p>在這個數位音樂主宰的時代，黑膠唱片的回歸也帶動了許多老牌專輯的再次發行，許多經典專輯如Pink Floyd的《The Dark Side of the Moon》、The Beatles的《Abbey Road》等紛紛推出黑膠版本，吸引了廣大樂迷的目光。</p>\r\n\r\n<p>除了經典專輯的重印外，越來越多新晉音樂人也選擇在黑膠唱片上發行專輯，帶給樂迷全新的聆聽體驗。一張黑膠唱片不僅是音樂作品，更是一件藝術品，許多黑膠唱片的包裝設計精美，成為樂迷收藏的珍寶。</p>\r\n\r\n<p>總結來說，黑膠唱片市場雖然在數位音樂的衝擊下曾一度式微，但隨著懷舊風潮興起，黑膠唱片再度展現其獨特魅力。不論是追尋經典還是發掘新聲，黑膠唱片市場都將持續吸引著樂迷的目光。</p>', 'https://images.unsplash.com/photo-1512509817826-2f35492fe934?q=80&w=2304&auto=format&fit=crop&ixlib=rb-4.1.0&ixid=M3wxMjA3fDB8MHxwaG90by1wYWdlfHx8fGVufDB8fHx8fA%3D%3D', '2025-07-01 19:42:48', '2025-06-02 19:42:48', '2025-06-02 19:42:48', 0, NULL),
(30, '經典廠牌再現\r\n', '<h1>經典廠牌再現</h1>\r\n<p>近年來，黑膠唱片市場逐漸回暖，許多音樂愛好者重新發現了黑膠唱片帶來的獨特魅力。在眾多黑膠唱片品牌中，有一些備受矚目，不僅因其音質出色，更因其匠心獨具的製作工藝。</p>\r\n\r\n<p>其中，「聲響之光」是一個極具代表性的黑膠唱片品牌，專注於經典音樂的製作與發行。他們不僅挑選優質的音源進行重新混音，更將製作工藝推向極致，確保每一張唱片都是無可挑剔的藝術品。無論是古典音樂還是爵士樂，「聲響之光」的黑膠唱片都能帶給聽眾身臨其境的音樂享受。</p>\r\n\r\n<p>另一個值得一提的品牌是「韻律時代」，他們專注於推廣獨立音樂和地下樂團的作品。在「韻律時代」的黑膠唱片中，你可以發現許多前衛音樂的新面貌，這些音樂作品充滿創意與靈感，每一次放聲都讓人耳目一新。這些黑膠唱片不僅展示了音樂的多樣性，更彰顯了「韻律時代」對音樂的熱愛與堅持。</p>\r\n\r\n<p>總的來說，無論是喜愛古典音樂還是追求前衛的音樂探索，黑膠唱片都能滿足你對音樂的所有幻想。在這個數位音樂泛濫的時代，黑膠唱片以其獨特的溫暖音質和豐富的包裝設計，重新贏得了樂迷的青睞。讓我們一起沉浸在黑膠唱片帶來的奇妙音樂之旅中吧！</p>', 'https://images.unsplash.com/photo-1587731556938-38755b4803a6?q=80&w=2956&auto=format&fit=crop&ixlib=rb-4.1.0&ixid=M3wxMjA3fDB8MHxwaG90by1wYWdlfHx8fGVufDB8fHx8fA%3D%3D', '2025-06-28 19:42:55', '2025-06-02 19:42:55', '2025-06-02 19:42:55', 0, NULL),
(31, '黑膠唱片音質比較', '<h1>黑膠唱片音質比較</h1>\r\n<p>作為一位熱愛音樂的收藏家或許你曾經聽過許多關於黑膠唱片音質的傳言，但究竟黑膠唱片的音質到底如何？讓我們一起來探討。</p>\r\n\r\n<p>首先，黑膠唱片因其模擬的製作方式，能夠提供更豐富的音樂細節和更溫暖的音色。相比數位音樂，黑膠唱片所呈現的聲音更為自然，讓人仿佛置身於現場音樂表演之中。</p>\r\n\r\n<p>其次，在音樂品質方面，黑膠唱片通常擁有更廣泛的動態範圍和更少的失真，這使得聆聽者可以更好地感受到音樂的深度和層次。對於追求高品質音響的收藏家來說，黑膠唱片絕對是不可或缺的選擇。</p>\r\n\r\n<p>總結來說，儘管數位音樂在便利性上具有明顯優勢，但黑膠唱片所帶來的音質饗宴是無法被取代的。如果你追求音樂的極致享受，那麼不妨一試黑膠唱片，讓自己沉浸在那獨特的音樂氛圍中。</p>', 'https://images.unsplash.com/photo-1511671782779-c97d3d27a1d4?w=800&auto=format&fit=crop&q=60', '2025-07-01 19:49:11', '2025-06-02 19:49:11', '2025-06-02 19:49:11', 0, NULL),
(32, '如何正確保養您的黑膠唱片', '<h1>如何正確保養您的黑膠唱片</h1>\r\n<p>作為一位黑膠唱片收藏家，您必然深知黑膠唱片的價值和重要性。然而，要確保您的黑膠唱片能夠保持最佳的音質和長久保存，正確的保養是至關重要的。</p>\r\n\r\n<p>首先，保持黑膠唱片的清潔是保養的關鍵。使用專業的黑膠唱片清潔劑和軟毛刷，定期清潔您的唱片表面和槽。避免使用含酒精或化學物質的清潔劑，以免損壞唱片。另外，存放黑膠唱片時，避免直接陽光照射和高溫潮濕的環境。</p>\r\n\r\n<p>其次，使用適當的唱片播放設備也是保養的重要一環。確保唱頭清潔，調整適當的壓力和速度，避免在播放時碰觸唱片表面。另外，避免長時間連續播放同一張唱片，給予唱片休息時間，有助於延長唱片壽命。</p>\r\n\r\n<p>最後，定期檢查您的黑膠唱片，包括檢查是否有刮痕或彎曲，及時處理。如果您發現有任何損壞或異常，請尋求專業的唱片修復服務，以確保您的黑膠唱片能夠保持最佳的音質和價值。</p>\r\n\r\n<p>綜合以上幾點，正確的保養將使您的黑膠唱片保持如新般的音質和外觀，並延長其壽命。珍惜每一張黑膠唱片，讓音樂永遠陪伴著您。</p>', 'https://images.unsplash.com/photo-1511671782779-c97d3d27a1d4?w=800&auto=format&fit=crop&q=60', '2025-06-15 19:49:37', '2025-06-02 19:49:37', '2025-06-02 19:49:37', 0, NULL),
(33, '如何正確保存黑膠唱片', '<h1>如何正確保存黑膠唱片</h1>\r\n<p>作為一名黑膠唱片收藏家或樂迷，正確的保養方式對於延長黑膠唱片的壽命至關重要。下面將分享一些關於如何正確保存黑膠唱片的建議，讓您的珍藏品能夠經久耐用。</p>\r\n\r\n<p>首先，儘量避免將黑膠唱片暴露在陽光直射下，陽光會造成唱片表面的變形和色彩褪去。另外，避免將黑膠唱片存放在潮濕的環境中，潮濕容易造成唱片發霉、變形等問題。</p>\r\n\r\n<p>其次，在放置黑膠唱片時，建議使用專用的唱片收納盒或袋來保護唱片表面不受灰塵、刮傷或污染。另外，在取用黑膠唱片時，要注意手部衛生，避免手上有油污或灰塵，以免污染唱片表面。</p>\r\n\r\n<p>最後，定期清潔黑膠唱片也是保養的重要環節。您可以使用專用的黑膠唱片清潔套裝，輕柔地清潔唱片表面，去除灰塵和污垢，保持唱片表面的清潔度。</p>\r\n\r\n<p>綜合以上建議，正確保存黑膠唱片不僅能保護您的收藏價值，更能讓您享受更高品質的音樂饗宴。希望這些小貼士能幫助您維護珍藏的黑膠唱片，讓音樂永遠陪伴在您身邊。</p>', 'https://images.unsplash.com/photo-1618972677284-1d89b5f526c3?crop=entropy&cs=tinysrgb&fit=max&fm=jpg&ixid=M3w3NTg5MjV8MHwxfHJhbmRvbXx8fHx8fHx8fDE3NDg4NjU5NTB8&ixlib=rb-4.1.0&q=80&w=1080', '2025-06-29 20:05:50', '2025-06-02 20:05:50', '2025-06-02 20:05:50', 0, NULL),
(34, '探索高品質音響：黑膠唱片播放設備', '<h1>探索高品質音響：黑膠唱片播放設備</h1>\r\n<p>對於音樂愛好者來說，黑膠唱片一直是無法取代的經典之一。與數位音樂相比，黑膠唱片擁有獨特的音質魅力，讓人沈浸在濃郁的音樂氛圍中。要充分體驗黑膠唱片帶來的音樂享受，除了優質的唱片外，播放設備也起著至關重要的作用。</p>\r\n\r\n<p>首先，選擇一台高品質的唱片播放器是至關重要的。優秀的唱片播放器不僅能確保音質的細膩度和清晰度，還能減少對唱片的磨損，延長唱片的壽命。在選擇播放器時，除了注重轉盤的轉速和馬達的穩定性外，還應考慮唱頭、唱臂和唱針的品質，這些因素直接關係到音質的表現。</p>\r\n\r\n<p>其次，音響設備也是影響音質的關鍵因素之一。一套優質的音響系統能夠將黑膠唱片中的音樂細節和情感表現得淋漓盡致。選擇適合的音響設備時，需考慮功率、頻率響應、聲壓級等技術指標，同時也要根據個人喜好和聆聽環境來做出適當的選擇。</p>\r\n\r\n<p>總的來說，擁有一套完善的黑膠唱片播放設備不僅可以帶來卓越的音質體驗，更能讓您享受到音樂帶來的愉悅和感動。投資於優質的播放設備，是對音樂和自己的一種尊重，也是追求音樂品質的必經之路。</p>', 'https://images.unsplash.com/photo-1522574970870-277fba960e0d?crop=entropy&cs=tinysrgb&fit=max&fm=jpg&ixid=M3w3NTg5MjV8MHwxfHJhbmRvbXx8fHx8fHx8fDE3NDg4NjU5NTd8&ixlib=rb-4.1.0&q=80&w=1080', '2025-06-17 20:05:58', '2025-06-02 20:05:58', '2025-06-02 20:05:58', 0, NULL),
(35, '探索黑膠唱片播放設備的奧秘', '<h1>探索黑膠唱片播放設備的奧秘</h1>\r\n<p>對於許多音樂愛好者來說，黑膠唱片是一種獨特而珍貴的音樂收藏品。而要完整地享受黑膠唱片帶來的音樂饗宴，除了高品質的唱片外，播放設備也是至關重要的一環。</p>\r\n\r\n<p>在選購黑膠唱片播放設備時，首要考慮的是唱臂和唱頭，它們直接影響著唱片的播放效果。優質的唱臂能確保唱針準確地滑過唱片槽，避免刮傷唱片表面；而精良的唱頭則能提供清晰細膩的音質，讓音樂重現原音。</p>\r\n\r\n<p>除此之外，擁有良好的轉盤和馬達系統也是不可或缺的。穩定的轉盤能確保唱片平穩旋轉，避免音溝跳針；而強勁的馬達系統則能確保轉盤轉速穩定，不會影響音樂的節奏和音調。</p>\r\n\r\n<p>總結來說，選購黑膠唱片播放設備時，除了注重外觀和價格外，更應該重視內在的唱臂、唱頭、轉盤和馬達系統等關鍵部件。只有擁有高品質的播放設備，才能真正展現黑膠唱片所帶來的音樂魅力，讓您沉浸在獨特的音樂世界中。</p>', 'https://images.unsplash.com/photo-1608321632050-4ad4a4a74ae5?crop=entropy&cs=tinysrgb&fit=max&fm=jpg&ixid=M3w3NTg5MjV8MHwxfHJhbmRvbXx8fHx8fHx8fDE3NDg4NjU5NjR8&ixlib=rb-4.1.0&q=80&w=1080', '2025-06-22 20:06:04', '2025-06-02 20:06:04', '2025-06-02 20:06:04', 0, NULL),
(36, '探訪黑膠唱片收藏家心聲', '<h1>探訪黑膠唱片收藏家心聲</h1>\r\n<p>近日，我有幸採訪了一位熱愛黑膠唱片的收藏家，讓我們一同走進他的音樂世界，探索他對黑膠唱片的熱情與堅持。</p>\r\n\r\n<p>這位收藏家名叫張先生，他的收藏室堆滿了各式各樣的黑膠唱片，從搖滾、爵士到古典音樂，應有盡有。在和他的交流中，我深深感受到他對音樂的熱愛與對黑膠唱片的堅持。張先生告訴我，黑膠唱片的音質和溫暖的音色是其他音樂媒介所無法比擬的，每一張黑膠唱片都是他心中音樂的寶藏。</p>\r\n\r\n<p>除了對音質的追求外，張先生也熱衷於尋找珍稀的黑膠唱片，他認為每一張黑膠唱片背後都有著獨特的故事和價值，收藏黑膠唱片不僅是對音樂的愛，更是對文化和歷史的珍視。他分享了許多收藏心得，從如何保養黑膠唱片到如何辨別真偽，無一不展現著他對這門藝術的專業與熱情。</p>\r\n\r\n<p>結束訪談時，張先生向我播放了一張他最珍藏的黑膠唱片，那股濃濃的懷舊氛圍和細膩的音質讓我對黑膠唱片重新燃起了興趣。這次訪談讓我深刻感受到，黑膠唱片不僅是一種音樂媒介，更是承載著人們對音樂、文化和時代記憶的珍貴載體。</p>', 'https://images.unsplash.com/photo-1629124985795-896afbb07d7b?crop=entropy&cs=tinysrgb&fit=max&fm=jpg&ixid=M3w3NTg5MjV8MHwxfHJhbmRvbXx8fHx8fHx8fDE3NDg4NjU5NzF8&ixlib=rb-4.1.0&q=80&w=1080', '2025-06-11 20:06:11', '2025-06-02 20:06:11', '2025-06-02 20:06:11', 0, NULL),
(37, '迷人的黑膠唱片世界', '<h1>迷人的黑膠唱片世界</h1>\r\n<p>歡迎來到黑膠唱片的奇妙世界，這裡充滿了音樂的記憶與情感。作為一位熱愛音樂的收藏家和黑膠唱片專賣店老闆，我深深著迷於黑膠唱片所帶來的獨特韻味與觸感。</p>\r\n\r\n<p>每一塊黑膠唱片都是一段音樂歷史的見證，從懷舊的搖滾樂、爵士樂到古典樂，每張專輯都承載著獨特的聲音和故事。透過黑膠唱片，我們可以重溫過去的音樂時光，感受那細膩的音質與情感表達。</p>\r\n\r\n<p>在這個數位音樂充斥的時代，黑膠唱片的復興讓人重新認識了音樂的價值。除了音質上的優勢外，黑膠唱片也讓人重拾對音樂的尊重與耐心，因為每一次放聲之前，我們都需要花時間清潔唱頭、調整播放器，享受整個準備過程，這正是數位音樂無法帶來的樂趣。</p>\r\n\r\n<p>總而言之，黑膠唱片不僅僅是一種音樂媒介，更是一種生活態度。它讓我們細細品味音樂的細節，感受到音樂背後的情感流動。如果你也對音樂充滿熱情，不妨來探索黑膠唱片的魅力，讓音樂在黑膠的旋律中繼續流淌。</p>', 'https://images.unsplash.com/photo-1620704075906-27bfa0d54f3b?crop=entropy&cs=tinysrgb&fit=max&fm=jpg&ixid=M3w3NTg5MjV8MHwxfHJhbmRvbXx8fHx8fHx8fDE3NDg4NjU5Nzd8&ixlib=rb-4.1.0&q=80&w=1080', '2025-07-02 20:06:18', '2025-06-02 20:06:18', '2025-06-02 20:06:18', 0, NULL),
(38, '探索品味：知名黑膠唱片品牌介紹', '<h1>探索品味：知名黑膠唱片品牌介紹</h1>\r\n<p>作為一位熱愛音樂、追求品質的黑膠唱片收藏家，對於不同的唱片品牌和製作工藝都有著深入的了解和研究。在眾多品牌中，有幾個知名的黑膠唱片製造商以其獨特的特色和優質的音質而脫穎而出，讓音樂愛好者趨之若鶩。</p>\r\n\r\n<p>首先，提到黑膠唱片，就不得不提到「Mobile Fidelity Sound Lab」（MFSL）。這個美國品牌以其對音質的極致追求而聞名於世。他們使用專利技術和高品質材料製作唱片，保證每一張唱片都能呈現最細膩的音樂細節，讓聆聽者享受到最純粹的音樂饗宴。</p>\r\n\r\n<p>另一個值得一提的品牌是「Analogue Productions」。這家品牌致力於將優秀錄音師的作品以最高品質的方式呈現給觀眾。他們選擇最好的錄音室和製作工藝，打造出音質極致完美的黑膠唱片，讓音樂愛好者能夠身臨其境地感受到音樂的魅力。</p>\r\n\r\n<p>最後，「Vinyl Me, Please」這個品牌則將黑膠唱片帶入了現代音樂愛好者的生活。他們推出每月精選的黑膠唱片訂閱服務，讓訂戶每月收到一張獨特的專輯，豐富他們的音樂收藏。這種新穎的方式吸引了許多年輕人加入到黑膠唱片的世界中來。</p>\r\n\r\n<p>無論是對音質的追求、對經典唱片的珍藏，還是對音樂文化的傳承，這些知名黑膠唱片品牌都在不同的層面上豐富了黑膠唱片的世界，讓我們能夠更深入地探索音樂的魅力。</p>\r\n\r\n<p>以上僅是我個人對於幾個知名黑膠唱片品牌的簡要介紹，希望能夠引起你對黑膠唱片的興趣，並進一步探索這個充滿魅力的音樂世界。</p>\r\n\r\n<p>來自專業音樂評論家與黑膠唱片專賣店老闆的介紹，希望能夠為您帶來更多關於黑膠唱片的新訊。</p>', 'https://images.unsplash.com/photo-1625306944685-1b9933a79165?crop=entropy&cs=tinysrgb&fit=max&fm=jpg&ixid=M3w3NTg5MjV8MHwxfHJhbmRvbXx8fHx8fHx8fDE3NDg4NjU5OTR8&ixlib=rb-4.1.0&q=80&w=1080', '2025-06-29 20:06:34', '2025-06-02 20:06:34', '2025-06-02 20:06:34', 0, NULL),
(39, '探索音樂之美：黑膠唱片展覽活動', '<h1>探索音樂之美：黑膠唱片展覽活動</h1>\r\n<p>親愛的音樂愛好者們，踏入這個令人心驚膽跳的音樂之旅！我們將在本週末舉辦一場獨一無二的黑膠唱片展覽活動，讓您沉浸在濃厚的音樂氛圍中。</p>\r\n\r\n<p>這次展覽將集結來自世界各地的珍貴黑膠唱片，從搖滾、爵士到古典，各種音樂類型應有盡有。您將有機會近距離欣賞那些經典封面設計，感受黑膠唱片獨有的溫暖音質，彷彿穿越時光隧道，重溫激動人心的音樂時刻。</p>\r\n\r\n<p>除了欣賞展覽中的珍品黑膠唱片外，我們還將設置專業的音響設備，讓您即場聆聽那些音樂傳奇的經典作品。您可以盡情沉浸在音樂的海洋中，感受每一個音符帶來的震撼與感動。</p>\r\n\r\n<p>無論您是黑膠唱片的收藏家，還是單純熱愛音樂的朋友，這場展覽活動絕對不容錯過！讓我們一同探索音樂之美，共同譜寫屬於我們的音樂時代。</p>\r\n\r\n<p>不要錯過這個難得的機會，加入我們的黑膠唱片展覽活動，一同感受音樂的魅力，一起創造屬於音樂的奇蹟！</p>', 'https://images.unsplash.com/photo-1534445817031-c529c7186f30?crop=entropy&cs=tinysrgb&fit=max&fm=jpg&ixid=M3w3NTg5MjV8MHwxfHJhbmRvbXx8fHx8fHx8fDE3NDg4NjYwMDd8&ixlib=rb-4.1.0&q=80&w=1080', '2025-06-23 20:06:47', '2025-06-02 20:06:47', '2025-06-02 20:06:47', 0, NULL),
(40, '黑膠唱片的歷史與魅力', '<h1>黑膠唱片的歷史與魅力</h1>\r\n<p>黑膠唱片是音樂史上不可或缺的一部分，它承載著豐富的音樂記憶和文化價值，深受許多樂迷和收藏家的喜愛。從最初的膠片唱片到後來的黑膠唱片，這種音樂媒介一直在演變和發展，成為了音樂產業中不可或缺的存在。</p>\r\n\r\n<p>黑膠唱片的興起可以追溯到20世紀初，當時它是主要的音樂媒介之一，直到後來被CD和數位音樂所取代。然而，近年來黑膠唱片卻重新走入大眾視野，許多人重新發現了黑膠唱片所帶來的獨特魅力，包括溫暖的音色、豐富的封面設計以及收藏的價值。</p>\r\n\r\n<p>在當今數位化的音樂世界中，黑膠唱片代表著一種對過去音樂的回憶和尊重，也是一種對音樂品質和聆聽經驗的追求。無論是品味音樂還是純粹收藏，黑膠唱片都有著獨特的魅力，讓人無法抗拒。</p>\r\n\r\n<p>總的來說，黑膠唱片雖然在音樂媒介的演變中逐漸式微，但它所代表的音樂文化和價值卻是永恆的。無論是熱愛音樂的人還是收藏家，都能在黑膠唱片中找到屬於自己的音樂天堂，享受獨一無二的聆聽體驗。</p>', 'https://images.unsplash.com/photo-1543983419-dbdc20257c3d?crop=entropy&cs=tinysrgb&fit=max&fm=jpg&ixid=M3w3NTg5MjV8MHwxfHJhbmRvbXx8fHx8fHx8fDE3NDg4NjYwMTN8&ixlib=rb-4.1.0&q=80&w=1080', '2025-06-22 20:06:54', '2025-06-02 20:06:54', '2025-06-02 20:06:54', 0, NULL),
(41, '探訪黑膠唱片收藏家：音樂永不凋零的靈魂', '<h1>探訪黑膠唱片收藏家：音樂永不凋零的靈魂</h1>\r\n<p>在這個數位音樂主導的時代，黑膠唱片收藏仍然在一群熱愛音樂的人心中佔有一席之地。這些黑膠唱片收藏家不僅僅是音樂的愛好者，更是對音樂歷史、品質和細節的堅定追求者。他們將黑膠唱片視為珍貴的藝術品，透過這些老舊的唱片，重新感受音樂帶來的獨特魅力。</p>\r\n\r\n<p>在一次訪問中，我有幸邂逅了一位來自台北的黑膠唱片收藏家，他自稱為Vinyl Guru。Vinyl Guru分享了他的收藏故事，他說：「每一張黑膠唱片都是一段音樂歷史的見證，我喜歡翻閱唱片封套上的文字、欣賞黑膠的質感，這種感覺是數位音樂無法取代的。」</p>\r\n\r\n<p>隨著數位音樂的盛行，黑膠唱片收藏市場也逐漸回暖。越來越多的年輕人加入到黑膠唱片收藏的行列中，他們發現這些老舊唱片中蘊含著豐富的音樂文化和價值。Vinyl Guru表示，他很高興看到這個現象，他希望透過自己的收藏，將音樂的美好傳遞給更多的人。</p>\r\n\r\n<p>無論是對於音樂的熱愛還是對於收藏的執著，黑膠唱片收藏家都在這個世界上佔有一席之地。他們將音樂收藏視為一種生活態度，透過收藏品尋找到生活中的平衡與愉悅。讓我們一起感受音樂的魅力，也讓我們一同尊重這些堅守傳統的黑膠唱片收藏家們。</p>\r\n\r\n<p>無論是年輕人還是老一輩，對於黑膠唱片的熱愛將永不凋零。讓我們一起珍惜這份對音樂的熱情，讓那些老舊的黑膠唱片在我們的生活中繼續閃耀。音樂，永遠是我們心靈的慰藉。</p>', 'https://images.unsplash.com/photo-1444824775686-4185f172c44b?crop=entropy&cs=tinysrgb&fit=max&fm=jpg&ixid=M3w3NTg5MjV8MHwxfHJhbmRvbXx8fHx8fHx8fDE3NDg4NjYwMjN8&ixlib=rb-4.1.0&q=80&w=1080', '2025-06-15 20:07:03', '2025-06-02 20:07:03', '2025-06-02 20:07:03', 0, NULL),
(42, '探索黑膠唱片市場的最新趨勢', '<h1>探索黑膠唱片市場的最新趨勢</h1>\r\n<p>近年來，黑膠唱片市場一直處於興盛的狀態，不僅吸引了樂迷和收藏家的目光，更成為音樂產業中的亮點。這種復古的音樂媒介不僅讓人們重拾對音樂的熱愛，更帶動了黑膠唱片專賣店的興起，成為當今音樂市場中不可或缺的一部分。</p>\r\n\r\n<p>隨著數位音樂時代的來臨，黑膠唱片市場的興起似乎有些出人意料，但卻也反映了人們對於音樂品質和收藏價值的追求。越來越多的年輕人開始對黑膠唱片產生興趣，他們喜歡黑膠唱片所帶來的溫暖聲音和獨特的質感，這種情感上的共鳴成為推動市場增長的重要因素。</p>\r\n\r\n<p>除了傳統的音樂專賣店外，線上平台也開始提供黑膠唱片的銷售服務，進一步擴大了黑膠唱片的市場規模。樂隊和音樂人紛紛推出限量版的黑膠專輯，吸引了眾多樂迷的追捧，使得黑膠唱片市場呈現出多姿多彩的風貌。</p>\r\n\r\n<p>總的來說，黑膠唱片市場的崛起不僅是音樂產業的一大亮點，更是一種對音樂歷史和文化的尊重。在這個充滿數位科技的時代，黑膠唱片以其獨特的魅力吸引著越來越多的人，成為音樂愛好者不可或缺的珍藏。</p>', 'https://images.unsplash.com/photo-1594328082928-28ddcbc316c0?crop=entropy&cs=tinysrgb&fit=max&fm=jpg&ixid=M3w3NTg5MjV8MHwxfHJhbmRvbXx8fHx8fHx8fDE3NDg4NjYwMzB8&ixlib=rb-4.1.0&q=80&w=1080', '2025-06-15 20:07:11', '2025-06-02 20:07:11', '2025-06-02 20:07:11', 0, NULL),
(43, '黑膠唱片歷史探究', '<h1>黑膠唱片歷史探究</h1>\r\n<p>黑膠唱片是20世紀最具代表性的音樂媒介之一，它承載著豐富的音樂記憶與情感。起源於1880年代的黑膠唱片，最初是以帶有音溝的石墨圓筒製成，隨後進化為使用聚氯乙烯（PVC）材質，成為音樂史上不可或缺的一部分。</p>\r\n\r\n<p>在黑膠唱片的鼎盛時期，人們透過這種媒介聆聽到許多經典的音樂作品，也因此建立起深厚的情感聯繫。從早期的藍調、爵士樂，到後來的搖滾、流行音樂，黑膠唱片見證了音樂風格的演變，每一張唱片都承載著獨特的音樂故事。</p>\r\n\r\n<p>然而，隨著數位音樂時代的來臨，黑膠唱片逐漸式微，但近年來卻出現了一股黑膠復興的潮流。許多樂迷重拾對黑膠唱片的熱愛，尋找並珍藏那些令人難忘的音樂珍品。黑膠唱片不僅是一種音樂媒介，更是一種文化符號，展現著音樂與藝術的結合。</p>\r\n\r\n<p>總結來說，黑膠唱片承載著豐富的音樂歷史，其獨特的音質與包裝設計令人著迷。無論是回顧過去還是展望未來，黑膠唱片都將繼續在音樂愛好者心中佔有一席之地，成為永恆的經典。</p>', 'https://images.unsplash.com/photo-1530051315435-58046fbc2649?crop=entropy&cs=tinysrgb&fit=max&fm=jpg&ixid=M3w3NTg5MjV8MHwxfHJhbmRvbXx8fHx8fHx8fDE3NDg4NjYxMjR8&ixlib=rb-4.1.0&q=80&w=1080', '2025-06-24 20:08:44', '2025-06-02 20:08:44', '2025-06-02 20:08:44', 0, NULL),
(44, '探訪黑膠唱片收藏家心得', '<h1>探訪黑膠唱片收藏家心得</h1>\r\n<p>近日有幸訪問到了一位熱愛黑膠唱片的收藏家，讓我們一同進入他的音樂世界，感受那份獨特的懷舊與熱情。</p>\r\n\r\n<p>收藏家表示，對他來說，黑膠唱片不僅是一種音樂媒介，更是一段段寶貴的記憶。每一張黑膠唱片背後，都承載著特定的時代背景和音樂人的心血。透過黑膠唱片，他可以重新感受到過去的音樂風貌，彷彿與那個時代重逢。</p>\r\n\r\n<p>在訪談中，收藏家透露他收藏黑膠唱片的樂趣不僅在於音樂本身，更在於尋覓珍稀唱片的過程。他會花費大量時間在唱片市集、二手店中尋寶，每一次找到心頭好都讓他心情愉悅。對他來說，收藏黑膠唱片是一種尋寶的過程，讓生活充滿了驚喜與期待。</p>\r\n\r\n<p>結束訪談，收藏家分享了他對於未來的展望。他希望能夠將自己的黑膠唱片珍藏逐漸擴大，建立一個專屬的收藏空間，讓更多人分享他的音樂情懷。同時，他也期待能夠舉辦一些黑膠唱片交流活動，和其他收藏家一起分享彼此的珍藏。這位收藏家的熱情與堅持，不僅讓我們感受到音樂的魅力，更讓我們明白到收藏的真正價值。</p>', 'https://images.unsplash.com/photo-1519677466127-c57393bf453b?crop=entropy&cs=tinysrgb&fit=max&fm=jpg&ixid=M3w3NTg5MjV8MHwxfHJhbmRvbXx8fHx8fHx8fDE3NDg4NjYxMzN8&ixlib=rb-4.1.0&q=80&w=1080', '2025-06-21 20:08:53', '2025-06-02 20:08:53', '2025-06-02 20:08:53', 0, NULL),
(45, '迷戀黑膠：音樂愛好者的珍藏之道', '<h1>迷戀黑膠：音樂愛好者的珍藏之道</h1>\r\n<p>您好，我是音樂評論家、黑膠唱片收藏家，也是一家黑膠唱片專賣店的老闆。黑膠唱片，作為音樂史上的經典之一，承載著豐富多樣的音樂風格與回憶，吸引著許多音樂愛好者投入收藏的行列。</p>\r\n\r\n<p>在這個數位音樂氾濫的時代，黑膠唱片的獨特韻味吸引著越來越多的年輕人。黑膠唱片所帶來的溫暖音質、專輯封面的藝術設計，以及獨一無二的收藏價值，讓人感受到與數位音樂不同的美好。</p>\r\n\r\n<p>無論是追尋經典搖滾、爵士樂，還是古典音樂，黑膠唱片都能滿足您對音樂的所有幻想。透過黑膠唱片，我們仿佛能夠穿越時光，聆聽音樂背後的故事，感受到音樂帶來的情感共鳴。</p>\r\n\r\n<p>作為一名黑膠唱片的愛好者，我深深著迷於每一塊黑膠唱片所散發出的獨特魅力。希望大家也能夠透過這份熱愛，一同探索黑膠唱片的無窮魅力，讓音樂在我們的生活中繼續綻放。</p>\r\n\r\n<p>無論您是已經深陷黑膠唱片收藏的迷宮，還是初次踏入這個領域，希望您都能夠在黑膠唱片的世界中找到屬於自己的音樂寶藏。</p>', 'https://images.unsplash.com/photo-1633629282136-0d2e548d5b42?crop=entropy&cs=tinysrgb&fit=max&fm=jpg&ixid=M3w3NTg5MjV8MHwxfHJhbmRvbXx8fHx8fHx8fDE3NDg4NjYxNDR8&ixlib=rb-4.1.0&q=80&w=1080', '2025-06-15 20:09:05', '2025-06-02 20:09:05', '2025-06-02 20:09:05', 0, NULL),
(46, '黑膠唱片價格分析', '<h1>黑膠唱片價格分析</h1>\r\n<p>作為一位熱愛音樂的黑膠唱片收藏家，我們經常被問及關於黑膠唱片價格的問題。在這篇文章中，我將分享一些關於黑膠唱片價格背後的分析和趨勢，希望能幫助大家更好地了解這個市場。</p>\r\n\r\n<p>首先，黑膠唱片的價格受到多種因素的影響，包括稀有度、品質、封套狀態、發行年代等。一般來說，那些限量版、狀態良好、具有歷史意義或特殊意義的黑膠唱片價格通常會較高，因為這些唱片在市場上較為稀有且受到收藏家的青睞。</p>\r\n\r\n<p>其次，隨著黑膠唱片市場的回暖，一些經典專輯的價格也在逐步上升。例如，The Beatles、Pink Floyd、Led Zeppelin等樂團的經典唱片在二手市場上的價格一直居高不下，甚至還在不斷攀升。這也反映了人們對於經典音樂的珍愛和追捧。</p>\r\n\r\n<p>最後，對於新晉樂手或獨立樂團的黑膠唱片，由於發行量較少且市場知名度較低，價格可能會相對較低。然而，隨著這些樂手的知名度和影響力逐漸提升，他們的黑膠唱片價格也可能會隨之上揚。因此，對於收藏家來說，有時候也可以關注一些新興樂手的黑膠唱片，或許會有意外的收穫。</p>\r\n\r\n<p>總而言之，黑膠唱片的價格是一個動態的市場，受多種因素影響。對於收藏家來說，除了關注價格之外，更重要的是找到自己喜愛的音樂，從中感受到樂趣和收穫。希望這篇價格分析能幫助大家更好地了解這個獨特而迷人的黑膠唱片世界。</p>', 'https://images.unsplash.com/photo-1514715108901-799fba33c94e?crop=entropy&cs=tinysrgb&fit=max&fm=jpg&ixid=M3w3NTg5MjV8MHwxfHJhbmRvbXx8fHx8fHx8fDE3NDg4NjYxNTN8&ixlib=rb-4.1.0&q=80&w=1080', '2025-06-19 20:09:13', '2025-06-02 20:09:13', '2025-06-02 20:09:13', 0, NULL),
(47, '探索黑膠唱片市場趨勢', '<h1>探索黑膠唱片市場趨勢</h1>\r\n<p>近年來，黑膠唱片市場正在經歷一股強勁的復甦浪潮，吸引了越來越多的音樂愛好者和收藏家投入其中。</p>\r\n\r\n<p>首先，黑膠唱片的音質一直是廣受讚譽的。相較於數位音樂，黑膠唱片能夠提供更豐富、更溫暖且更真實的音響效果，讓人仿佛置身於現場音樂表演之中。</p>\r\n\r\n<p>其次，黑膠唱片的包裝設計也是吸引人的一大亮點。許多專輯採用精美的封面設計、彩色的唱片以及豐富的內附資料，為音樂愛好者帶來了視覺上的享受。</p>\r\n\r\n<p>最重要的是，黑膠唱片成為了樂迷收藏的珍貴物品。許多經典專輯在黑膠唱片市場上價值不斷攀升，成為收藏家追逐的對象。</p>\r\n\r\n<p>總結來說，黑膠唱片市場的蓬勃發展不僅帶來了音響上的愉悅，也滿足了人們對於音樂收藏的熱愛。無論是品質、設計還是價值，黑膠唱片都展現出獨特魅力，讓人不禁想要深入探索這個充滿樂趣的領域。</p>', 'https://images.unsplash.com/photo-1542999250-278129776101?crop=entropy&cs=tinysrgb&fit=max&fm=jpg&ixid=M3w3NTg5MjV8MHwxfHJhbmRvbXx8fHx8fHx8fDE3NDg4NjYxNjN8&ixlib=rb-4.1.0&q=80&w=1080', '2025-06-29 20:09:23', '2025-06-02 20:09:23', '2025-06-02 20:09:23', 1, '2025-06-12 15:18:53'),
(48, '探索黑膠唱片世界：經典品牌介紹', '<h1>探索黑膠唱片世界：經典品牌介紹</h1>\r\n<p>歡迎來到黑膠唱片的奇幻世界，其中有許多優秀的品牌值得一提。在眾多品牌中，有些擁有悠久的歷史，有些則以創新著稱，讓我們一起來探索一下這些令人著迷的黑膠唱片品牌。</p>\r\n\r\n<p><strong>1. Columbia Records：</strong> 歷史悠久的Columbia Records成立於1888年，是世界上最古老的唱片公司之一。這個品牌早期主要以流行音樂和爵士樂聞名，後來擴展到各種音樂類型。Columbia Records發行的黑膠唱片以其高品質的錄製和製作而聞名，深受音樂愛好者的喜愛。</p>\r\n\r\n<p><strong>2. Mobile Fidelity Sound Lab (MFSL)：</strong> MFSL成立於1977年，專門製作高品質的黑膠唱片。這個品牌以其對音質的追求和對細節的關注而聞名，每一張MFSL的黑膠唱片都是一件珍貴的藝術品，深受發燒友的推崇。</p>\r\n\r\n<p><strong>3. Analogue Productions：</strong> Analogue Productions是另一個以製作高保真黑膠唱片而聞名的品牌。他們專注於重新發行一些經典專輯，並以最高水準的技術進行錄製和製作，確保每一張黑膠唱片都能帶來最純粹的音樂享受。</p>\r\n\r\n<p>以上僅是其中一小部分黑膠唱片品牌的介紹，每個品牌都有其獨特的特色和魅力，讓人愛不釋手。不管你是追求音質還是收藏價值，這些品牌都能滿足你對音樂的渴望。讓我們一起沉浸在黑膠唱片的魅力中，感受音樂帶來的愉悅和感動。</p>', 'https://images.unsplash.com/photo-1597008605956-f9200dc543ca?crop=entropy&cs=tinysrgb&fit=max&fm=jpg&ixid=M3w3NTg5MjV8MHwxfHJhbmRvbXx8fHx8fHx8fDE3NDg4NjYxODJ8&ixlib=rb-4.1.0&q=80&w=1080', '2025-07-02 20:09:42', '2025-06-02 20:09:42', '2025-06-02 20:09:42', 0, NULL),
(49, '探索音樂歷史：黑膠唱片展覽活動', '<h2>探索音樂歷史：黑膠唱片展覽活動</h2><p>歡迎來到我們舉辦的黑膠唱片展覽活動，這是一個讓您深入探索音樂歷史、感受音樂魅力的絕佳機會。這裡匯集了來自世界各地的珍貴黑膠唱片，每一張唱片都承載著獨特的音樂故事，讓您重溫那段美好的樂曲時光。</p><p>在這個展覽活動中，您將有機會欣賞到來自不同年代、不同音樂類型的黑膠唱片珍品。從懷舊的搖滾樂、藍調音樂到經典的爵士樂、流行樂，每張唱片都是音樂史的一部分，彷彿帶著您穿梭回過去，感受音樂所帶來的情感共鳴。</p><p>除了欣賞這些珍貴的黑膠唱片外，您還可以在展覽現場聆聽音樂專家的分享，了解這些唱片背後的故事和製作過程。無論您是音樂愛好者、唱片收藏家還是對音樂歷史感興趣的人，這個展覽活動都將帶給您豐富而難忘的音樂體驗。</p><p>藉著這個展覽活動，讓我們一同探索音樂的無限魅力，感受黑膠唱片所帶來的獨特韻味。無論時光如何流轉，這些珍貴的唱片將永遠為我們保留著美好的音樂回憶。期待您的光臨，一同享受這段音樂之旅。</p>', 'https://images.unsplash.com/photo-1512607999958-f9b372b6f492?crop=entropy&cs=tinysrgb&fit=max&fm=jpg&ixid=M3w3NTg5MjV8MHwxfHJhbmRvbXx8fHx8fHx8fDE3NDg4NjYxOTB8&ixlib=rb-4.1.0&q=80&w=1080', '2025-06-04 20:09:00', '2025-06-02 20:09:50', '2025-06-09 18:29:52', 1, '2025-06-12 15:26:36'),
(50, '探索黑膠唱片播放設備的奇妙世界', '<p>&nbsp;</p><h2>探索黑膠唱片播放設備的奇妙世界</h2><p>對於許多音樂愛好者來說，黑膠唱片不僅代表著音樂的質感和溫暖，更是一種獨特的音響體驗。而要完美展現黑膠唱片所帶來的魅力，一台優質的黑膠唱片播放設備是必不可少的。</p><p>在選購黑膠唱片播放設備時，首先需要考慮的是唱頭和唱臂的品質。唱頭的選擇直接影響到音質的表現，而優質的唱臂可以確保唱針順暢地跟隨唱片槽，減少對唱片的磨損，同時提升音質的細節表現。</p><p>另外，一臺穩定的旋轉系統也是影響音質的重要因素之一。高質量的馬達和轉盤可以確保唱片轉速穩定，減少震動和噪音，使音樂更加細膩動人。</p><p>總結來說，一台優秀的黑膠唱片播放設備不僅可以帶來高品質的音響享受，更能讓您深入感受到音樂的魅力和情感。投資一台優質的黑膠唱片播放設備，就是在為自己的音樂生活品質添磚加瓦。</p>', 'https://images.unsplash.com/photo-1444990689320-bd2a7a839644?crop=entropy&cs=tinysrgb&fit=max&fm=jpg&ixid=M3w3NTg5MjV8MHwxfHJhbmRvbXx8fHx8fHx8fDE3NDg4NjYyMDN8&ixlib=rb-4.1.0&q=80&w=1080', '2025-06-10 20:10:00', '2025-06-02 20:10:03', '2025-06-09 18:29:14', 1, '2025-06-12 16:29:25'),
(51, '探訪熱愛黑膠的音樂饕客', '<h2>探訪熱愛黑膠的音樂饕客</h2><p>歡迎來到我們的音樂世界，一個充滿懷舊氛圍的黑膠唱片店。今天，我們有幸邀請了一位專業的黑膠唱片收藏家，一位對音樂充滿熱情的饕客，和我們分享他的收藏故事。</p><p>在訪談中，這位收藏家分享了他對黑膠唱片的熱愛源自於對音樂純粹的熱情。他說，每一張黑膠唱片都是一段時光的記錄，能夠讓他重溫那些經典的音樂作品，帶領他穿梭在不同的音樂風格之間。</p><p>除了珍藏經典的搖滾、爵士和流行音樂唱片外，這位收藏家也特別青睞一些稀有的限量版黑膠唱片。他認為，這些限量版唱片不僅在音樂價值上有所突出，更讓他感受到收藏的獨特樂趣，每一次獲得限量版唱片都讓他心情興奮不已。</p><p>訪談最後，這位收藏家分享了他對於黑膠唱片的未來展望。他希望透過自己的收藏，能夠將黑膠唱片的美好傳承下去，讓更多人認識和欣賞這種古老而獨特的音樂媒介。他表示，無論數位音樂時代如何快速發展，黑膠唱片始終擁有著不可替代的魅力，值得被珍惜和傳承。</p><p>這次訪談讓我們更加深入了解了黑膠唱片收藏的魅力所在，也讓我們感受到音樂帶來的無窮魅力。讓我們一起繼續探索，享受音樂帶來的美好吧！</p>', 'https://images.unsplash.com/photo-1511671782779-c97d3d27a1d4?w=800&auto=format&fit=crop&q=60', '2025-06-29 20:10:11', '2025-06-02 20:10:11', '2025-06-07 18:00:31', 0, NULL),
(85, 'test111', '<p>這裡是內容123123</p>', '/article/img/covers/68482cb034f04.jpg', '2025-06-27 21:15:00', '2025-06-10 21:01:48', '2025-06-12 16:14:07', 1, '2025-06-12 16:29:25'),
(87, 'test2', '<p>這裡是內容gt5g56</p>', '/article/img/covers/684a6f0eb5a13.jpg', '2025-06-21 14:09:00', '2025-06-12 14:09:38', '2025-06-12 14:09:38', 1, '2025-06-12 14:10:39'),
(88, 'test1', '<p>這裡是內容fwvw</p>', '/article/img/covers/684a8f7f8037d.jpg', '2025-06-28 16:28:00', '2025-06-12 16:28:38', '2025-06-12 16:28:38', 1, '2025-06-12 16:29:25');

-- --------------------------------------------------------

--
-- 資料表結構 `article_category`
--

CREATE TABLE `article_category` (
  `article_id` int(11) NOT NULL,
  `category_id` int(11) NOT NULL
) ENGINE=InnoDB DEFAULT CHARSET=utf8mb4 COLLATE=utf8mb4_general_ci;

--
-- 傾印資料表的資料 `article_category`
--

INSERT INTO `article_category` (`article_id`, `category_id`) VALUES
(1, 4),
(1, 5),
(2, 3),
(3, 4),
(3, 5),
(4, 2),
(5, 3),
(5, 6),
(6, 4),
(6, 6),
(7, 4),
(7, 6),
(8, 1),
(8, 6),
(9, 1),
(9, 5),
(10, 6),
(11, 6),
(12, 2),
(12, 4),
(13, 4),
(13, 5),
(14, 4),
(15, 1),
(15, 2),
(16, 3),
(16, 5),
(17, 5),
(18, 3),
(19, 1),
(20, 1),
(20, 4),
(21, 2),
(22, 6),
(23, 3),
(23, 4),
(24, 1),
(25, 3),
(26, 1),
(26, 2),
(27, 2),
(27, 6),
(28, 2),
(29, 3),
(30, 1),
(30, 4),
(31, 5),
(32, 2),
(32, 3),
(33, 2),
(33, 6),
(34, 2),
(34, 4),
(35, 2),
(35, 5),
(36, 1),
(36, 3),
(37, 5),
(38, 4),
(39, 1),
(39, 2),
(40, 2),
(41, 1),
(41, 6),
(42, 2),
(42, 5),
(43, 4),
(44, 1),
(45, 4),
(45, 5),
(46, 3),
(46, 4),
(47, 4),
(48, 5),
(49, 1),
(50, 1),
(50, 2),
(51, 4),
(85, 2),
(85, 4),
(87, 2),
(87, 4),
(88, 2),
(88, 4);

-- --------------------------------------------------------

--
-- 資料表結構 `article_images`
--

CREATE TABLE `article_images` (
  `id` int(11) NOT NULL,
  `article_id` int(11) DEFAULT NULL,
  `url` text DEFAULT NULL,
  `description` text DEFAULT NULL
) ENGINE=InnoDB DEFAULT CHARSET=utf8mb4 COLLATE=utf8mb4_general_ci;

--
-- 傾印資料表的資料 `article_images`
--

INSERT INTO `article_images` (`id`, `article_id`, `url`, `description`) VALUES
(1, 1, 'https://images.unsplash.com/photo-1530288782965-fbad40327074?crop=entropy&cs=tinysrgb&fit=max&fm=jpg&ixid=M3w3NTg5MjV8MHwxfHJhbmRvbXx8fHx8fHx8fDE3NDg4NTg0NDh8&ixlib=rb-4.1.0&q=80&w=1080', '<p>This is an analogue photograph (35mm)\n\nPhoto by Florencia Viadana on Unsplash</p>\n                <p>Photo by Florencia Viadana on Unsplash</p>'),
(2, 2, 'https://images.unsplash.com/photo-1648356242667-a453f933e060?crop=entropy&cs=tinysrgb&fit=max&fm=jpg&ixid=M3w3NTg5MjV8MHwxfHJhbmRvbXx8fHx8fHx8fDE3NDg4NTg2Mzh8&ixlib=rb-4.1.0&q=80&w=1080', '<p>Vinyl records \n\nPhoto by Henry Lai on Unsplash</p>\n                <p>Photo by Henry Lai on Unsplash</p>'),
(3, 2, 'https://images.unsplash.com/photo-1581041122145-9f17c04cd153?crop=entropy&cs=tinysrgb&fit=max&fm=jpg&ixid=M3w3NTg5MjV8MHwxfHJhbmRvbXx8fHx8fHx8fDE3NDg4NTg2Mzh8&ixlib=rb-4.1.0&q=80&w=1080', '<p>New Arrivals\n\nPhoto by Tim Mossholder on Unsplash</p>\n                <p>Photo by Tim Mossholder on Unsplash</p>'),
(4, 2, 'https://images.unsplash.com/photo-1613069508209-a695e607bd2d?crop=entropy&cs=tinysrgb&fit=max&fm=jpg&ixid=M3w3NTg5MjV8MHwxfHJhbmRvbXx8fHx8fHx8fDE3NDg4NTg2Mzh8&ixlib=rb-4.1.0&q=80&w=1080', '<p>一張關於vinyl records collection的圖片\n\nPhoto by Umanoide on Unsplash</p>\n                <p>Photo by Umanoide on Unsplash</p>'),
(5, 3, 'https://images.unsplash.com/photo-1526270100824-f033a2377d62?crop=entropy&cs=tinysrgb&fit=max&fm=jpg&ixid=M3w3NTg5MjV8MHwxfHJhbmRvbXx8fHx8fHx8fDE3NDg4NTg2Nzd8&ixlib=rb-4.1.0&q=80&w=1080', '<p>一張關於vinyl disc的圖片\n\nPhoto by Jace & Afsoon on Unsplash</p>\n                <p>Photo by Jace & Afsoon on Unsplash</p>'),
(6, 4, 'https://images.unsplash.com/reserve/HwHDcyQARvK6rFF84VT8_15154010855_3ac36f3e56_o.jpg?crop=entropy&cs=tinysrgb&fit=max&fm=jpg&ixid=M3w3NTg5MjV8MHwxfHJhbmRvbXx8fHx8fHx8fDE3NDg4NTg3MDV8&ixlib=rb-4.1.0&q=80&w=1080', '<p>一張關於vinyl records collection的圖片\n\nPhoto by Amador Loureiro on Unsplash</p>\n                <p>Photo by Amador Loureiro on Unsplash</p>'),
(7, 4, 'https://images.unsplash.com/photo-1511735111819-9a3f7709049c?crop=entropy&cs=tinysrgb&fit=max&fm=jpg&ixid=M3w3NTg5MjV8MHwxfHJhbmRvbXx8fHx8fHx8fDE3NDg4NTg3MDV8&ixlib=rb-4.1.0&q=80&w=1080', '<p>一張關於vinyl music的圖片\n\nPhoto by Natalie Cardona on Unsplash</p>\n                <p>Photo by Natalie Cardona on Unsplash</p>'),
(8, 5, 'https://images.unsplash.com/photo-1470225620780-dba8ba36b745?crop=entropy&cs=tinysrgb&fit=max&fm=jpg&ixid=M3w3NTg5MjV8MHwxfHJhbmRvbXx8fHx8fHx8fDE3NDg4NTg3MjN8&ixlib=rb-4.1.0&q=80&w=1080', '<p>DJ at work\n\nPhoto by Marcela Laskoski on Unsplash</p>\n                <p>Photo by Marcela Laskoski on Unsplash</p>'),
(9, 5, 'https://images.unsplash.com/photo-1698074890098-63d01b33ccfd?crop=entropy&cs=tinysrgb&fit=max&fm=jpg&ixid=M3w3NTg5MjV8MHwxfHJhbmRvbXx8fHx8fHx8fDE3NDg4NTg3MjN8&ixlib=rb-4.1.0&q=80&w=1080', '<p>3d Render made in Blender 3.6\n\nPhoto by Brendan Sapp on Unsplash</p>\n                <p>Photo by Brendan Sapp on Unsplash</p>'),
(10, 6, 'https://images.unsplash.com/photo-1641534385837-0cb316053d2e?crop=entropy&cs=tinysrgb&fit=max&fm=jpg&ixid=M3w3NTg5MjV8MHwxfHJhbmRvbXx8fHx8fHx8fDE3NDg4NTg3NDl8&ixlib=rb-4.1.0&q=80&w=1080', '<p>YUMING - PEARL PIERCE (1982)\n\nPhoto by COSMOH LOVE on Unsplash</p>\n                <p>Photo by COSMOH LOVE on Unsplash</p>'),
(11, 6, 'https://images.unsplash.com/photo-1651763088662-bd21a442d1f7?crop=entropy&cs=tinysrgb&fit=max&fm=jpg&ixid=M3w3NTg5MjV8MHwxfHJhbmRvbXx8fHx8fHx8fDE3NDg4NTg3NTB8&ixlib=rb-4.1.0&q=80&w=1080', '<p>A female DJ on a vinyl turntable.\n\nPhoto by Mika Baumeister on Unsplash</p>\n                <p>Photo by Mika Baumeister on Unsplash</p>'),
(12, 7, 'https://images.unsplash.com/photo-1526270100824-f033a2377d62?crop=entropy&cs=tinysrgb&fit=max&fm=jpg&ixid=M3w3NTg5MjV8MHwxfHJhbmRvbXx8fHx8fHx8fDE3NDg4NTg4MTB8&ixlib=rb-4.1.0&q=80&w=1080', '<p>一張關於vinyl music的圖片\n\nPhoto by Jace & Afsoon on Unsplash</p>\n                <p>Photo by Jace & Afsoon on Unsplash</p>'),
(13, 7, 'https://images.unsplash.com/photo-1669137230578-b4dd495092b0?crop=entropy&cs=tinysrgb&fit=max&fm=jpg&ixid=M3w3NTg5MjV8MHwxfHJhbmRvbXx8fHx8fHx8fDE3NDg4NTg4MTF8&ixlib=rb-4.1.0&q=80&w=1080', '<p>Old vintage matchbox\n\nPhoto by Salah Ait Mokhtar on Unsplash</p>\n                <p>Photo by Salah Ait Mokhtar on Unsplash</p>'),
(14, 7, 'https://images.unsplash.com/photo-1618972676849-feed401eacc5?crop=entropy&cs=tinysrgb&fit=max&fm=jpg&ixid=M3w3NTg5MjV8MHwxfHJhbmRvbXx8fHx8fHx8fDE3NDg4NTg4MTF8&ixlib=rb-4.1.0&q=80&w=1080', '<p>一張關於vinyl album的圖片\n\nPhoto by Joshua Olsen on Unsplash</p>\n                <p>Photo by Joshua Olsen on Unsplash</p>'),
(15, 8, 'https://images.unsplash.com/photo-1542728143-d9b537db6433?crop=entropy&cs=tinysrgb&fit=max&fm=jpg&ixid=M3w3NTg5MjV8MHwxfHJhbmRvbXx8fHx8fHx8fDE3NDg4NTg5Mjl8&ixlib=rb-4.1.0&q=80&w=1080', '<p>一張關於vinyl record的圖片\n\nPhoto by Oleg Ivanov on Unsplash</p>\n                <p>Photo by Oleg Ivanov on Unsplash</p>'),
(16, 9, 'https://images.unsplash.com/photo-1664935035360-d555a0a1151f?crop=entropy&cs=tinysrgb&fit=max&fm=jpg&ixid=M3w3NTg5MjV8MHwxfHJhbmRvbXx8fHx8fHx8fDE3NDg4NTg5NDZ8&ixlib=rb-4.1.0&q=80&w=1080', '<p>record stores are my happy photo place. don\'t bother me.\n\nPhoto by Mick Haupt on Unsplash</p>\n                <p>Photo by Mick Haupt on Unsplash</p>'),
(17, 10, 'https://images.unsplash.com/photo-1591221822042-8643a8cd6645?crop=entropy&cs=tinysrgb&fit=max&fm=jpg&ixid=M3w3NTg5MjV8MHwxfHJhbmRvbXx8fHx8fHx8fDE3NDg4NTg5NzZ8&ixlib=rb-4.1.0&q=80&w=1080', '<p>DJ at home\n\nPhoto by Christian Salas on Unsplash</p>\n                <p>Photo by Christian Salas on Unsplash</p>'),
(18, 11, 'https://images.unsplash.com/photo-1663687358487-5e5b6a3f8da3?crop=entropy&cs=tinysrgb&fit=max&fm=jpg&ixid=M3w3NTg5MjV8MHwxfHJhbmRvbXx8fHx8fHx8fDE3NDg4NjMyNjJ8&ixlib=rb-4.1.0&q=80&w=1080', '<p>Vinyl - Mercado das Pulgas (Buenos Aires, AR)\n\nPhoto by Danilo Packer on Unsplash</p>\n                <p>Photo by Danilo Packer on Unsplash</p>'),
(19, 12, 'https://images.unsplash.com/photo-1534170007788-fc3fa9456d11?crop=entropy&cs=tinysrgb&fit=max&fm=jpg&ixid=M3w3NTg5MjV8MHwxfHJhbmRvbXx8fHx8fHx8fDE3NDg4NjMyNzF8&ixlib=rb-4.1.0&q=80&w=1080', '<p>Ca$h For Gold\n\nPhoto by Chris Benson on Unsplash</p>\n                <p>Photo by Chris Benson on Unsplash</p>'),
(20, 12, 'https://images.unsplash.com/photo-1618972678240-e1b00a6454ba?crop=entropy&cs=tinysrgb&fit=max&fm=jpg&ixid=M3w3NTg5MjV8MHwxfHJhbmRvbXx8fHx8fHx8fDE3NDg4NjMyNzJ8&ixlib=rb-4.1.0&q=80&w=1080', '<p>一張關於record store的圖片\n\nPhoto by Joshua Olsen on Unsplash</p>\n                <p>Photo by Joshua Olsen on Unsplash</p>'),
(21, 12, 'https://images.unsplash.com/photo-1511495656130-1dafb0ba8f28?crop=entropy&cs=tinysrgb&fit=max&fm=jpg&ixid=M3w3NTg5MjV8MHwxfHJhbmRvbXx8fHx8fHx8fDE3NDg4NjMyNzJ8&ixlib=rb-4.1.0&q=80&w=1080', '<p>一張關於record store的圖片\n\nPhoto by Drew Beamer on Unsplash</p>\n                <p>Photo by Drew Beamer on Unsplash</p>'),
(22, 13, 'https://images.unsplash.com/photo-1653473672408-5d2d68fa1278?crop=entropy&cs=tinysrgb&fit=max&fm=jpg&ixid=M3w3NTg5MjV8MHwxfHJhbmRvbXx8fHx8fHx8fDE3NDg4NjMyODd8&ixlib=rb-4.1.0&q=80&w=1080', '<p>一張關於vinyl disc的圖片\n\nPhoto by Dima Junglist on Unsplash</p>\n                <p>Photo by Dima Junglist on Unsplash</p>'),
(23, 13, 'https://images.unsplash.com/photo-1461784180009-21121b2f204c?crop=entropy&cs=tinysrgb&fit=max&fm=jpg&ixid=M3w3NTg5MjV8MHwxfHJhbmRvbXx8fHx8fHx8fDE3NDg4NjMyODh8&ixlib=rb-4.1.0&q=80&w=1080', '<p>一張關於turntable的圖片\n\nPhoto by Gabriel Barletta on Unsplash</p>\n                <p>Photo by Gabriel Barletta on Unsplash</p>'),
(24, 13, 'https://images.unsplash.com/photo-1730207350449-0bd865b31b07?crop=entropy&cs=tinysrgb&fit=max&fm=jpg&ixid=M3w3NTg5MjV8MHwxfHJhbmRvbXx8fHx8fHx8fDE3NDg4NjMyODh8&ixlib=rb-4.1.0&q=80&w=1080', '<p>Sleazy Listening section at the record shop\n\nPhoto by Barbara Burgess on Unsplash</p>\n                <p>Photo by Barbara Burgess on Unsplash</p>'),
(25, 14, 'https://images.unsplash.com/5/unsplash-kitsune-4.jpg?crop=entropy&cs=tinysrgb&fit=max&fm=jpg&ixid=M3w3NTg5MjV8MHwxfHJhbmRvbXx8fHx8fHx8fDE3NDg4NjMzMDZ8&ixlib=rb-4.1.0&q=80&w=1080', '<p>Taken at a small coffee shop down the street from our first office, this was one of the original photos for Unsplash.\n\nPhoto by Luke Chesser on Unsplash</p>\n                <p>Photo by Luke Chesser on Unsplash</p>'),
(26, 15, 'https://images.unsplash.com/photo-1605731414532-6b26976cc153?crop=entropy&cs=tinysrgb&fit=max&fm=jpg&ixid=M3w3NTg5MjV8MHwxfHJhbmRvbXx8fHx8fHx8fDE3NDg4NjMzNjB8&ixlib=rb-4.1.0&q=80&w=1080', '<p>music\n\nPhoto by hosein zanbori on Unsplash</p>\n                <p>Photo by hosein zanbori on Unsplash</p>'),
(27, 15, 'https://images.unsplash.com/photo-1512509817826-2f35492fe934?crop=entropy&cs=tinysrgb&fit=max&fm=jpg&ixid=M3w3NTg5MjV8MHwxfHJhbmRvbXx8fHx8fHx8fDE3NDg4NjMzNjB8&ixlib=rb-4.1.0&q=80&w=1080', '<p>一張關於record store的圖片\n\nPhoto by Phillip Blocker on Unsplash</p>\n                <p>Photo by Phillip Blocker on Unsplash</p>'),
(28, 15, 'https://images.unsplash.com/photo-1530270392869-7e99d345638f?crop=entropy&cs=tinysrgb&fit=max&fm=jpg&ixid=M3w3NTg5MjV8MHwxfHJhbmRvbXx8fHx8fHx8fDE3NDg4NjMzNjF8&ixlib=rb-4.1.0&q=80&w=1080', '<p>Vinyl Love\n\nPhoto by Ingo Ellerbusch on Unsplash</p>\n                <p>Photo by Ingo Ellerbusch on Unsplash</p>'),
(29, 16, 'https://images.unsplash.com/photo-1554583336-5454fe0583e7?crop=entropy&cs=tinysrgb&fit=max&fm=jpg&ixid=M3w3NTg5MjV8MHwxfHJhbmRvbXx8fHx8fHx8fDE3NDg4NjM0MTF8&ixlib=rb-4.1.0&q=80&w=1080', '<p>一張關於vinyl disc的圖片\n\nPhoto by Jp Valery on Unsplash</p>\n                <p>Photo by Jp Valery on Unsplash</p>'),
(30, 17, 'https://images.unsplash.com/photo-1500561135411-5d4758cf66f8?crop=entropy&cs=tinysrgb&fit=max&fm=jpg&ixid=M3w3NTg5MjV8MHwxfHJhbmRvbXx8fHx8fHx8fDE3NDg4NjM1MDh8&ixlib=rb-4.1.0&q=80&w=1080', '<p>Close up to microphone\n\nPhoto by CHUTTERSNAP on Unsplash</p>\n                <p>Photo by CHUTTERSNAP on Unsplash</p>'),
(31, 17, 'https://images.unsplash.com/photo-1520354127549-fcecfe79d058?crop=entropy&cs=tinysrgb&fit=max&fm=jpg&ixid=M3w3NTg5MjV8MHwxfHJhbmRvbXx8fHx8fHx8fDE3NDg4NjM1MDl8&ixlib=rb-4.1.0&q=80&w=1080', '<p>Vinyl Records\n\nPhoto by Vincent Chan on Unsplash</p>\n                <p>Photo by Vincent Chan on Unsplash</p>'),
(32, 18, 'https://images.unsplash.com/photo-1491848128688-e0c30289e89f?crop=entropy&cs=tinysrgb&fit=max&fm=jpg&ixid=M3w3NTg5MjV8MHwxfHJhbmRvbXx8fHx8fHx8fDE3NDg4NjM1MzN8&ixlib=rb-4.1.0&q=80&w=1080', '<p>That feeling when you are a Generation Y kid and you kind of adapted pretty thoroughly to modern times but you still get struck with feelings of nostalgia everytime you see something from older times. Also, when this is music-related, the feeling intensifies almost unbearingly. It’s okay though, we made a day of it and we came home happy.\n\nPhoto by Mitchel Lensink on Unsplash</p>\n                <p>Photo by Mitchel Lensink on Unsplash</p>'),
(33, 18, 'https://images.unsplash.com/photo-1614613535308-eb5fbd3d2c17?crop=entropy&cs=tinysrgb&fit=max&fm=jpg&ixid=M3w3NTg5MjV8MHwxfHJhbmRvbXx8fHx8fHx8fDE3NDg4NjM1MzR8&ixlib=rb-4.1.0&q=80&w=1080', '<p>一張關於vinyl record的圖片\n\nPhoto by Seyi Ariyo on Unsplash</p>\n                <p>Photo by Seyi Ariyo on Unsplash</p>'),
(34, 18, 'https://images.unsplash.com/photo-1611484655556-9a86a0cf109b?crop=entropy&cs=tinysrgb&fit=max&fm=jpg&ixid=M3w3NTg5MjV8MHwxfHJhbmRvbXx8fHx8fHx8fDE3NDg4NjM1MzR8&ixlib=rb-4.1.0&q=80&w=1080', '<p>一張關於record player的圖片\n\nPhoto by Samuel Regan-Asante on Unsplash</p>\n                <p>Photo by Samuel Regan-Asante on Unsplash</p>'),
(35, 19, 'https://images.unsplash.com/photo-1489838720009-3286c4293fda?crop=entropy&cs=tinysrgb&fit=max&fm=jpg&ixid=M3w3NTg5MjV8MHwxfHJhbmRvbXx8fHx8fHx8fDE3NDg4NjM1NjB8&ixlib=rb-4.1.0&q=80&w=1080', '<p>Nancy record label shop items\n\nPhoto by David Grandmougin on Unsplash</p>\n                <p>Photo by David Grandmougin on Unsplash</p>'),
(36, 19, 'https://images.unsplash.com/photo-1616663395731-d70897355fd8?crop=entropy&cs=tinysrgb&fit=max&fm=jpg&ixid=M3w3NTg5MjV8MHwxfHJhbmRvbXx8fHx8fHx8fDE3NDg4NjM1NjB8&ixlib=rb-4.1.0&q=80&w=1080', '<p>Young man holding a vinyl album cover in front of his collection. \n\nPhoto by Jonas Leupe on Unsplash</p>\n                <p>Photo by Jonas Leupe on Unsplash</p>'),
(37, 20, 'https://images.unsplash.com/photo-1494914656837-44eb36fe5471?crop=entropy&cs=tinysrgb&fit=max&fm=jpg&ixid=M3w3NTg5MjV8MHwxfHJhbmRvbXx8fHx8fHx8fDE3NDg4NjM1OTB8&ixlib=rb-4.1.0&q=80&w=1080', '<p>Bob\n\nPhoto by Sara Rolin on Unsplash</p>\n                <p>Photo by Sara Rolin on Unsplash</p>'),
(38, 20, 'https://images.unsplash.com/photo-1580537659053-7d38f300118c?crop=entropy&cs=tinysrgb&fit=max&fm=jpg&ixid=M3w3NTg5MjV8MHwxfHJhbmRvbXx8fHx8fHx8fDE3NDg4NjM1OTB8&ixlib=rb-4.1.0&q=80&w=1080', '<p>一張關於record store的圖片\n\nPhoto by Shunya Koide on Unsplash</p>\n                <p>Photo by Shunya Koide on Unsplash</p>'),
(39, 21, 'https://images.unsplash.com/photo-1531425918464-838093179bd4?crop=entropy&cs=tinysrgb&fit=max&fm=jpg&ixid=M3w3NTg5MjV8MHwxfHJhbmRvbXx8fHx8fHx8fDE3NDg4NjQ0MzV8&ixlib=rb-4.1.0&q=80&w=1080', '<p>DJ Setup\n\nPhoto by Volodymyr Proskurovskyi on Unsplash</p>\n                <p>Photo by Volodymyr Proskurovskyi on Unsplash</p>'),
(40, 21, 'https://images.unsplash.com/photo-1580656449278-e8381933522c?crop=entropy&cs=tinysrgb&fit=max&fm=jpg&ixid=M3w3NTg5MjV8MHwxfHJhbmRvbXx8fHx8fHx8fDE3NDg4NjQ0MzV8&ixlib=rb-4.1.0&q=80&w=1080', '<p>Long play record on yellow background\n\nPhoto by Immo Wegmann on Unsplash</p>\n                <p>Photo by Immo Wegmann on Unsplash</p>'),
(41, 22, 'https://images.unsplash.com/photo-1473646590311-c48e1bc77b44?crop=entropy&cs=tinysrgb&fit=max&fm=jpg&ixid=M3w3NTg5MjV8MHwxfHJhbmRvbXx8fHx8fHx8fDE3NDg4NjQ0NDR8&ixlib=rb-4.1.0&q=80&w=1080', '<p>Spinnin’ Record\n\nPhoto by Jack Hamilton on Unsplash</p>\n                <p>Photo by Jack Hamilton on Unsplash</p>'),
(42, 22, 'https://images.unsplash.com/photo-1618416094752-977e845b237a?crop=entropy&cs=tinysrgb&fit=max&fm=jpg&ixid=M3w3NTg5MjV8MHwxfHJhbmRvbXx8fHx8fHx8fDE3NDg4NjQ0NDR8&ixlib=rb-4.1.0&q=80&w=1080', '<p>Vinyl: Healing Force Project - Strange Apparitions In My Recording Room\n\nPhoto by Miguel Ferreira on Unsplash</p>\n                <p>Photo by Miguel Ferreira on Unsplash</p>'),
(43, 23, 'https://images.unsplash.com/photo-1527545072428-eb6e6f9ccd7e?crop=entropy&cs=tinysrgb&fit=max&fm=jpg&ixid=M3w3NTg5MjV8MHwxfHJhbmRvbXx8fHx8fHx8fDE3NDg4NjQ0NTR8&ixlib=rb-4.1.0&q=80&w=1080', '<p>Good design is…\n\nPhoto by Sherzod Max on Unsplash</p>\n                <p>Photo by Sherzod Max on Unsplash</p>'),
(44, 24, 'https://images.unsplash.com/photo-1467916971207-e78d69dbe744?crop=entropy&cs=tinysrgb&fit=max&fm=jpg&ixid=M3w3NTg5MjV8MHwxfHJhbmRvbXx8fHx8fHx8fDE3NDg4NjQ0NjV8&ixlib=rb-4.1.0&q=80&w=1080', '<p>Turn table on windowsill\n\nPhoto by Emma Frances Logan on Unsplash</p>\n                <p>Photo by Emma Frances Logan on Unsplash</p>'),
(45, 24, 'https://images.unsplash.com/photo-1452639443105-5c82ffe4a1da?crop=entropy&cs=tinysrgb&fit=max&fm=jpg&ixid=M3w3NTg5MjV8MHwxfHJhbmRvbXx8fHx8fHx8fDE3NDg4NjQ0NjV8&ixlib=rb-4.1.0&q=80&w=1080', '<p>Man with Queen vinyls\n\nPhoto by Roman Kraft on Unsplash</p>\n                <p>Photo by Roman Kraft on Unsplash</p>'),
(46, 24, 'https://images.unsplash.com/photo-1581297848080-c84ac0438210?crop=entropy&cs=tinysrgb&fit=max&fm=jpg&ixid=M3w3NTg5MjV8MHwxfHJhbmRvbXx8fHx8fHx8fDE3NDg4NjQ0NjZ8&ixlib=rb-4.1.0&q=80&w=1080', '<p>一張關於vinyl record的圖片\n\nPhoto by Mike Von on Unsplash</p>\n                <p>Photo by Mike Von on Unsplash</p>'),
(47, 25, 'https://images.unsplash.com/photo-1609721560092-1922ac65544e?crop=entropy&cs=tinysrgb&fit=max&fm=jpg&ixid=M3w3NTg5MjV8MHwxfHJhbmRvbXx8fHx8fHx8fDE3NDg4NjQ0OTR8&ixlib=rb-4.1.0&q=80&w=1080', '<p>vinyl, record, record player, audio, music\n\nPhoto by Maurício Guardiano on Unsplash</p>\n                <p>Photo by Maurício Guardiano on Unsplash</p>'),
(48, 25, 'https://images.unsplash.com/photo-1481358758723-4601c3107e65?crop=entropy&cs=tinysrgb&fit=max&fm=jpg&ixid=M3w3NTg5MjV8MHwxfHJhbmRvbXx8fHx8fHx8fDE3NDg4NjQ0OTR8&ixlib=rb-4.1.0&q=80&w=1080', '<p>Rummaging for some tunes\n\nPhoto by Clem Onojeghuo on Unsplash</p>\n                <p>Photo by Clem Onojeghuo on Unsplash</p>'),
(49, 25, 'https://images.unsplash.com/photo-1526327760257-75f515c74478?crop=entropy&cs=tinysrgb&fit=max&fm=jpg&ixid=M3w3NTg5MjV8MHwxfHJhbmRvbXx8fHx8fHx8fDE3NDg4NjQ0OTR8&ixlib=rb-4.1.0&q=80&w=1080', '<p>Listen to old music !\n\nPhoto by Luana De Marco on Unsplash</p>\n                <p>Photo by Luana De Marco on Unsplash</p>'),
(50, 26, 'https://images.unsplash.com/photo-1530021276530-c3f61582bbc8?crop=entropy&cs=tinysrgb&fit=max&fm=jpg&ixid=M3w3NTg5MjV8MHwxfHJhbmRvbXx8fHx8fHx8fDE3NDg4NjQ1NDd8&ixlib=rb-4.1.0&q=80&w=1080', '<p>Music for the soul\n\nPhoto by Joshua Ellish on Unsplash</p>\n                <p>Photo by Joshua Ellish on Unsplash</p>'),
(51, 26, 'https://images.unsplash.com/photo-1503683759663-762ec9716627?crop=entropy&cs=tinysrgb&fit=max&fm=jpg&ixid=M3w3NTg5MjV8MHwxfHJhbmRvbXx8fHx8fHx8fDE3NDg4NjQ1NDh8&ixlib=rb-4.1.0&q=80&w=1080', '<p>一張關於vinyl music的圖片\n\nPhoto by Joseph Pearson on Unsplash</p>\n                <p>Photo by Joseph Pearson on Unsplash</p>'),
(52, 26, 'https://images.unsplash.com/photo-1483412033650-1015ddeb83d1?crop=entropy&cs=tinysrgb&fit=max&fm=jpg&ixid=M3w3NTg5MjV8MHwxfHJhbmRvbXx8fHx8fHx8fDE3NDg5NTE5MDh8&ixlib=rb-4.1.0&q=80&w=1080', '<p>Vinyl + Grado Headphones</p>\n<p>Photo by blocks on Unsplash</p>'),
(53, 27, 'https://images.unsplash.com/photo-1624895036835-6e7880ed118d?crop=entropy&cs=tinysrgb&fit=max&fm=jpg&ixid=M3w3NTg5MjV8MHwxfHJhbmRvbXx8fHx8fHx8fDE3NDg5NTE5MTB8&ixlib=rb-4.1.0&q=80&w=1080', '<p>The good old times of analogue music. Guess what\'s on the turntable...</p>\n<p>Photo by Peter Kasprzyk on Unsplash</p>'),
(54, 27, 'https://images.unsplash.com/photo-1679658430346-ebb9d485abe4?crop=entropy&cs=tinysrgb&fit=max&fm=jpg&ixid=M3w3NTg5MjV8MHwxfHJhbmRvbXx8fHx8fHx8fDE3NDg5NTE5MTN8&ixlib=rb-4.1.0&q=80&w=1080', '<p>一張關於vinyl disc的圖片</p>\n<p>Photo by Chris Rosiak on Unsplash</p>'),
(55, 28, 'https://images.unsplash.com/photo-1530915534664-4ac6423816b7?crop=entropy&cs=tinysrgb&fit=max&fm=jpg&ixid=M3w3NTg5MjV8MHwxfHJhbmRvbXx8fHx8fHx8fDE3NDg5NTE5MTZ8&ixlib=rb-4.1.0&q=80&w=1080', '<p>PLAY BALL?</p>\n<p>Photo by John Fornander on Unsplash</p>'),
(56, 28, 'https://images.unsplash.com/photo-1611484655556-9a86a0cf109b?crop=entropy&cs=tinysrgb&fit=max&fm=jpg&ixid=M3w3NTg5MjV8MHwxfHJhbmRvbXx8fHx8fHx8fDE3NDg5NTE5MTl8&ixlib=rb-4.1.0&q=80&w=1080', '<p>一張關於record player的圖片</p>\n<p>Photo by Samuel Regan-Asante on Unsplash</p>'),
(57, 29, 'https://images.unsplash.com/photo-1528302137539-73565e0ab964?crop=entropy&cs=tinysrgb&fit=max&fm=jpg&ixid=M3w3NTg5MjV8MHwxfHJhbmRvbXx8fHx8fHx8fDE3NDg5NTE5MjJ8&ixlib=rb-4.1.0&q=80&w=1080', '<p>On my free days, I usually explore through New York City to find out the best hole in the wall spots and to meet different people. I always love finding different vinyl stores…even if I don’t have a turn table. Ha!</p>\n<p>Photo by Danica Tanjutco on Unsplash</p>'),
(58, 29, 'https://images.unsplash.com/photo-1567093614516-849c1923e122?crop=entropy&cs=tinysrgb&fit=max&fm=jpg&ixid=M3w3NTg5MjV8MHwxfHJhbmRvbXx8fHx8fHx8fDE3NDg5NTE5MjR8&ixlib=rb-4.1.0&q=80&w=1080', '<p>一張關於vinyl collection的圖片</p>\n<p>Photo by Nihal Demirci on Unsplash</p>'),
(59, 30, 'https://images.unsplash.com/photo-1513746469853-a03fc9a0d6ec?crop=entropy&cs=tinysrgb&fit=max&fm=jpg&ixid=M3w3NTg5MjV8MHwxfHJhbmRvbXx8fHx8fHx8fDE3NDg5NTE5Mjd8&ixlib=rb-4.1.0&q=80&w=1080', '<p>一張關於record player的圖片</p>\n<p>Photo by Priscilla Du Preez 🇨🇦 on Unsplash</p>'),
(60, 30, 'https://images.unsplash.com/photo-1534445817031-c529c7186f30?crop=entropy&cs=tinysrgb&fit=max&fm=jpg&ixid=M3w3NTg5MjV8MHwxfHJhbmRvbXx8fHx8fHx8fDE3NDg5NTE5MzB8&ixlib=rb-4.1.0&q=80&w=1080', '<p>Dead Language</p>\n<p>Photo by Marc-Olivier Paquin on Unsplash</p>'),
(61, 30, 'https://images.unsplash.com/photo-1603373362725-47eb708d7b78?crop=entropy&cs=tinysrgb&fit=max&fm=jpg&ixid=M3w3NTg5MjV8MHwxfHJhbmRvbXx8fHx8fHx8fDE3NDg5NTE5MzJ8&ixlib=rb-4.1.0&q=80&w=1080', '<p>One of my favorite record stores on the planet. Lots of stuff to look at and music in every form...tapes, CDs, vinyl...and stuff to play it on.</p>\n<p>Photo by Mick Haupt on Unsplash</p>'),
(62, 31, 'https://images.unsplash.com/photo-1544462415-5c4e1062755a?crop=entropy&cs=tinysrgb&fit=max&fm=jpg&ixid=M3w3NTg5MjV8MHwxfHJhbmRvbXx8fHx8fHx8fDE3NDg5NTIxNDN8&ixlib=rb-4.1.0&q=80&w=1080', '<p>Records are making a comeback. There are so many styles you could try to capture in a record store, but rarely does a record have on it “the one and only” to describe an artist. Not just any artist too, the one and only Glenn Miller.</p>\n<p>Photo by Mick Haupt on Unsplash</p>'),
(63, 31, 'https://images.unsplash.com/photo-1458560871784-56d23406c091?crop=entropy&cs=tinysrgb&fit=max&fm=jpg&ixid=M3w3NTg5MjV8MHwxfHJhbmRvbXx8fHx8fHx8fDE3NDg5NTIxNDV8&ixlib=rb-4.1.0&q=80&w=1080', '<p>一張關於record player setup的圖片</p>\n<p>Photo by Adrian Korte on Unsplash</p>'),
(64, 32, 'https://images.unsplash.com/photo-1618972677266-ce46571ce15e?crop=entropy&cs=tinysrgb&fit=max&fm=jpg&ixid=M3w3NTg5MjV8MHwxfHJhbmRvbXx8fHx8fHx8fDE3NDg5NTIxNDh8&ixlib=rb-4.1.0&q=80&w=1080', '<p>一張關於vinyl records collection的圖片</p>\n<p>Photo by Joshua Olsen on Unsplash</p>'),
(65, 33, 'https://images.unsplash.com/photo-1621542865967-e5166de4e451?crop=entropy&cs=tinysrgb&fit=max&fm=jpg&ixid=M3w3NTg5MjV8MHwxfHJhbmRvbXx8fHx8fHx8fDE3NDg4NjU5NTB8&ixlib=rb-4.1.0&q=80&w=1080', '<p>The SoundLab. February, 2021.\n\nPhoto by Matthew Moloney on Unsplash</p>\n                <p>Photo by Matthew Moloney on Unsplash</p>'),
(66, 34, 'https://images.unsplash.com/photo-1536640655660-d13d0f29867b?crop=entropy&cs=tinysrgb&fit=max&fm=jpg&ixid=M3w3NTg5MjV8MHwxfHJhbmRvbXx8fHx8fHx8fDE3NDg4NjU5NTh8&ixlib=rb-4.1.0&q=80&w=1080', '<p>tales from the record store\n\nPhoto by Haley Lawrence on Unsplash</p>\n                <p>Photo by Haley Lawrence on Unsplash</p>'),
(67, 34, 'https://images.unsplash.com/photo-1471029093449-ca61fffdc2af?crop=entropy&cs=tinysrgb&fit=max&fm=jpg&ixid=M3w3NTg5MjV8MHwxfHJhbmRvbXx8fHx8fHx8fDE3NDg4NjU5NTh8&ixlib=rb-4.1.0&q=80&w=1080', '<p>Playing a new vinyl\n\nPhoto by Lee  Campbell on Unsplash</p>\n                <p>Photo by Lee  Campbell on Unsplash</p>'),
(68, 35, 'https://images.unsplash.com/photo-1554583336-04e5635e7b13?crop=entropy&cs=tinysrgb&fit=max&fm=jpg&ixid=M3w3NTg5MjV8MHwxfHJhbmRvbXx8fHx8fHx8fDE3NDg4NjU5NjV8&ixlib=rb-4.1.0&q=80&w=1080', '<p>一張關於vinyl disc的圖片\n\nPhoto by Jp Valery on Unsplash</p>\n                <p>Photo by Jp Valery on Unsplash</p>'),
(69, 36, 'https://images.unsplash.com/photo-1616663395403-2e0052b8e595?crop=entropy&cs=tinysrgb&fit=max&fm=jpg&ixid=M3w3NTg5MjV8MHwxfHJhbmRvbXx8fHx8fHx8fDE3NDg4NjU5NzF8&ixlib=rb-4.1.0&q=80&w=1080', '<p>Young man holding a vinyl album cover in front of his collection. \n\nPhoto by Jonas Leupe on Unsplash</p>\n                <p>Photo by Jonas Leupe on Unsplash</p>'),
(70, 37, 'https://images.unsplash.com/photo-1489068461847-2fe69e5a5555?crop=entropy&cs=tinysrgb&fit=max&fm=jpg&ixid=M3w3NTg5MjV8MHwxfHJhbmRvbXx8fHx8fHx8fDE3NDg4NjU5Nzh8&ixlib=rb-4.1.0&q=80&w=1080', '<p>have you seen this!\n\nPhoto by Giovanni Randisi on Unsplash</p>\n                <p>Photo by Giovanni Randisi on Unsplash</p>'),
(71, 37, 'https://images.unsplash.com/photo-1664935035717-3a47679ef7c4?crop=entropy&cs=tinysrgb&fit=max&fm=jpg&ixid=M3w3NTg5MjV8MHwxfHJhbmRvbXx8fHx8fHx8fDE3NDg4NjU5Nzl8&ixlib=rb-4.1.0&q=80&w=1080', '<p>record stores are my happy photo place. don\'t bother me.\n\nPhoto by Mick Haupt on Unsplash</p>\n                <p>Photo by Mick Haupt on Unsplash</p>'),
(72, 38, 'https://images.unsplash.com/photo-1530270392869-7e99d345638f?crop=entropy&cs=tinysrgb&fit=max&fm=jpg&ixid=M3w3NTg5MjV8MHwxfHJhbmRvbXx8fHx8fHx8fDE3NDg4NjU5OTR8&ixlib=rb-4.1.0&q=80&w=1080', '<p>Vinyl Love\n\nPhoto by Ingo Ellerbusch on Unsplash</p>\n                <p>Photo by Ingo Ellerbusch on Unsplash</p>'),
(73, 39, 'https://images.unsplash.com/photo-1536640655660-d13d0f29867b?crop=entropy&cs=tinysrgb&fit=max&fm=jpg&ixid=M3w3NTg5MjV8MHwxfHJhbmRvbXx8fHx8fHx8fDE3NDg4NjYwMDd8&ixlib=rb-4.1.0&q=80&w=1080', '<p>tales from the record store\n\nPhoto by Haley Lawrence on Unsplash</p>\n                <p>Photo by Haley Lawrence on Unsplash</p>'),
(74, 39, 'https://images.unsplash.com/photo-1520354127549-fcecfe79d058?crop=entropy&cs=tinysrgb&fit=max&fm=jpg&ixid=M3w3NTg5MjV8MHwxfHJhbmRvbXx8fHx8fHx8fDE3NDg4NjYwMDh8&ixlib=rb-4.1.0&q=80&w=1080', '<p>Vinyl Records\n\nPhoto by Vincent Chan on Unsplash</p>\n                <p>Photo by Vincent Chan on Unsplash</p>'),
(75, 40, 'https://images.unsplash.com/photo-1609721560092-1922ac65544e?crop=entropy&cs=tinysrgb&fit=max&fm=jpg&ixid=M3w3NTg5MjV8MHwxfHJhbmRvbXx8fHx8fHx8fDE3NDg4NjYwMTR8&ixlib=rb-4.1.0&q=80&w=1080', '<p>vinyl, record, record player, audio, music\n\nPhoto by Maurício Guardiano on Unsplash</p>\n                <p>Photo by Maurício Guardiano on Unsplash</p>'),
(76, 41, 'https://images.unsplash.com/photo-1519619091416-f5d7e5200702?crop=entropy&cs=tinysrgb&fit=max&fm=jpg&ixid=M3w3NTg5MjV8MHwxfHJhbmRvbXx8fHx8fHx8fDE3NDg4NjYwMjN8&ixlib=rb-4.1.0&q=80&w=1080', '<p>一張關於record player setup的圖片\n\nPhoto by Mildly Useful on Unsplash</p>\n                <p>Photo by Mildly Useful on Unsplash</p>'),
(77, 41, 'https://images.unsplash.com/photo-1489838720009-3286c4293fda?crop=entropy&cs=tinysrgb&fit=max&fm=jpg&ixid=M3w3NTg5MjV8MHwxfHJhbmRvbXx8fHx8fHx8fDE3NDg4NjYwMjN8&ixlib=rb-4.1.0&q=80&w=1080', '<p>Nancy record label shop items\n\nPhoto by David Grandmougin on Unsplash</p>\n                <p>Photo by David Grandmougin on Unsplash</p>'),
(78, 41, 'https://images.unsplash.com/photo-1461360228754-6e81c478b882?crop=entropy&cs=tinysrgb&fit=max&fm=jpg&ixid=M3w3NTg5MjV8MHwxfHJhbmRvbXx8fHx8fHx8fDE3NDg4NjYwMjR8&ixlib=rb-4.1.0&q=80&w=1080', '<p>Vinyl collection at a record store\n\nPhoto by Mr Cup / Fabien Barral on Unsplash</p>\n                <p>Photo by Mr Cup / Fabien Barral on Unsplash</p>'),
(79, 42, 'https://images.unsplash.com/photo-1651672818900-eac6696d4c09?crop=entropy&cs=tinysrgb&fit=max&fm=jpg&ixid=M3w3NTg5MjV8MHwxfHJhbmRvbXx8fHx8fHx8fDE3NDg4NjYwMzF8&ixlib=rb-4.1.0&q=80&w=1080', '<p>Record store day 2022 in DeLand, Florida.\n\nPhoto by Mick Haupt on Unsplash</p>\n                <p>Photo by Mick Haupt on Unsplash</p>'),
(80, 42, 'https://images.unsplash.com/photo-1524779709304-40b5a3560c60?crop=entropy&cs=tinysrgb&fit=max&fm=jpg&ixid=M3w3NTg5MjV8MHwxfHJhbmRvbXx8fHx8fHx8fDE3NDg4NjYwMzF8&ixlib=rb-4.1.0&q=80&w=1080', '<p>一張關於vinyl records collection的圖片\n\nPhoto by Jon Tyson on Unsplash</p>\n                <p>Photo by Jon Tyson on Unsplash</p>'),
(81, 43, 'https://images.unsplash.com/photo-1617745279890-6ffe02ea6ff1?crop=entropy&cs=tinysrgb&fit=max&fm=jpg&ixid=M3w3NTg5MjV8MHwxfHJhbmRvbXx8fHx8fHx8fDE3NDg4NjYxMjR8&ixlib=rb-4.1.0&q=80&w=1080', '<p>一張關於vinyl collection的圖片\n\nPhoto by Erik Mclean on Unsplash</p>\n                <p>Photo by Erik Mclean on Unsplash</p>'),
(82, 43, 'https://images.unsplash.com/photo-1542728143-d9b537db6433?crop=entropy&cs=tinysrgb&fit=max&fm=jpg&ixid=M3w3NTg5MjV8MHwxfHJhbmRvbXx8fHx8fHx8fDE3NDg4NjYxMjV8&ixlib=rb-4.1.0&q=80&w=1080', '<p>一張關於record player的圖片\n\nPhoto by Oleg Ivanov on Unsplash</p>\n                <p>Photo by Oleg Ivanov on Unsplash</p>'),
(83, 43, 'https://images.unsplash.com/photo-1531469543542-5f61e38b875b?crop=entropy&cs=tinysrgb&fit=max&fm=jpg&ixid=M3w3NTg5MjV8MHwxfHJhbmRvbXx8fHx8fHx8fDE3NDg4NjYxMjV8&ixlib=rb-4.1.0&q=80&w=1080', '<p>Vinyl\n\nPhoto by Volodymyr Proskurovskyi on Unsplash</p>\n                <p>Photo by Volodymyr Proskurovskyi on Unsplash</p>'),
(84, 44, 'https://images.unsplash.com/photo-1527600144894-bab91eebde7d?crop=entropy&cs=tinysrgb&fit=max&fm=jpg&ixid=M3w3NTg5MjV8MHwxfHJhbmRvbXx8fHx8fHx8fDE3NDg4NjYxMzN8&ixlib=rb-4.1.0&q=80&w=1080', '<p>practice shot on goal\n\nPhoto by Jeffrey F Lin on Unsplash</p>\n                <p>Photo by Jeffrey F Lin on Unsplash</p>'),
(85, 44, 'https://images.unsplash.com/photo-1452639479057-3f773899ab7d?crop=entropy&cs=tinysrgb&fit=max&fm=jpg&ixid=M3w3NTg5MjV8MHwxfHJhbmRvbXx8fHx8fHx8fDE3NDg4NjYxMzR8&ixlib=rb-4.1.0&q=80&w=1080', '<p>一張關於record player的圖片\n\nPhoto by Roman Kraft on Unsplash</p>\n                <p>Photo by Roman Kraft on Unsplash</p>'),
(86, 45, 'https://images.unsplash.com/photo-1567093614516-849c1923e122?crop=entropy&cs=tinysrgb&fit=max&fm=jpg&ixid=M3w3NTg5MjV8MHwxfHJhbmRvbXx8fHx8fHx8fDE3NDg4NjYxNDV8&ixlib=rb-4.1.0&q=80&w=1080', '<p>一張關於record store的圖片\n\nPhoto by Nihal Demirci on Unsplash</p>\n                <p>Photo by Nihal Demirci on Unsplash</p>'),
(87, 45, 'https://images.unsplash.com/photo-1521426895293-2ccb69ea8002?crop=entropy&cs=tinysrgb&fit=max&fm=jpg&ixid=M3w3NTg5MjV8MHwxfHJhbmRvbXx8fHx8fHx8fDE3NDg4NjYxNDV8&ixlib=rb-4.1.0&q=80&w=1080', '<p>Living Full\n\nPhoto by Emily Rudolph on Unsplash</p>\n                <p>Photo by Emily Rudolph on Unsplash</p>'),
(88, 46, 'https://images.unsplash.com/photo-1603048588665-791ca8aea617?crop=entropy&cs=tinysrgb&fit=max&fm=jpg&ixid=M3w3NTg5MjV8MHwxfHJhbmRvbXx8fHx8fHx8fDE3NDg4NjYxNTR8&ixlib=rb-4.1.0&q=80&w=1080', '<p>before Spotify was born.\n\nPhoto by Andrea Cipriani on Unsplash</p>\n                <p>Photo by Andrea Cipriani on Unsplash</p>'),
(89, 47, 'https://images.unsplash.com/photo-1473646590311-c48e1bc77b44?crop=entropy&cs=tinysrgb&fit=max&fm=jpg&ixid=M3w3NTg5MjV8MHwxfHJhbmRvbXx8fHx8fHx8fDE3NDg4NjYxNjN8&ixlib=rb-4.1.0&q=80&w=1080', '<p>Spinnin’ Record\n\nPhoto by Jack Hamilton on Unsplash</p>\n                <p>Photo by Jack Hamilton on Unsplash</p>'),
(90, 47, 'https://images.unsplash.com/photo-1601941195319-8dee9f03ed86?crop=entropy&cs=tinysrgb&fit=max&fm=jpg&ixid=M3w3NTg5MjV8MHwxfHJhbmRvbXx8fHx8fHx8fDE3NDg4NjYxNjN8&ixlib=rb-4.1.0&q=80&w=1080', '<p>一張關於vinyl album的圖片\n\nPhoto by Christina Rumpf on Unsplash</p>\n                <p>Photo by Christina Rumpf on Unsplash</p>'),
(91, 47, 'https://images.unsplash.com/photo-1561121587-28c15de34c17?crop=entropy&cs=tinysrgb&fit=max&fm=jpg&ixid=M3w3NTg5MjV8MHwxfHJhbmRvbXx8fHx8fHx8fDE3NDg4NjYxNjR8&ixlib=rb-4.1.0&q=80&w=1080', '<p>A Colorful Display of Vintage Books at a Local Used Bookstore in the Afternoon - The shelves are filled with a diverse collection of vintage books, showcasing varying sizes, colors, and languages. Some titles are well-worn, while others appear brand new, inviting readers to explore a multitude of subjects. The atmosphere is warm and cozy, perfect for book lovers.\n\nPhoto by Eric Prouzet on Unsplash</p>\n                <p>Photo by Eric Prouzet on Unsplash</p>'),
(92, 48, 'https://images.unsplash.com/photo-1542395118-9d95347995bc?crop=entropy&cs=tinysrgb&fit=max&fm=jpg&ixid=M3w3NTg5MjV8MHwxfHJhbmRvbXx8fHx8fHx8fDE3NDg4NjYxODN8&ixlib=rb-4.1.0&q=80&w=1080', '<p>一張關於vinyl record的圖片\n\nPhoto by Konstantinos Hasandras on Unsplash</p>\n                <p>Photo by Konstantinos Hasandras on Unsplash</p>'),
(93, 48, 'https://images.unsplash.com/photo-1518739745383-0ef26e9dd7fd?crop=entropy&cs=tinysrgb&fit=max&fm=jpg&ixid=M3w3NTg5MjV8MHwxfHJhbmRvbXx8fHx8fHx8fDE3NDg4NjYxODN8&ixlib=rb-4.1.0&q=80&w=1080', '<p>Crowded\n\nPhoto by Wyron A on Unsplash</p>\n                <p>Photo by Wyron A on Unsplash</p>'),
(94, 48, 'https://images.unsplash.com/photo-1513746132536-e3898f5df2fb?crop=entropy&cs=tinysrgb&fit=max&fm=jpg&ixid=M3w3NTg5MjV8MHwxfHJhbmRvbXx8fHx8fHx8fDE3NDg4NjYxODR8&ixlib=rb-4.1.0&q=80&w=1080', '<p>一張關於vinyl music的圖片\n\nPhoto by Priscilla Du Preez 🇨🇦 on Unsplash</p>\n                <p>Photo by Priscilla Du Preez 🇨🇦 on Unsplash</p>'),
(95, 49, 'https://images.unsplash.com/photo-1534258698732-f4f27981a92b?crop=entropy&cs=tinysrgb&fit=max&fm=jpg&ixid=M3w3NTg5MjV8MHwxfHJhbmRvbXx8fHx8fHx8fDE3NDg4NjYxOTB8&ixlib=rb-4.1.0&q=80&w=1080', '<p>一張關於record player setup的圖片\n\nPhoto by Kyle DeSantis on Unsplash</p>\n                <p>Photo by Kyle DeSantis on Unsplash</p>'),
(96, 50, 'https://images.unsplash.com/photo-1619078515712-c8e13a3f2d37?crop=entropy&cs=tinysrgb&fit=max&fm=jpg&ixid=M3w3NTg5MjV8MHwxfHJhbmRvbXx8fHx8fHx8fDE3NDg4NjYyMDR8&ixlib=rb-4.1.0&q=80&w=1080', '<p>一張關於vinyl album的圖片\n\nPhoto by Jurian Kersten on Unsplash</p>\n                <p>Photo by Jurian Kersten on Unsplash</p>'),
(97, 50, 'https://images.unsplash.com/photo-1643043498578-61e1a6b6511f?crop=entropy&cs=tinysrgb&fit=max&fm=jpg&ixid=M3w3NTg5MjV8MHwxfHJhbmRvbXx8fHx8fHx8fDE3NDg5NTIzMjF8&ixlib=rb-4.1.0&q=80&w=1080', '<p>一張關於turntable的圖片</p>\n<p>Photo by Daniil Zameshaev on Unsplash</p>'),
(98, 50, 'https://images.unsplash.com/photo-1517973883048-eb73171a9a14?crop=entropy&cs=tinysrgb&fit=max&fm=jpg&ixid=M3w3NTg5MjV8MHwxfHJhbmRvbXx8fHx8fHx8fDE3NDg5NTIzMjR8&ixlib=rb-4.1.0&q=80&w=1080', '<p>I was on a photo shoot with my best friends from Starbucks and was about to jump in the car. Before we were about to the car my friend shouts “Look a record store”. I’ve never been in one before and thought it would be a great experience for a throwback shoot. We found a Will Ferrel picture and had to take a picture with it. This was the outcome and love it so much!</p>\n<p>Photo by Trevin Rudy on Unsplash</p>'),
(99, 51, 'https://images.unsplash.com/photo-1521425700123-f8610a448ba3?crop=entropy&cs=tinysrgb&fit=max&fm=jpg&ixid=M3w3NTg5MjV8MHwxfHJhbmRvbXx8fHx8fHx8fDE3NDg5NTIzMjd8&ixlib=rb-4.1.0&q=80&w=1080', '<p>Living Full</p>\n<p>Photo by Emily Rudolph on Unsplash</p>'),
(100, 51, 'https://images.unsplash.com/photo-1533827432537-70133748f5c8?crop=entropy&cs=tinysrgb&fit=max&fm=jpg&ixid=M3w3NTg5MjV8MHwxfHJhbmRvbXx8fHx8fHx8fDE3NDg5NTIzMjl8&ixlib=rb-4.1.0&q=80&w=1080', '<p>Hats waiting for a head where they can perform their duties</p>\n<p>Photo by Héctor J. Rivas on Unsplash</p>'),
(178, 49, 'https://images.unsplash.com/photo-1512607999958-f9b372b6f492?crop=entropy&cs=tinysrgb&fit=max&fm=jpg&ixid=M3w3NTg5MjV8MHwxfHJhbmRvbXx8fHx8fHx8fDE3NDg4NjYxOTB8&ixlib=rb-4.1.0&q=80&w=1080', 'cover'),
(183, 50, 'https://images.unsplash.com/photo-1444990689320-bd2a7a839644?crop=entropy&cs=tinysrgb&fit=max&fm=jpg&ixid=M3w3NTg5MjV8MHwxfHJhbmRvbXx8fHx8fHx8fDE3NDg4NjYyMDN8&ixlib=rb-4.1.0&q=80&w=1080', 'cover'),
(229, NULL, '/article/img/covers/6847e764b9eda.jpg', 'content'),
(231, 85, '/article/img/covers/68482cb034f04.jpg', 'cover'),
(235, 87, '/article/img/covers/684a6f0eb5a13.jpg', 'cover'),
(236, NULL, '/article/img/covers/684a8f5c158fa.jpg', 'content'),
(238, 88, '/article/img/covers/684a8f7f8037d.jpg', 'cover');

-- --------------------------------------------------------

--
-- 資料表結構 `article_statuses`
--

CREATE TABLE `article_statuses` (
  `article_id` int(11) NOT NULL,
  `status` varchar(20) DEFAULT NULL,
  `updated_at` datetime DEFAULT NULL
) ENGINE=InnoDB DEFAULT CHARSET=utf8mb4 COLLATE=utf8mb4_general_ci;

--
-- 傾印資料表的資料 `article_statuses`
--

INSERT INTO `article_statuses` (`article_id`, `status`, `updated_at`) VALUES
(1, 'draft', '2025-06-02 18:00:48'),
(2, 'draft', '2025-06-02 18:03:57'),
(3, 'published', '2025-06-02 18:04:37'),
(4, 'published', '2025-06-02 18:05:04'),
(5, 'scheduled', '2025-06-02 18:05:22'),
(6, 'draft', '2025-06-02 18:05:49'),
(7, 'draft', '2025-06-02 18:06:50'),
(8, 'scheduled', '2025-06-02 18:08:48'),
(9, 'scheduled', '2025-06-02 18:09:06'),
(10, 'draft', '2025-06-02 18:09:36'),
(11, 'published', '2025-06-02 19:21:02'),
(12, 'scheduled', '2025-06-02 19:21:11'),
(13, 'scheduled', '2025-06-02 19:21:27'),
(14, 'published', '2025-06-02 19:21:46'),
(15, 'scheduled', '2025-06-02 19:22:40'),
(16, 'draft', '2025-06-02 19:23:30'),
(17, 'published', '2025-06-02 19:25:08'),
(18, 'draft', '2025-06-02 19:25:33'),
(19, 'scheduled', '2025-06-02 19:25:59'),
(20, 'draft', '2025-06-02 19:26:30'),
(21, 'scheduled', '2025-06-02 19:40:34'),
(22, 'published', '2025-06-02 19:40:44'),
(23, 'published', '2025-06-02 19:40:53'),
(24, 'draft', '2025-06-02 19:41:05'),
(25, 'scheduled', '2025-06-02 19:41:33'),
(26, 'published', '2025-06-02 19:42:27'),
(27, 'scheduled', '2025-06-02 19:42:38'),
(28, 'draft', '2025-06-02 19:42:43'),
(29, 'scheduled', '2025-06-02 19:42:48'),
(30, 'published', '2025-06-02 19:42:55'),
(31, 'draft', '2025-06-02 19:49:11'),
(32, 'scheduled', '2025-06-02 19:49:37'),
(33, 'scheduled', '2025-06-02 20:05:50'),
(34, 'published', '2025-06-02 20:05:58'),
(35, 'draft', '2025-06-02 20:06:04'),
(36, 'scheduled', '2025-06-02 20:06:11'),
(37, 'scheduled', '2025-06-02 20:06:18'),
(38, 'draft', '2025-06-02 20:06:34'),
(39, 'scheduled', '2025-06-02 20:06:47'),
(40, 'draft', '2025-06-02 20:06:54'),
(41, 'draft', '2025-06-02 20:07:03'),
(42, 'draft', '2025-06-02 20:07:11'),
(43, 'published', '2025-06-02 20:08:44'),
(44, 'published', '2025-06-02 20:08:53'),
(45, 'scheduled', '2025-06-02 20:09:05'),
(46, 'scheduled', '2025-06-02 20:09:13'),
(47, 'scheduled', '2025-06-02 20:09:23'),
(48, 'draft', '2025-06-02 20:09:42'),
(49, 'published', '2025-06-09 18:29:52'),
(50, 'published', '2025-06-09 18:29:14'),
(51, 'draft', '2025-06-07 18:00:31'),
(85, 'scheduled', '2025-06-12 16:14:07'),
(87, 'scheduled', '2025-06-12 14:09:38'),
(88, 'scheduled', '2025-06-12 16:28:38');

-- --------------------------------------------------------

--
-- 資料表結構 `article_tag`
--

CREATE TABLE `article_tag` (
  `article_id` int(11) NOT NULL,
  `tag_id` int(11) NOT NULL
) ENGINE=InnoDB DEFAULT CHARSET=utf8mb4 COLLATE=utf8mb4_general_ci;

--
-- 傾印資料表的資料 `article_tag`
--

INSERT INTO `article_tag` (`article_id`, `tag_id`) VALUES
(1, 6),
(2, 2),
(2, 10),
(3, 9),
(4, 4),
(5, 2),
(5, 6),
(6, 2),
(6, 4),
(6, 8),
(7, 4),
(7, 6),
(7, 8),
(8, 2),
(8, 4),
(9, 6),
(9, 9),
(10, 1),
(10, 3),
(10, 8),
(11, 6),
(12, 3),
(12, 8),
(13, 1),
(13, 5),
(13, 7),
(14, 6),
(14, 10),
(15, 1),
(15, 4),
(16, 1),
(17, 5),
(18, 8),
(19, 5),
(19, 6),
(20, 2),
(21, 1),
(21, 8),
(21, 10),
(22, 1),
(23, 2),
(23, 4),
(23, 9),
(24, 9),
(25, 4),
(26, 2),
(26, 6),
(26, 8),
(27, 6),
(27, 8),
(28, 4),
(28, 6),
(28, 10),
(29, 8),
(30, 2),
(30, 4),
(30, 7),
(31, 7),
(32, 1),
(32, 2),
(32, 3),
(33, 3),
(33, 4),
(33, 10),
(34, 2),
(34, 5),
(34, 10),
(35, 8),
(36, 5),
(36, 10),
(37, 9),
(38, 3),
(38, 4),
(39, 1),
(39, 9),
(40, 2),
(40, 4),
(40, 9),
(41, 3),
(41, 10),
(42, 2),
(42, 5),
(42, 7),
(43, 2),
(43, 3),
(44, 4),
(44, 5),
(44, 7),
(45, 5),
(45, 8),
(45, 10),
(46, 3),
(46, 5),
(46, 10),
(47, 5),
(47, 6),
(47, 8),
(48, 9),
(49, 2),
(49, 4),
(49, 8),
(50, 5),
(50, 9),
(51, 10),
(85, 2),
(85, 6),
(87, 3),
(88, 2),
(88, 3),
(88, 6);

-- --------------------------------------------------------

--
-- 資料表結構 `article_views`
--

CREATE TABLE `article_views` (
  `id` int(11) NOT NULL,
  `article_id` int(11) DEFAULT NULL,
  `view_count` int(11) DEFAULT NULL
) ENGINE=InnoDB DEFAULT CHARSET=utf8mb4 COLLATE=utf8mb4_general_ci;

--
-- 傾印資料表的資料 `article_views`
--

INSERT INTO `article_views` (`id`, `article_id`, `view_count`) VALUES
(1, 1, 53),
(2, 2, 160),
(3, 3, 854),
(4, 4, 617),
(5, 5, 809),
(6, 6, 200),
(7, 7, 827),
(8, 8, 787),
(9, 9, 304),
(10, 10, 844),
(11, 11, 901),
(12, 12, 268),
(13, 13, 749),
(14, 14, 267),
(15, 15, 619),
(16, 16, 760),
(17, 17, 63),
(18, 18, 217),
(19, 19, 916),
(20, 20, 139),
(21, 21, 663),
(22, 22, 718),
(23, 23, 252),
(24, 24, 822),
(25, 25, 510),
(26, 26, 688),
(27, 27, 97),
(28, 28, 427),
(29, 29, 140),
(30, 30, 317),
(31, 31, 803),
(32, 32, 806),
(33, 33, 342),
(34, 34, 170),
(35, 35, 972),
(36, 36, 628),
(37, 37, 391),
(38, 38, 559),
(39, 39, 85),
(40, 40, 647),
(41, 41, 179),
(42, 42, 330),
(43, 43, 830),
(44, 44, 624),
(45, 45, 205),
(46, 46, 861),
(47, 47, 523),
(48, 48, 332),
(49, 49, 934),
(50, 50, 976),
(51, 51, 595);

-- --------------------------------------------------------

--
-- 資料表結構 `branch`
--

CREATE TABLE `branch` (
  `id` int(11) NOT NULL,
  `name` varchar(255) NOT NULL,
  `address` text DEFAULT NULL,
  `phone` varchar(20) DEFAULT NULL,
  `weekdays` varchar(50) NOT NULL DEFAULT '1,2,3,4,5' COMMENT '營業星期，以逗號分隔，1-7代表週一到週日',
  `business_hours` varchar(100) DEFAULT NULL,
  `latitude` decimal(9,6) DEFAULT NULL,
  `longitude` decimal(9,6) DEFAULT NULL,
  `is_deleted` tinyint(1) NOT NULL DEFAULT 0 COMMENT '是否以刪除',
  `deleted_at` datetime DEFAULT NULL COMMENT '刪除時間'
) ENGINE=InnoDB DEFAULT CHARSET=utf8mb4 COLLATE=utf8mb4_general_ci;

--
-- 傾印資料表的資料 `branch`
--

INSERT INTO `branch` (`id`, `name`, `address`, `phone`, `weekdays`, `business_hours`, `latitude`, `longitude`, `is_deleted`, `deleted_at`) VALUES
(1, '黑膠咖啡', '100台灣台北市中正區八德路一段一號華山文創園區，紅磚區西7-4館', '02-4407-1508', '1,2,3,4,5,6,7', '09:30-18:30', 25.044885, 121.528175, 0, NULL),
(2, '二手唱片販售中 二手唱片收購 二手CD收購 二手錄音帶收購 二手黑膠收購 二手腳踏車收購', '235台灣新北市中和區秀朗路三段58-2號8樓', '02-7398-4852', '1,2,3,4,5', '11:00-22:00', 24.995157, 121.525974, 1, '2025-06-11 15:58:22'),
(3, '大韜黑膠耳機專賣', '115台灣台北市南港區忠孝東路七段99號1樓', '02-5257-4254', '1,2,3,4,5', '10:00-21:00', 25.051636, 121.597994, 0, NULL),
(4, '張大韜黑膠耳機專賣', '320台灣桃園市中壢區漢口街38號', '03-7399-2428', '1,2,3,4,5', '11:00-22:00', 24.953015, 121.230886, 0, NULL),
(6, '龍鳳錄音帶唱片行', '108台灣萬華區華西街46號', '02-9997-5319', '1,2,3,4,5', '12:00-20:00', 25.036978, 121.498204, 1, '2025-06-12 11:07:34'),
(7, 'SOUL AMAZIN\' MUSIC', '11090台灣台北市信義區永吉路523號2F', '02-5831-8652', '1,2,3,4,5', '09:30-18:30', 25.045589, 121.580239, 1, '2025-06-12 09:55:12'),
(8, '三創黑膠（サンチョワンヘイジャオ）', '10491台灣台北市中正區市民大道三段2號', '02-5790-2391', '1,2,3,4,5', '10:30-19:30', 25.045261, 121.531259, 1, '2025-06-12 09:55:14'),
(10, 'THT唱片', '1樓, No. 16號復興北路427巷松山區台北市台灣 105', '02-2495-3230', '1,2,3,4,5', '09:30-18:30', 25.063272, 121.545471, 0, NULL),
(11, '燭光唱片Candlelight Records & Audio | 黑膠音響專賣店', '100台灣台北市中正區信義路二段45巷19號1樓', '02-9151-8649', '1,2,3,4,5', '10:00-21:00', 25.034925, 121.526502, 0, NULL),
(12, '小宋唱片', '1樓 No, No. 10號西園路二段225巷萬華區台北市台灣 108', '02-8904-3748', '1,2,3,4,5', '11:30-20:30', 25.026980, 121.495097, 0, NULL),
(13, '佳佳唱片 - 中華店 (Chia Chia Record - Zhonghua)', '108台灣台北市萬華區中華路一段110號2樓', '02-6828-5340', '1,2,3,4,5', '12:00-20:00', 25.043903, 121.508377, 1, '2025-06-12 09:55:26'),
(14, 'M@M RECORDS 四樓唱片行', '106台灣台北市大安區忠孝東路四段112號 4號樓之3', '02-3784-2324', '1,2,3,4,5', '10:00-21:00', 25.041364, 121.546893, 0, NULL),
(15, 'Done space', '22400台灣新北市瑞芳區基山街231號佛堂巷8號2F', '02-1719-7469', '1,2,3,4,5', '13:00-23:00', 25.106868, 121.841893, 0, NULL),
(16, '古碟工作室', '330台灣桃園市桃園區南平路110巷68號1樓', '03-5438-8292', '1,2,3,4,5', '12:00-20:00', 25.022301, 121.302118, 0, NULL),
(17, '澤龍唱片', '108台灣台北市萬華區成都路10巷15號紅樓廣場旁', '02-7920-9129', '1,2,3,4,5', '09:30-18:30', 25.041948, 121.506986, 0, NULL),
(18, '壹緣工作室 收購二手ＣＤ 黑膠 錄音帶 請先來電預約', '106台灣台北市大安區信義路三段106號', '02-1896-4923', '1,2,3,4,5', '11:30-20:30', 25.033218, 121.538412, 0, NULL),
(19, '二手回收 / 音樂CD / 黑膠 /', '234台灣新北市永和區環河東路三段56號', '02-4240-7835', '1,2,3,4,5', '10:00-21:00', 25.005944, 121.526628, 0, NULL),
(20, '希聲幻影 - 桃園 DJ教學、黑膠唱片 預約制', '330台灣桃園市桃園區成功路三段221巷3號', '03-4351-4708', '1,2,3,4,5', '10:30-19:30', 25.006543, 121.323977, 0, NULL),
(21, '駱克唱片行', '105台灣台北市松山區光復北路85巷21號1F', '02-5495-6047', '1,2,3,4,5', '09:30-18:30', 25.050627, 121.558985, 0, NULL),
(22, '【貳扌殿】 雙北、桃竹苗地區到府收購.回收（皆為官方line預約服務） ： CD 錄音帶 黑膠唱片 字畫 獎狀 獎章 文件 手稿 郵票 相機 茶葉 茶壺', '241台灣新北市三重區大同南路78巷3號收購請預約 （Line ID：@a123456789', '02-7592-5580', '1,2,3,4,5', '13:00-23:00', 25.059371, 121.496514, 0, NULL),
(23, 'Rotten Blues Records【預約制】', '100台灣台北市中正區金門街11巷3-1號', '02-3289-7991', '1,2,3,4,5', '10:00-21:00', 25.021730, 121.523715, 0, NULL),
(24, 'WillMusic微樂客(赤峰門市)', '103台灣台北市大同區赤峰街12巷5號1樓', '02-3484-3083', '1,2,3,4,5', '09:30-18:30', 25.054967, 121.519395, 0, NULL),
(25, 'Groupies Records 奮死唱片行', '320台灣桃園市中壢區中平路30號3樓', '03-3421-3375', '1,2,3,4,5', '09:30-18:30', 24.954729, 121.225413, 0, NULL),
(26, '威剛黑膠音樂博物館 ADATA Museum', '114台灣台北市內湖區潭美街533號3樓', '02-9359-3216', '1,2,3,4,5', '13:00-23:00', 25.060892, 121.599872, 0, NULL),
(27, '再生工場 永和店 二手 全新 精品3C生活用品小家電黑膠卡帶CD買賣', '234台灣新北市永和區中正路260號', '02-6559-8260', '1,2,3,4,5', '10:30-19:30', 24.998585, 121.516821, 0, NULL),
(28, '古酒閣 專業收購老酒 字畫 人蔘 古物—老酒收購|收購老酒|洋酒收購|收購洋酒|古董收購|威士忌收購|金門高梁收購|龍銀收購|古董傢俱收購/字畫收購/收購字畫', '106台灣台北市大安區永康街60號', '02-7685-5348', '1,2,3,4,5', '11:00-22:00', 25.028517, 121.529477, 0, NULL),
(29, '個體戶唱片行 indimusic records', '106台灣台北市大安區羅斯福路三段297-5號號3樓', '02-6905-7444', '1,2,3,4,5', '10:30-19:30', 25.017518, 121.531756, 0, NULL),
(30, '鯤元二手書店(收購各種書籍/漫畫/小說/童書/影音CD卡帶/DVD/黑膠唱片 有到府收書的服務)', '330台灣桃園市桃園區力行路182號', '03-1116-2309', '1,2,3,4,5', '12:00-20:00', 25.001158, 121.300901, 0, NULL),
(31, 'Black Glue Records', '106台灣台北市大安區復興南路二段332號', '02-1263-9752', '1,2,3,4,5', '10:00-21:00', 25.022891, 121.543229, 0, NULL),
(32, '【阿輝の古物】回收、收購二手唱片古物、CD、錄音帶/匣式大卡帶、黑膠唱片、遊戲片/光碟/軟膠片、卡帶、老相機、唱片機、懷舊公仔模型海報、郵票、國畫、書法字畫、文獻手稿、球卡、動漫卡、手錶、紀念幣、紀念章、紙鈔、早期書、名家畫冊等各類古董收藏', '100台灣台北市中正區杭州南路二段96號現場只收購商品， 無現場購物，歡迎尋問 (Line: @buyguwu地下一樓', '02-8033-7443', '1,2,3,4,5', '11:30-20:30', 25.029157, 121.521766, 0, NULL),
(33, '再生工場 站前店 二手 全新 精品3C生活用品小家電黑膠卡帶CD買賣', '100台灣台北市中正區許昌街12號號 2 樓', '02-4879-5602', '1,2,3,4,5', '10:00-21:00', 25.045419, 121.516828, 1, '2025-06-11 15:59:25'),
(34, '佳佳唱片 - 漢口店', '100台灣台北市中正區漢口街一段3號B1', '02-9683-7017', '1,2,3,4,5', '11:00-22:00', 25.045208, 121.514675, 0, NULL),
(35, '潮電Bar&RecordStore', '106台灣台北市大安區潮州街76號2樓', '02-6709-6736', '1,2,3,4,5', '10:00-21:00', 25.029133, 121.524193, 0, NULL),
(36, '先行一車 Senko Issha Records', '106台灣台北市大安區泰順街12號', '02-9191-8613', '1,2,3,4,5', '10:00-21:00', 25.025620, 121.531466, 0, NULL),
(37, 'Joy Audio', '100台灣台北市中正區中華路二段75巷6號', '02-8594-1127', '1,2,3,4,5', '09:30-18:30', 25.033764, 121.506221, 0, NULL),
(38, '黑皮工作室 BlacksKin Studio', '320台灣桃園市中壢區後興路一段112號', '03-4297-8231', '1,2,3,4,5', '12:00-20:00', 24.942051, 121.247338, 0, NULL),
(39, '邁阿密音樂廣場宜蘭店', '260台灣宜蘭縣宜蘭市新民路76號', '03-3660-9483', '1,2,3,4,5', '13:00-23:00', 24.756975, 121.756589, 0, NULL),
(40, '合友唱片', '100台灣台北市中正區八德路一段82巷12號', '02-8997-9252', '1,2,3,4,5', '13:00-23:00', 25.043682, 121.532081, 0, NULL),
(41, '台企行有限公司－助聽器 / Hi-End 音響 / 黑膠唱片', '10450台灣台北市中山區中山北路二段25號2樓', '02-7372-6028', '1,2,3,4,5', '12:00-20:00', 25.053112, 121.522934, 0, NULL),
(42, '95樂府', '108台灣台北市萬華區漢口街二段20巷11號', '02-4601-3490', '1,2,3,4,5', '12:00-20:00', 25.044822, 121.508027, 0, NULL),
(43, '失戀排行榜 Heartbreak Fidelity Records & Books 唱片行×獨立書店', '104110台灣台北市中山區興安街6-1號', '02-5856-8931', '1,2,3,4,5', '11:00-22:00', 25.056083, 121.537541, 0, NULL),
(44, '玫瑰大眾古典館', '100台灣台北市中正區重慶南路一段15號', '02-2985-4859', '1,2,3,4,5', '09:30-18:30', 25.045788, 121.513398, 0, NULL),
(45, '搜古苑 收購字畫 cd 黑膠唱片 （請來電預約）', '234台灣新北市永和區竹林路201巷27號', '02-5656-1065', '1,2,3,4,5', '10:00-21:00', 25.009563, 121.521926, 0, NULL),
(46, '停看聽音響有限公司', '103台灣台北市大同區重慶北路二段74號12樓', '02-4127-2623', '1,2,3,4,5', '11:30-20:30', 25.056290, 121.513675, 0, NULL);

-- --------------------------------------------------------

--
-- 資料表結構 `branch_hashtag`
--

CREATE TABLE `branch_hashtag` (
  `branch_id` int(11) NOT NULL,
  `hashtag_id` int(11) NOT NULL
) ENGINE=InnoDB DEFAULT CHARSET=utf8mb4 COLLATE=utf8mb4_general_ci;

--
-- 傾印資料表的資料 `branch_hashtag`
--

INSERT INTO `branch_hashtag` (`branch_id`, `hashtag_id`) VALUES
(1, 1),
(1, 2),
(1, 3),
(1, 7),
(1, 8),
(1, 9),
(2, 1),
(2, 2),
(2, 6),
(2, 8),
(2, 9),
(3, 1),
(3, 2),
(3, 4),
(4, 1),
(4, 2),
(4, 6),
(6, 1),
(6, 2),
(6, 9),
(7, 1),
(7, 2),
(7, 5),
(7, 8),
(7, 9),
(8, 1),
(8, 2),
(8, 4),
(10, 1),
(10, 2),
(10, 6),
(11, 1),
(11, 2),
(11, 4),
(11, 6),
(11, 9),
(12, 1),
(12, 2),
(12, 3),
(12, 5),
(13, 1),
(13, 2),
(13, 9),
(14, 1),
(14, 2),
(14, 6),
(15, 1),
(15, 2),
(15, 6),
(16, 1),
(16, 2),
(16, 5),
(16, 6),
(17, 1),
(17, 2),
(17, 6),
(17, 7),
(18, 1),
(18, 2),
(18, 8),
(19, 1),
(19, 2),
(19, 5),
(20, 1),
(20, 2),
(20, 7),
(20, 8),
(21, 1),
(21, 2),
(21, 4),
(21, 8),
(22, 1),
(22, 2),
(22, 5),
(22, 6),
(22, 7),
(23, 1),
(23, 2),
(23, 8),
(24, 1),
(24, 2),
(24, 3),
(24, 5),
(25, 1),
(25, 2),
(25, 6),
(25, 7),
(25, 9),
(26, 1),
(26, 2),
(26, 7),
(26, 8),
(27, 1),
(27, 2),
(27, 3),
(27, 7),
(28, 1),
(28, 2),
(28, 7),
(28, 8),
(29, 1),
(29, 2),
(29, 9),
(30, 1),
(30, 2),
(30, 3),
(30, 7),
(30, 9),
(31, 1),
(31, 2),
(31, 5),
(31, 7),
(31, 8),
(32, 1),
(32, 2),
(32, 3),
(33, 1),
(33, 2),
(33, 7),
(34, 1),
(34, 2),
(34, 3),
(34, 9),
(35, 1),
(35, 2),
(35, 3),
(36, 1),
(36, 2),
(36, 3),
(36, 4),
(37, 1),
(37, 2),
(37, 3),
(37, 9),
(38, 1),
(38, 2),
(38, 9),
(39, 1),
(39, 2),
(39, 3),
(40, 1),
(40, 2),
(40, 4),
(41, 1),
(41, 2),
(41, 4),
(41, 8),
(42, 1),
(42, 2),
(42, 4),
(42, 7),
(43, 1),
(43, 2),
(43, 8),
(43, 9),
(44, 1),
(44, 2),
(44, 6),
(45, 1),
(45, 2),
(45, 4),
(45, 5),
(45, 9),
(46, 1),
(46, 2),
(46, 5),
(46, 6),
(46, 7);

-- --------------------------------------------------------

--
-- 資料表結構 `branch_image`
--

CREATE TABLE `branch_image` (
  `id` int(11) NOT NULL,
  `branch_id` int(11) NOT NULL,
  `url` text DEFAULT NULL COMMENT '圖片URL',
  `description` text DEFAULT NULL COMMENT '圖片描述'
) ENGINE=InnoDB DEFAULT CHARSET=utf8mb4 COLLATE=utf8mb4_general_ci;

--
-- 傾印資料表的資料 `branch_image`
--

INSERT INTO `branch_image` (`id`, `branch_id`, `url`, `description`) VALUES
(2, 2, 'https://images.unsplash.com/photo-1536133455524-79533bd5f4c6?crop=entropy&cs=tinysrgb&fit=max&fm=jpg&ixid=M3w3NTg5MjV8MHwxfHJhbmRvbXx8fHx8fHx8fDE3NDg5Njc0MjR8&ixlib=rb-4.1.0&q=80&w=1080', 'This is an analogue photo (35mm format)'),
(6, 6, 'https://images.unsplash.com/photo-1591165070967-b716648a30d6?crop=entropy&cs=tinysrgb&fit=max&fm=jpg&ixid=M3w3NTg5MjV8MHwxfHJhbmRvbXx8fHx8fHx8fDE3NDg5Njc0MzZ8&ixlib=rb-4.1.0&q=80&w=1080', 'Photo by yang miao on Unsplash'),
(7, 7, 'https://images.unsplash.com/photo-1618972676849-feed401eacc5?crop=entropy&cs=tinysrgb&fit=max&fm=jpg&ixid=M3w3NTg5MjV8MHwxfHJhbmRvbXx8fHx8fHx8fDE3NDg5Njc0Mzl8&ixlib=rb-4.1.0&q=80&w=1080', 'Photo by Joshua Olsen on Unsplash'),
(8, 8, 'https://images.unsplash.com/photo-1530288782965-fbad40327074?crop=entropy&cs=tinysrgb&fit=max&fm=jpg&ixid=M3w3NTg5MjV8MHwxfHJhbmRvbXx8fHx8fHx8fDE3NDg5Njc0NDJ8&ixlib=rb-4.1.0&q=80&w=1080', 'This is an analogue photograph (35mm)'),
(10, 10, 'https://images.unsplash.com/photo-1519817006514-8b677cd06028?crop=entropy&cs=tinysrgb&fit=max&fm=jpg&ixid=M3w3NTg5MjV8MHwxfHJhbmRvbXx8fHx8fHx8fDE3NDg5Njc0NDd8&ixlib=rb-4.1.0&q=80&w=1080', 'Photo by Aleksandr Popov on Unsplash'),
(11, 11, 'https://images.unsplash.com/photo-1554995207-c18c203602cb?crop=entropy&cs=tinysrgb&fit=max&fm=jpg&ixid=M3w3NTg5MjV8MHwxfHJhbmRvbXx8fHx8fHx8fDE3NDg5Njc0NTB8&ixlib=rb-4.1.0&q=80&w=1080', 'Our living room has been the main area we have focuses our attention on making comfortable for us. My husband got me this couch for my birthday because I have been head over heels with it. (it is the Timber sofa from Article!)\n\n@Kara_M_Eads'),
(12, 12, 'https://images.unsplash.com/photo-1541850352971-8abae7c5bf22?crop=entropy&cs=tinysrgb&fit=max&fm=jpg&ixid=M3w3NTg5MjV8MHwxfHJhbmRvbXx8fHx8fHx8fDE3NDg5Njc0NTN8&ixlib=rb-4.1.0&q=80&w=1080', 'Windows and bricks, Kyiv, Ukraine'),
(13, 13, 'https://images.unsplash.com/photo-1618972677992-404d787eb61b?crop=entropy&cs=tinysrgb&fit=max&fm=jpg&ixid=M3w3NTg5MjV8MHwxfHJhbmRvbXx8fHx8fHx8fDE3NDg5Njc0NTZ8&ixlib=rb-4.1.0&q=80&w=1080', 'Photo by Joshua Olsen on Unsplash'),
(14, 14, 'https://images.unsplash.com/photo-1547156979-b57c6439f9d6?crop=entropy&cs=tinysrgb&fit=max&fm=jpg&ixid=M3w3NTg5MjV8MHwxfHJhbmRvbXx8fHx8fHx8fDE3NDg5Njc0NTh8&ixlib=rb-4.1.0&q=80&w=1080', 'Photo by Mick Haupt on Unsplash'),
(15, 15, 'https://images.unsplash.com/photo-1575475929146-b1fdf3e1ac1a?crop=entropy&cs=tinysrgb&fit=max&fm=jpg&ixid=M3w3NTg5MjV8MHwxfHJhbmRvbXx8fHx8fHx8fDE3NDg5Njc0NjF8&ixlib=rb-4.1.0&q=80&w=1080', 'Uncle Tony\'s Donut Shoppe is not a donut shop, but a record store selling unique and rare records mostly in the jazz and island traditions. A specialty store where the owner is a true connoisseur of excellent and well recorded music.'),
(16, 16, 'https://images.unsplash.com/photo-1598363943850-6fce27244c43?crop=entropy&cs=tinysrgb&fit=max&fm=jpg&ixid=M3w3NTg5MjV8MHwxfHJhbmRvbXx8fHx8fHx8fDE3NDg5Njc0NjR8&ixlib=rb-4.1.0&q=80&w=1080', 'Record stores, I love the feel, I love the smell, I love the mood. That\'s why I keep going to record stores.'),
(17, 17, 'https://images.unsplash.com/photo-1542728143-d9b537db6433?crop=entropy&cs=tinysrgb&fit=max&fm=jpg&ixid=M3w3NTg5MjV8MHwxfHJhbmRvbXx8fHx8fHx8fDE3NDg5Njc0NjZ8&ixlib=rb-4.1.0&q=80&w=1080', 'Photo by Oleg Ivanov on Unsplash'),
(18, 18, 'https://images.unsplash.com/photo-1469957761306-556935073eba?crop=entropy&cs=tinysrgb&fit=max&fm=jpg&ixid=M3w3NTg5MjV8MHwxfHJhbmRvbXx8fHx8fHx8fDE3NDg5Njc0Njl8&ixlib=rb-4.1.0&q=80&w=1080', 'Photo by Clem Onojeghuo on Unsplash'),
(19, 19, 'https://images.unsplash.com/photo-1531060504220-d30bebf3daaf?crop=entropy&cs=tinysrgb&fit=max&fm=jpg&ixid=M3w3NTg5MjV8MHwxfHJhbmRvbXx8fHx8fHx8fDE3NDg5Njc0NzJ8&ixlib=rb-4.1.0&q=80&w=1080', 'Photo by Ellicia on Unsplash'),
(20, 20, 'https://images.unsplash.com/photo-1580537659053-7d38f300118c?crop=entropy&cs=tinysrgb&fit=max&fm=jpg&ixid=M3w3NTg5MjV8MHwxfHJhbmRvbXx8fHx8fHx8fDE3NDg5Njc0NzV8&ixlib=rb-4.1.0&q=80&w=1080', 'Photo by Shunya Koide on Unsplash'),
(21, 21, 'https://images.unsplash.com/photo-1513506003901-1e6a229e2d15?crop=entropy&cs=tinysrgb&fit=max&fm=jpg&ixid=M3w3NTg5MjV8MHwxfHJhbmRvbXx8fHx8fHx8fDE3NDg5Njc0Nzh8&ixlib=rb-4.1.0&q=80&w=1080', 'Lamp'),
(22, 22, 'https://images.unsplash.com/photo-1533090161767-e6ffed986c88?crop=entropy&cs=tinysrgb&fit=max&fm=jpg&ixid=M3w3NTg5MjV8MHwxfHJhbmRvbXx8fHx8fHx8fDE3NDg5Njc0ODB8&ixlib=rb-4.1.0&q=80&w=1080', 'My Bedroom-Simplicity'),
(23, 23, 'https://images.unsplash.com/photo-1662037919894-2e78305484a8?crop=entropy&cs=tinysrgb&fit=max&fm=jpg&ixid=M3w3NTg5MjV8MHwxfHJhbmRvbXx8fHx8fHx8fDE3NDg5Njc0ODN8&ixlib=rb-4.1.0&q=80&w=1080', 'the continuing journey to go to every record store in America with an amazing one in Missoula, Montana.'),
(24, 24, 'https://images.unsplash.com/photo-1462392246754-28dfa2df8e6b?crop=entropy&cs=tinysrgb&fit=max&fm=jpg&ixid=M3w3NTg5MjV8MHwxfHJhbmRvbXx8fHx8fHx8fDE3NDg5Njc0ODV8&ixlib=rb-4.1.0&q=80&w=1080', 'Philadelphia retail space'),
(25, 25, 'https://images.unsplash.com/photo-1505476159322-eb48eb0a16b3?crop=entropy&cs=tinysrgb&fit=max&fm=jpg&ixid=M3w3NTg5MjV8MHwxfHJhbmRvbXx8fHx8fHx8fDE3NDg5Njc0ODh8&ixlib=rb-4.1.0&q=80&w=1080', 'Bike by Yellow Wall'),
(26, 26, 'https://images.unsplash.com/photo-1505476159322-eb48eb0a16b3?crop=entropy&cs=tinysrgb&fit=max&fm=jpg&ixid=M3w3NTg5MjV8MHwxfHJhbmRvbXx8fHx8fHx8fDE3NDg5Njc0OTF8&ixlib=rb-4.1.0&q=80&w=1080', 'Bike by Yellow Wall'),
(27, 27, 'https://images.unsplash.com/photo-1644552795664-1225befff5e2?crop=entropy&cs=tinysrgb&fit=max&fm=jpg&ixid=M3w3NTg5MjV8MHwxfHJhbmRvbXx8fHx8fHx8fDE3NDg5Njc0OTN8&ixlib=rb-4.1.0&q=80&w=1080', 'A periodic visit to one of my local record stores in Orlando.'),
(28, 28, 'https://images.unsplash.com/photo-1521566652839-697aa473761a?crop=entropy&cs=tinysrgb&fit=max&fm=jpg&ixid=M3w3NTg5MjV8MHwxfHJhbmRvbXx8fHx8fHx8fDE3NDg5Njc0OTZ8&ixlib=rb-4.1.0&q=80&w=1080', 'Picture taken for CouponSnake – https://couponsnake.com/'),
(29, 29, 'https://images.unsplash.com/photo-1477901492169-d59e6428fc90?crop=entropy&cs=tinysrgb&fit=max&fm=jpg&ixid=M3w3NTg5MjV8MHwxfHJhbmRvbXx8fHx8fHx8fDE3NDg5Njc0OTl8&ixlib=rb-4.1.0&q=80&w=1080', 'Towels and clothes on lines'),
(30, 30, 'https://images.unsplash.com/photo-1519677584237-752f8853252e?crop=entropy&cs=tinysrgb&fit=max&fm=jpg&ixid=M3w3NTg5MjV8MHwxfHJhbmRvbXx8fHx8fHx8fDE3NDg5Njc1MDF8&ixlib=rb-4.1.0&q=80&w=1080', 'Photo by Manuel Sardo on Unsplash'),
(31, 31, 'https://images.unsplash.com/photo-1461920607259-76ea048d89a2?crop=entropy&cs=tinysrgb&fit=max&fm=jpg&ixid=M3w3NTg5MjV8MHwxfHJhbmRvbXx8fHx8fHx8fDE3NDg5Njc1MDR8&ixlib=rb-4.1.0&q=80&w=1080', 'Photo by Christoph Peich on Unsplash'),
(32, 32, 'https://images.unsplash.com/photo-1524946828034-689bba16b33c?crop=entropy&cs=tinysrgb&fit=max&fm=jpg&ixid=M3w3NTg5MjV8MHwxfHJhbmRvbXx8fHx8fHx8fDE3NDg5Njc1MDd8&ixlib=rb-4.1.0&q=80&w=1080', 'In the comfort of one’s own home'),
(33, 33, 'https://images.unsplash.com/photo-1541964004267-562546128275?crop=entropy&cs=tinysrgb&fit=max&fm=jpg&ixid=M3w3NTg5MjV8MHwxfHJhbmRvbXx8fHx8fHx8fDE3NDg5Njc1MTB8&ixlib=rb-4.1.0&q=80&w=1080', 'straight lines'),
(34, 34, 'https://images.unsplash.com/photo-1455997299803-0c4649ca02fa?crop=entropy&cs=tinysrgb&fit=max&fm=jpg&ixid=M3w3NTg5MjV8MHwxfHJhbmRvbXx8fHx8fHx8fDE3NDg5Njc1MTJ8&ixlib=rb-4.1.0&q=80&w=1080', 'monochrome amp'),
(35, 35, 'https://images.unsplash.com/photo-1520699049698-acd2fccb8cc8?crop=entropy&cs=tinysrgb&fit=max&fm=jpg&ixid=M3w3NTg5MjV8MHwxfHJhbmRvbXx8fHx8fHx8fDE3NDg5Njc1MTV8&ixlib=rb-4.1.0&q=80&w=1080', 'Lobby'),
(36, 36, 'https://images.unsplash.com/photo-1482287068671-7fb7325e1a8d?crop=entropy&cs=tinysrgb&fit=max&fm=jpg&ixid=M3w3NTg5MjV8MHwxfHJhbmRvbXx8fHx8fHx8fDE3NDg5Njc1MTh8&ixlib=rb-4.1.0&q=80&w=1080', 'Taxi car in an urban area of Tsim Sha Tsui'),
(37, 37, 'https://images.unsplash.com/photo-1508161887025-ebd8f2813550?crop=entropy&cs=tinysrgb&fit=max&fm=jpg&ixid=M3w3NTg5MjV8MHwxfHJhbmRvbXx8fHx8fHx8fDE3NDg5Njc1MjF8&ixlib=rb-4.1.0&q=80&w=1080', 'Advntr'),
(38, 38, 'https://images.unsplash.com/photo-1575488005954-3a287695b242?crop=entropy&cs=tinysrgb&fit=max&fm=jpg&ixid=M3w3NTg5MjV8MHwxfHJhbmRvbXx8fHx8fHx8fDE3NDg5Njc1MjN8&ixlib=rb-4.1.0&q=80&w=1080', 'Uncle Tony\'s Donut Shoppe is not a donut shop, but a record store selling unique and rare records mostly in the jazz and island traditions. A specialty store where the owner is a true connoisseur of excellent and well recorded music.'),
(39, 39, 'https://images.unsplash.com/photo-1517525199627-749c3d2683d6?crop=entropy&cs=tinysrgb&fit=max&fm=jpg&ixid=M3w3NTg5MjV8MHwxfHJhbmRvbXx8fHx8fHx8fDE3NDg5Njc1MjZ8&ixlib=rb-4.1.0&q=80&w=1080', 'just my favourite shop in town'),
(40, 40, 'https://images.unsplash.com/photo-1605774337664-7a846e9cdf17?crop=entropy&cs=tinysrgb&fit=max&fm=jpg&ixid=M3w3NTg5MjV8MHwxfHJhbmRvbXx8fHx8fHx8fDE3NDg5Njc1Mjl8&ixlib=rb-4.1.0&q=80&w=1080', 'Nordic scandi home and living room'),
(41, 41, 'https://images.unsplash.com/photo-1554222725-5cd0bf9c6da9?crop=entropy&cs=tinysrgb&fit=max&fm=jpg&ixid=M3w3NTg5MjV8MHwxfHJhbmRvbXx8fHx8fHx8fDE3NDg5Njc1MzF8&ixlib=rb-4.1.0&q=80&w=1080', 'Photo by Mick Haupt on Unsplash'),
(42, 42, 'https://images.unsplash.com/photo-1598363943803-54a01af6fec1?crop=entropy&cs=tinysrgb&fit=max&fm=jpg&ixid=M3w3NTg5MjV8MHwxfHJhbmRvbXx8fHx8fHx8fDE3NDg5Njc1MzR8&ixlib=rb-4.1.0&q=80&w=1080', 'Record stores, I love the feel, I love the smell, I love the mood. That\'s why I keep going to record stores.'),
(43, 43, 'https://images.unsplash.com/flagged/photo-1558706379-e9698f05d675?crop=entropy&cs=tinysrgb&fit=max&fm=jpg&ixid=M3w3NTg5MjV8MHwxfHJhbmRvbXx8fHx8fHx8fDE3NDg5Njc1MzZ8&ixlib=rb-4.1.0&q=80&w=1080', 'Custom build with 100% unmodified Lego elements'),
(44, 44, 'https://images.unsplash.com/photo-1737638517473-0ddea9d85c98?crop=entropy&cs=tinysrgb&fit=max&fm=jpg&ixid=M3w3NTg5MjV8MHwxfHJhbmRvbXx8fHx8fHx8fDE3NDg5Njc1Mzl8&ixlib=rb-4.1.0&q=80&w=1080', 'Photo by Dominic Kurniawan Suryaputra on Unsplash'),
(45, 45, 'https://images.unsplash.com/photo-1558125986-abf7f3428420?crop=entropy&cs=tinysrgb&fit=max&fm=jpg&ixid=M3w3NTg5MjV8MHwxfHJhbmRvbXx8fHx8fHx8fDE3NDg5Njc1NDJ8&ixlib=rb-4.1.0&q=80&w=1080', 'Photo by Chloe Evans on Unsplash'),
(46, 46, 'https://images.unsplash.com/photo-1594991523303-a54f2722dc3c?crop=entropy&cs=tinysrgb&fit=max&fm=jpg&ixid=M3w3NTg5MjV8MHwxfHJhbmRvbXx8fHx8fHx8fDE3NDg5Njc1NDR8&ixlib=rb-4.1.0&q=80&w=1080', 'Photo by Tim Foster on Unsplash'),
(55, 3, 'https://images.unsplash.com/photo-1497366216548-37526070297c?crop=entropy&cs=tinysrgb&fit=max&fm=jpg&ixid=M3w3NTg5MjV8MHwxfHJhbmRvbXx8fHx8fHx8fDE3NDg5Njc0Mjd8&ixlib=rb-4.1.0&q=80&w=1080', 'Photo by Nastuh Abootalebi on Unsplash'),
(56, 4, 'https://images.unsplash.com/photo-1502773860571-211a597d6e4b?crop=entropy&cs=tinysrgb&fit=max&fm=jpg&ixid=M3w3NTg5MjV8MHwxfHJhbmRvbXx8fHx8fHx8fDE3NDg5Njc0MzB8&ixlib=rb-4.1.0&q=80&w=1080', 'Elvis in a record store'),
(68, 1, '/vinyl_shop/img/684a9851d8c28.jpg', 'photo of shop'),
(69, 1, '/vinyl_shop/img/684a985654a8a.jpg', 'photo of shop'),
(70, 1, '/vinyl_shop/img/684a985b16a1f.jpg', 'photo of shop');

-- --------------------------------------------------------

--
-- 資料表結構 `categories`
--

CREATE TABLE `categories` (
  `id` int(11) NOT NULL,
  `name` varchar(100) DEFAULT NULL,
  `description` text DEFAULT NULL,
  `parent_id` int(11) DEFAULT NULL
) ENGINE=InnoDB DEFAULT CHARSET=utf8mb4 COLLATE=utf8mb4_general_ci;

--
-- 傾印資料表的資料 `categories`
--

INSERT INTO `categories` (`id`, `name`, `description`, `parent_id`) VALUES
(1, '黑膠專輯資訊', '提供最新黑膠專輯發行資訊和詳細介紹', NULL),
(2, '黑膠市集活動', '黑膠唱片市集和相關活動資訊', NULL),
(3, '店舖優惠', '店內最新優惠活動和特價商品', NULL),
(4, '黑膠唱片評論', '專業黑膠唱片評測和評論', NULL),
(5, '黑膠唱片保養', '黑膠唱片保養和維護指南', NULL),
(6, '黑膠唱片市場', '黑膠唱片市場趨勢分析', NULL);

-- --------------------------------------------------------

--
-- 資料表結構 `cities`
--

CREATE TABLE `cities` (
  `id` int(11) NOT NULL COMMENT '縣市ID',
  `name` varchar(20) NOT NULL COMMENT '縣市名稱',
  `created_at` datetime DEFAULT current_timestamp() COMMENT '建立日期',
  `updated_at` datetime DEFAULT current_timestamp() ON UPDATE current_timestamp() COMMENT '更新日期'
) ENGINE=InnoDB DEFAULT CHARSET=utf8mb4 COLLATE=utf8mb4_unicode_ci;

--
-- 傾印資料表的資料 `cities`
--

INSERT INTO `cities` (`id`, `name`, `created_at`, `updated_at`) VALUES
(1, '台北市', '2025-06-12 22:56:59', '2025-06-12 22:56:59'),
(2, '新北市', '2025-06-12 22:56:59', '2025-06-12 22:56:59'),
(3, '桃園市', '2025-06-12 22:56:59', '2025-06-12 22:56:59'),
(4, '台中市', '2025-06-12 22:56:59', '2025-06-12 22:56:59'),
(5, '台南市', '2025-06-12 22:56:59', '2025-06-12 22:56:59'),
(6, '高雄市', '2025-06-12 22:56:59', '2025-06-12 22:56:59'),
(7, '基隆市', '2025-06-12 22:56:59', '2025-06-12 22:56:59'),
(8, '新竹市', '2025-06-12 22:56:59', '2025-06-12 22:56:59'),
(9, '嘉義市', '2025-06-12 22:56:59', '2025-06-12 22:56:59'),
(10, '新竹縣', '2025-06-12 22:56:59', '2025-06-12 22:56:59'),
(11, '苗栗縣', '2025-06-12 22:56:59', '2025-06-12 22:56:59'),
(12, '彰化縣', '2025-06-12 22:56:59', '2025-06-12 22:56:59'),
(13, '南投縣', '2025-06-12 22:56:59', '2025-06-12 22:56:59'),
(14, '雲林縣', '2025-06-12 22:56:59', '2025-06-12 22:56:59'),
(15, '嘉義縣', '2025-06-12 22:56:59', '2025-06-12 22:56:59'),
(16, '屏東縣', '2025-06-12 22:56:59', '2025-06-12 22:56:59'),
(17, '宜蘭縣', '2025-06-12 22:56:59', '2025-06-12 22:56:59'),
(18, '花蓮縣', '2025-06-12 22:56:59', '2025-06-12 22:56:59'),
(19, '台東縣', '2025-06-12 22:56:59', '2025-06-12 22:56:59'),
(20, '澎湖縣', '2025-06-12 22:56:59', '2025-06-12 22:56:59'),
(21, '金門縣', '2025-06-12 22:56:59', '2025-06-12 22:56:59'),
(22, '連江縣', '2025-06-12 22:56:59', '2025-06-12 22:56:59');

-- --------------------------------------------------------

--
-- 資料表結構 `company`
--

CREATE TABLE `company` (
  `id` int(11) NOT NULL,
  `name` varchar(50) DEFAULT NULL
) ENGINE=InnoDB DEFAULT CHARSET=utf8mb4 COLLATE=utf8mb4_general_ci;

--
-- 傾印資料表的資料 `company`
--

INSERT INTO `company` (`id`, `name`) VALUES
(1, '未知'),
(2, 'Sony Music'),
(3, 'Universal Music'),
(4, 'Warner Music'),
(5, '滾石唱片'),
(6, '相信音樂'),
(7, '環球 UNI'),
(8, 'Steeplechase'),
(9, 'Concord Records'),
(10, '測試'),
(11, '測試'),
(12, '測試'),
(13, '144'),
(14, '144'),
(15, '145'),
(16, '145'),
(17, '145'),
(18, '145'),
(19, '145'),
(20, '145'),
(21, '145'),
(22, '145'),
(23, 'Sony Music JP'),
(24, 'YHM Indie'),
(25, '音橋 ENRICH'),
(26, 'Analogue Productions'),
(27, 'Music On Vinyl'),
(28, 'Hydeout Productions'),
(29, 'UNI JP'),
(30, 'DECCA'),
(31, 'JYP Entertainment'),
(32, 'JYP Entertainment'),
(33, 'Universal'),
(34, 'IMPEX'),
(35, 'Warner Classics'),
(36, 'Deutsche Grammophon'),
(37, 'Original Jazz Classics'),
(38, 'MPS'),
(39, 'VERVE'),
(40, 'KKV'),
(41, '環球 UNI'),
(42, '環球 UNI'),
(43, '145'),
(44, '144'),
(45, '144'),
(46, '滾石 ROCK'),
(47, 'The Lost Recordings'),
(48, 'Diggers Factory'),
(49, 'Blue Note'),
(50, 'Mondo'),
(51, 'Milan Records'),
(52, 'Stereo Sound'),
(53, '華納 WAR'),
(54, 'Blix Street Records'),
(55, 'Commmons'),
(56, 'Studio Ghibli Records'),
(57, 'Mack Avenue'),
(58, '禾廣娛樂'),
(59, 'Pure Pleasure Records'),
(60, 'Rhino'),
(61, 'Ozella Music'),
(62, 'Speakers Corner Records'),
(63, 'ECM'),
(64, 'Sony Music'),
(65, 'Steeplechase'),
(66, 'JYP Entertainment');

-- --------------------------------------------------------

--
-- 資料表結構 `condition`
--

CREATE TABLE `condition` (
  `id` int(11) NOT NULL,
  `name` varchar(20) NOT NULL
) ENGINE=InnoDB DEFAULT CHARSET=utf8mb4 COLLATE=utf8mb4_general_ci;

--
-- 傾印資料表的資料 `condition`
--

INSERT INTO `condition` (`id`, `name`) VALUES
(1, 'Mint'),
(2, 'Near Mint'),
(3, 'Excellent'),
(4, 'Very Good'),
(5, 'Good');

-- --------------------------------------------------------

--
-- 資料表結構 `coupons`
--

CREATE TABLE `coupons` (
  `id` int(11) NOT NULL COMMENT '優惠券ID',
  `name` varchar(255) NOT NULL COMMENT '優惠券名稱',
  `code` varchar(50) DEFAULT NULL COMMENT '使用者輸入的優惠碼，可選',
  `content` text DEFAULT NULL COMMENT '優惠券說明',
  `start_at` timestamp NULL DEFAULT NULL COMMENT '開始時間',
  `end_at` timestamp NULL DEFAULT NULL COMMENT '結束時間',
  `status` varchar(20) NOT NULL DEFAULT 'pending' COMMENT '狀態：active(生效中) | inactive(已停用) | pending(待上架)',
  `total_quantity` int(11) NOT NULL DEFAULT 1 COMMENT '此種優惠券的總發放「張數」',
  `per_user_limit` int(11) NOT NULL DEFAULT 1 COMMENT '每位用戶可領取此種券的「張數」上限',
  `uses_per_instance` int(11) NOT NULL DEFAULT 1 COMMENT '【核心】每張領取的券(實例)可使用的總次數',
  `is_valid` tinyint(1) NOT NULL DEFAULT 1 COMMENT '軟刪除標記 (1:有效, 0:已刪除)',
  `created_at` timestamp NOT NULL DEFAULT current_timestamp() COMMENT '建立時間',
  `updated_at` timestamp NOT NULL DEFAULT current_timestamp() ON UPDATE current_timestamp() COMMENT '更新時間'
) ENGINE=InnoDB DEFAULT CHARSET=utf8mb4 COLLATE=utf8mb4_unicode_ci COMMENT='優惠券的核心定義，一張券可被使用多次，其規則定義在 coupon_rules';

--
-- 傾印資料表的資料 `coupons`
--

INSERT INTO `coupons` (`id`, `name`, `code`, `content`, `start_at`, `end_at`, `status`, `total_quantity`, `per_user_limit`, `uses_per_instance`, `is_valid`, `created_at`, `updated_at`) VALUES
(1, '夏季全館不限金額折 50 元', 'SUMMER50', '炎炎夏日，全館消費立即折抵 50 元！', '2025-05-31 08:00:00', '2025-08-31 07:59:59', 'active', 1000, 1, 1, 1, '2025-06-12 16:53:36', '2025-06-12 16:53:36'),
(2, '新會員迎新禮 - 首次購物 85 折', 'WELCOME15', '感謝您的加入！首次購物享 85 折優惠，最高折抵 200 元。', '2024-12-31 08:00:00', NULL, 'active', 9999, 1, 1, 1, '2025-06-12 16:53:36', '2025-06-12 16:53:36'),
(3, 'VIP 客戶專屬 - 生日禮金 200 元', NULL, '親愛的 VIP，祝您生日快樂！這是我們為您準備的生日禮金。', '2024-12-31 08:00:00', '2025-12-31 07:59:59', 'active', 500, 1, 1, 1, '2025-06-12 16:53:36', '2025-06-12 16:53:36'),
(4, '古典樂迷專享 - 滿千折百', 'CLASSIC100', '購買古典音樂分類商品，單筆消費滿 1000 元即可折抵 100 元。', '2025-07-14 08:00:00', '2025-09-15 07:59:59', 'pending', 300, 1, 1, 1, '2025-06-12 16:53:36', '2025-06-12 16:53:36'),
(5, '週末快閃 - 全館免運費', 'FREEWKND', '本週末限定！全館不限金額通通免運費。', '2025-06-13 08:00:00', '2025-06-15 07:59:59', 'active', 2000, 1, 2, 1, '2025-06-12 16:53:36', '2025-06-12 16:53:36'),
(6, '爵士黑膠唱片 9 折優惠', 'JAZZVINYL', '精選爵士黑膠唱片，享受 9 折優惠。', '2025-05-19 08:00:00', '2025-07-20 07:59:59', 'active', 500, 1, 1, 1, '2025-06-12 16:53:36', '2025-06-12 16:53:36'),
(7, '【已停用】春季回饋活動', 'SPRINGBACK', '春季限定的回饋活動，感謝您的支持。', '2024-02-29 08:00:00', '2024-04-30 07:59:59', 'inactive', 1000, 1, 1, 1, '2025-06-12 16:53:36', '2025-06-12 16:53:36'),
(8, '周年慶回饋金 300 元', NULL, '感謝您一直以來的支持，這是我們為您準備的周年慶回饋金。', '2025-09-30 08:00:00', '2025-10-31 07:59:59', 'pending', 100, 1, 1, 1, '2025-06-12 16:53:36', '2025-06-12 16:53:36'),
(9, '華語流行音樂 - 滿 500 折 50', 'MANDOPOP50', '購買華語流行分類商品，消費滿 500 元折 50 元。', '2025-06-09 08:00:00', '2025-08-10 07:59:59', 'active', 800, 1, 1, 1, '2025-06-12 16:53:36', '2025-06-12 16:53:36'),
(10, 'VIP 專屬 - 全館 95 折', 'VIPONLY5', 'VIP 會員獨享，全館商品結帳再 95 折！', '2024-12-31 08:00:00', NULL, 'active', 999, 1, 99, 1, '2025-06-12 16:53:36', '2025-06-12 16:53:36'),
(11, '年中慶 - 影音原聲帶 88 折', 'OST12OFF', '慶祝年中，電影與遊戲原聲帶分類商品，全面 88 折。', '2025-06-11 08:00:00', '2025-07-12 07:59:59', 'active', 888, 1, 1, 1, '2025-06-12 16:53:36', '2025-06-12 16:53:36'),
(12, '會員回饋金 - 不限分類折 88 元', NULL, '感謝會員支持，特別贈送 88 元回饋金，消費滿 800 元即可使用。', '2025-05-31 08:00:00', '2025-06-30 07:59:59', 'active', 1000, 1, 1, 1, '2025-06-12 16:53:36', '2025-06-12 16:53:36'),
(13, '【即將推出】父親節特惠', 'PAPA88', '慶祝父親節，全館商品 88 折，提前預告！', '2025-07-31 08:00:00', '2025-08-08 07:59:59', 'pending', 2000, 1, 1, 1, '2025-06-12 16:53:36', '2025-06-12 16:53:36'),
(14, '發燒天碟 - 指定商品折 188 元', 'HIFI188', '購買發燒天碟分類商品，享現金折抵 188 元。', '2025-06-14 08:00:00', '2025-08-15 07:59:59', 'active', 300, 1, 1, 1, '2025-06-12 16:53:36', '2025-06-12 16:53:36'),
(15, '深夜食堂 - 夜貓專屬 200 元折價券', 'MIDNIGHT', '每日 22:00 至 02:00 消費，滿 1500 元即可使用。', '2025-06-30 08:00:00', '2025-09-30 07:59:59', 'pending', 500, 5, 1, 1, '2025-06-12 16:53:36', '2025-06-12 16:53:36'),
(16, '【已失效】2024 跨年狂歡慶', 'BYE2024', '感謝過去一年的支持，此為歷史活動券。', '2024-12-24 08:00:00', '2025-01-01 07:59:59', 'inactive', 3000, 1, 1, 1, '2025-06-12 16:53:36', '2025-06-12 16:53:36'),
(17, '日韓流 - 精選專輯 9 折', 'KPOP10', '日韓流行分類商品，享 9 折優惠，最高折抵 150 元。', '2025-05-31 08:00:00', '2025-07-31 07:59:59', 'active', 600, 1, 1, 1, '2025-06-12 16:53:36', '2025-06-12 16:53:36'),
(18, 'VIP 加碼贈 - 生日當月免運券', NULL, 'VIP 會員生日當月，贈送一次不限金額免運機會。', '2024-12-31 08:00:00', NULL, 'active', 999, 1, 1, 1, '2025-06-12 16:53:36', '2025-06-12 16:53:36'),
(19, '西洋流行 - 滿 1200 折 120', 'WP120', '購買西洋流行分類商品，消費滿 1200 元折 120 元。', '2025-06-19 08:00:00', '2025-08-20 07:59:59', 'active', 750, 1, 1, 1, '2025-06-12 16:53:36', '2025-06-12 16:53:36'),
(20, '全品項適用 - 超級回饋券折 388', 'SUPER388', '全館商品適用，消費滿 3000 元，現折 388 元，並享免運！', '2025-08-31 08:00:00', '2025-09-30 07:59:59', 'pending', 100, 1, 1, 1, '2025-06-12 16:53:36', '2025-06-12 16:53:36'),
(21, '古典樂迷回饋 - 滿 600 折 60', 'CLASSIC60', '專為古典樂迷設計，購買古典分類商品滿 600 元，現折 60 元。', '2025-06-12 08:00:00', '2025-07-31 07:59:59', 'active', 500, 2, 1, 1, '2025-06-12 16:53:36', '2025-06-12 16:53:36'),
(22, '爵士之夜 - 全分類 92 折', 'JAZZNIGHT8', '無論黑膠或 CD，爵士分類商品全面 92 折。', '2025-06-14 08:00:00', '2025-07-15 07:59:59', 'active', 400, 1, 1, 1, '2025-06-12 16:53:36', '2025-06-12 16:53:36'),
(23, '【已失效】母親節感謝祭', 'MOM2025', '感謝全天下的媽媽，母親節特別活動。', '2025-04-30 08:00:00', '2025-05-12 07:59:59', 'inactive', 1500, 1, 1, 1, '2025-06-12 16:53:36', '2025-06-12 16:53:36'),
(24, 'VIP 專屬 - 每月小禮金 50 元', NULL, 'VIP 會員每月可領取 50 元購物金，無消費門檻。', '2024-12-31 08:00:00', NULL, 'active', 9999, 1, 1, 1, '2025-06-12 16:53:36', '2025-06-12 16:53:36'),
(25, '中秋月圓禮券 - 滿 1500 折 150', 'MOON150', '慶中秋，全館消費滿額享優惠。', '2025-08-31 08:00:00', '2025-09-17 07:59:59', 'pending', 1000, 1, 1, 1, '2025-06-12 16:53:36', '2025-06-12 16:53:36'),
(26, '開學季 - 文學原聲帶 85 折', 'BACKTOSCHOOL', '購買原聲帶分類，為您的閱讀時光配樂。', '2025-08-19 08:00:00', '2025-09-20 07:59:59', 'pending', 800, 1, 1, 1, '2025-06-12 16:53:36', '2025-06-12 16:53:36'),
(27, '華語金曲回顧 - 滿 888 折 88', 'MPOP88', '重溫經典，華語分類商品滿額折。', '2025-06-30 08:00:00', '2025-08-31 07:59:59', 'active', 600, 1, 1, 1, '2025-06-12 16:53:36', '2025-06-12 16:53:36'),
(28, '高消費顧客回饋 - 滿 5000 折 500', 'BIGSPENDER', '單筆消費滿 5000 元，直接折抵 500 元。', '2025-05-31 08:00:00', '2025-12-31 07:59:59', 'active', 200, 5, 1, 1, '2025-06-12 16:53:36', '2025-06-12 16:53:36'),
(29, '【已停用】系統測試券請勿使用', 'TEST000', '此為系統開發測試用券，已停用。', '2023-12-31 08:00:00', '2024-01-02 07:59:59', 'inactive', 10, 1, 1, 1, '2025-06-12 16:53:36', '2025-06-12 16:53:36'),
(30, '會員周年禮 - 全館 9 折券', NULL, '感謝您加入滿周年！贈送您一張 9 折優惠券，最高可折 300 元。', '2024-12-31 08:00:00', NULL, 'active', 5000, 1, 1, 1, '2025-06-12 16:53:36', '2025-06-12 16:53:36'),
(31, '西洋排行榜金曲 - 2件 88 折', 'WPCHART12', '購買西洋流行分類商品，任選兩件享 88 折。', '2025-06-09 08:00:00', '2025-07-10 07:59:59', 'active', 1000, 1, 1, 1, '2025-06-12 16:53:36', '2025-06-12 16:53:36'),
(32, '發燒天碟收藏家 - 免運費優惠', 'HIFIFREE', '專為發燒天碟收藏家準備，購買此分類商品即享免運。', '2025-06-30 08:00:00', '2025-09-30 07:59:59', 'pending', 300, 3, 1, 1, '2025-06-12 16:53:36', '2025-06-12 16:53:36'),
(33, '日韓偶像祭 - 滿 999 折 100', 'JKIDOL100', '日韓偶像周邊及專輯，滿額折價。', '2025-07-14 08:00:00', '2025-08-15 07:59:59', 'pending', 800, 1, 1, 1, '2025-06-12 16:53:36', '2025-06-12 16:53:36'),
(34, '新會員限定 - 首次購物免運', 'NEWFREE', '新註冊會員，首次下單不限金額免運費。', '2024-12-31 08:00:00', NULL, 'active', 9999, 1, 1, 1, '2025-06-12 16:53:36', '2025-06-12 16:53:36'),
(35, '雙 11 狂歡節 - 全館 20% OFF', 'SALE1111', '年度最大檔，全館商品直接 8 折！', '2025-11-09 08:00:00', '2025-11-12 07:59:59', 'pending', 5000, 1, 1, 1, '2025-06-12 16:53:36', '2025-06-12 16:53:36'),
(36, '聖誕禮物卡 - 儲值金 100 元', 'XMAS100', '聖誕快樂！贈送您 100 元購物金。', '2025-11-30 08:00:00', '2025-12-25 07:59:59', 'pending', 2000, 1, 1, 1, '2025-06-12 16:53:36', '2025-06-12 16:53:36'),
(37, '【已失效】情人節特別獻禮', 'LOVE2025', '情人節活動已圓滿結束。', '2025-02-09 08:00:00', '2025-02-15 07:59:59', 'inactive', 1000, 1, 1, 1, '2025-06-12 16:53:36', '2025-06-12 16:53:36'),
(38, '清倉特賣 - 指定商品 5 折起', 'CLEARANCE50', '精選商品出清，售完為止。', '2025-06-19 08:00:00', '2025-07-20 07:59:59', 'active', 300, 1, 1, 1, '2025-06-12 16:53:36', '2025-06-12 16:53:36'),
(39, '雨天聽音樂 - 不限額 95 折', 'RAINYDAY5', '雨天限定，在家享受音樂最對味，全館 95 折。', '2025-06-12 08:00:00', '2025-08-31 07:59:59', 'active', 1000, 1, 5, 1, '2025-06-12 16:53:36', '2025-06-12 16:53:36'),
(40, '會員生日禮 - 當月壽星 8 折券', NULL, '生日快樂！壽星獨享，全館商品 8 折，上限 500 元。', '2024-12-31 08:00:00', NULL, 'active', 8000, 1, 1, 1, '2025-06-12 16:53:36', '2025-06-12 16:53:36'),
(41, '古典樂入門推薦 - 折 30 元', 'CLASSICNEW', '購買古典樂入門推薦清單商品，立即折抵 30 元。', '2025-06-12 08:00:00', '2025-12-31 07:59:59', 'active', 1000, 1, 1, 1, '2025-06-12 16:53:36', '2025-06-12 16:53:36'),
(42, '爵士樂團購 - 滿 3000 折 450', 'JAZZGROUP', '團購爵士音樂，滿 3000 元，享 85 折優惠(折 450)。', '2025-06-12 08:00:00', '2025-09-30 07:59:59', 'active', 100, 1, 1, 1, '2025-06-12 16:53:36', '2025-06-12 16:53:36'),
(43, '電影原聲帶特展 - 第 2 件半價', 'OST50OFF', '電影原聲帶特展，任選兩件，第二件半價(等同 75 折)。', '2025-07-31 08:00:00', '2025-08-31 07:59:59', 'pending', 500, 1, 1, 1, '2025-06-12 16:53:36', '2025-06-12 16:53:36'),
(44, 'VIP 續會禮 - 200 元感謝金', NULL, '感謝您續會 VIP！這是我們準備的 200 元感謝金。', '2024-12-31 08:00:00', NULL, 'active', 1000, 1, 1, 1, '2025-06-12 16:53:36', '2025-06-12 16:53:36'),
(45, '夏季畢業季 - 全館滿千免運', 'GRADFREE', '祝福所有畢業生！全館消費滿千，即享免運。', '2025-06-12 08:00:00', '2025-07-31 07:59:59', 'active', 1500, 1, 1, 1, '2025-06-12 16:53:36', '2025-06-12 16:53:36'),
(46, '【已停用】端午節活動券', 'DRAGONBOAT', '端午節活動已結束。', '2025-05-24 08:00:00', '2025-06-05 07:59:59', 'inactive', 800, 1, 1, 1, '2025-06-12 16:53:36', '2025-06-12 16:53:36'),
(47, '補班日不憂鬱 - 小額折價 20 元', 'WORK20', '補班日為您打氣！不限金額折 20 元。', '2025-06-19 08:00:00', '2025-06-20 07:59:59', 'pending', 2000, 1, 1, 1, '2025-06-12 16:53:36', '2025-06-12 16:53:36'),
(48, '黑膠唱片日 - 精選黑膠 88 折', 'VINYLDAY', '慶祝黑膠唱片日，精選品項 88 折優惠。', '2025-10-09 08:00:00', '2025-10-12 07:59:59', 'pending', 400, 1, 1, 1, '2025-06-12 16:53:36', '2025-06-12 16:53:36'),
(49, '平台周年慶 - 全站免運費', 'ANNIVFREE', '慶祝平台周年，全站不限金額、不限品項，通通免運費！', '2025-09-30 08:00:00', '2025-10-07 07:59:59', 'pending', 10000, 1, 3, 1, '2025-06-12 16:53:36', '2025-06-12 16:53:36'),
(50, '問卷填寫感謝禮 - 30元購物金', NULL, '感謝您填寫問卷，贈送您 30 元購物金作為獎勵。', '2025-06-12 08:00:00', '2025-08-31 07:59:59', 'active', 500, 1, 1, 1, '2025-06-12 16:53:36', '2025-06-12 16:53:36');

-- --------------------------------------------------------

--
-- 資料表結構 `coupon_rules`
--

CREATE TABLE `coupon_rules` (
  `id` int(11) NOT NULL,
  `coupon_id` int(11) NOT NULL COMMENT '關聯優惠券',
  `min_spend` int(11) DEFAULT NULL COMMENT '最低消費門檻 (分 / 或整數的元)',
  `discount_type` varchar(20) DEFAULT NULL COMMENT 'fixed(固定金額) | percent(百分比)',
  `discount_value` int(11) DEFAULT NULL COMMENT '折扣金額(元/分)或百分比(例:90代表9折)',
  `max_discount_amount` int(11) DEFAULT NULL COMMENT '百分比折扣的最高折抵金額上限 (分 / 或整數的元)',
  `free_shipping` tinyint(1) DEFAULT 0 COMMENT '是否免運費',
  `is_valid` tinyint(1) NOT NULL DEFAULT 1 COMMENT '軟刪除標記 (1:有效, 0:已刪除)'
) ENGINE=InnoDB DEFAULT CHARSET=utf8mb4 COLLATE=utf8mb4_unicode_ci COMMENT='定義優惠券如何折扣，一張券可有多重規則 (例如 折扣+免運)';

--
-- 傾印資料表的資料 `coupon_rules`
--

INSERT INTO `coupon_rules` (`id`, `coupon_id`, `min_spend`, `discount_type`, `discount_value`, `max_discount_amount`, `free_shipping`, `is_valid`) VALUES
(1, 1, NULL, 'fixed', 50, NULL, 0, 1),
(2, 2, NULL, 'percent', 15, 200, 0, 1),
(3, 3, 1000, 'fixed', 200, NULL, 0, 1),
(4, 4, 1000, 'fixed', 100, NULL, 0, 1),
(5, 5, NULL, 'fixed', 100, NULL, 1, 1),
(6, 6, NULL, 'percent', 10, NULL, 0, 1),
(7, 7, 500, 'fixed', 50, NULL, 0, 1),
(8, 8, 1500, 'fixed', 300, NULL, 1, 1),
(9, 9, 500, 'fixed', 50, NULL, 0, 1),
(10, 10, NULL, 'percent', 5, 300, 1, 1),
(11, 11, NULL, 'percent', 12, NULL, 0, 1),
(12, 12, 800, 'fixed', 88, NULL, 0, 1),
(13, 13, NULL, 'percent', 12, 500, 0, 1),
(14, 14, NULL, 'fixed', 188, NULL, 0, 1),
(15, 15, 1500, 'fixed', 200, NULL, 0, 1),
(16, 16, 1000, 'fixed', 100, NULL, 0, 1),
(17, 17, NULL, 'percent', 10, 150, 0, 1),
(18, 18, NULL, 'fixed', 1, NULL, 1, 1),
(19, 19, 1200, 'fixed', 120, NULL, 0, 1),
(20, 20, 3000, 'fixed', 388, NULL, 1, 1),
(21, 21, 600, 'fixed', 60, NULL, 0, 1),
(22, 22, NULL, 'percent', 8, NULL, 0, 1),
(23, 23, 1200, 'fixed', 120, NULL, 1, 1),
(24, 24, NULL, 'fixed', 50, NULL, 0, 1),
(25, 25, 1500, 'fixed', 150, NULL, 0, 1),
(26, 26, NULL, 'percent', 15, 200, 0, 1),
(27, 27, 888, 'fixed', 88, NULL, 0, 1),
(28, 28, 5000, 'fixed', 500, NULL, 1, 1),
(29, 29, NULL, 'fixed', 1, NULL, 0, 1),
(30, 30, NULL, 'percent', 10, 300, 0, 1),
(31, 31, NULL, 'percent', 12, NULL, 0, 1),
(32, 32, 500, 'fixed', 1, NULL, 1, 1),
(33, 33, 999, 'fixed', 100, NULL, 0, 1),
(34, 34, NULL, 'fixed', 1, NULL, 1, 1),
(35, 35, NULL, 'percent', 20, 1000, 0, 1),
(36, 36, 500, 'fixed', 100, NULL, 0, 1),
(37, 37, 2000, 'fixed', 214, NULL, 0, 1),
(38, 38, NULL, 'percent', 50, NULL, 0, 1),
(39, 39, NULL, 'percent', 5, 100, 0, 1),
(40, 40, NULL, 'percent', 20, 500, 1, 1),
(41, 41, NULL, 'fixed', 30, NULL, 0, 1),
(42, 42, 3000, 'fixed', 450, NULL, 0, 1),
(43, 43, NULL, 'percent', 25, NULL, 0, 1),
(44, 44, 1000, 'fixed', 200, NULL, 1, 1),
(45, 45, 1000, 'fixed', 1, NULL, 1, 1),
(46, 46, 800, 'fixed', 50, NULL, 0, 1),
(47, 47, NULL, 'fixed', 20, NULL, 0, 1),
(48, 48, NULL, 'percent', 12, NULL, 0, 1),
(49, 49, NULL, 'fixed', 1, NULL, 1, 1),
(50, 50, 300, 'fixed', 30, NULL, 0, 1);

-- --------------------------------------------------------

--
-- 資料表結構 `coupon_sends`
--

CREATE TABLE `coupon_sends` (
  `id` int(11) NOT NULL COMMENT '發放給用戶的券的「實例ID」',
  `coupon_id` int(11) NOT NULL COMMENT '關聯的優惠券種類',
  `user_id` int(11) NOT NULL COMMENT '接收者用戶 ID',
  `send_at` timestamp NOT NULL DEFAULT current_timestamp() COMMENT '發送時間',
  `send_method` varchar(50) NOT NULL COMMENT '發送方式：manual | user_enter | auto',
  `status` varchar(20) NOT NULL DEFAULT 'available' COMMENT '實例狀態: available(尚有可用次數), fully_used(已用完所有次數), expired(已過期)',
  `is_valid` tinyint(1) NOT NULL DEFAULT 1 COMMENT '軟刪除標記 (1:有效, 0:已刪除)'
) ENGINE=InnoDB DEFAULT CHARSET=utf8mb4 COLLATE=utf8mb4_unicode_ci COMMENT='用戶領取的「券的實例」';

-- --------------------------------------------------------

--
-- 資料表結構 `coupon_targets`
--

CREATE TABLE `coupon_targets` (
  `id` int(11) NOT NULL,
  `coupon_id` int(11) NOT NULL COMMENT '關聯優惠券',
  `target_type` varchar(50) NOT NULL COMMENT '限制類型：會員等級(member_level) | 產品(product) | 類別(category)',
  `target_value` varchar(255) NOT NULL COMMENT '具體值',
  `is_valid` tinyint(1) NOT NULL DEFAULT 1 COMMENT '軟刪除標記 (1:有效, 0:已刪除)'
) ENGINE=InnoDB DEFAULT CHARSET=utf8mb4 COLLATE=utf8mb4_unicode_ci COMMENT='限制優惠券可用於特定商品、分類或會員';

--
-- 傾印資料表的資料 `coupon_targets`
--

INSERT INTO `coupon_targets` (`id`, `coupon_id`, `target_type`, `target_value`, `is_valid`) VALUES
(1, 1, 'product', '99', 1),
(2, 2, 'member', 'm2', 1),
(3, 3, 'member', 'm0', 1),
(4, 4, 'product', '1', 1),
(5, 5, 'product', '99', 1),
(6, 6, 'product', '3', 1),
(7, 7, 'product', '99', 1),
(8, 8, 'member', 'm1', 1),
(9, 9, 'product', '5', 1),
(10, 10, 'member', 'm3', 1),
(11, 11, 'product', '7', 1),
(12, 12, 'member', 'm2', 1),
(13, 13, 'product', '99', 1),
(14, 14, 'product', '2', 1),
(15, 15, 'product', '99', 1),
(16, 16, 'product', '99', 1),
(17, 17, 'product', '6', 1),
(18, 18, 'member', 'm0', 1),
(19, 19, 'product', '4', 1),
(20, 20, 'product', '99', 1),
(21, 21, 'product', '1', 1),
(22, 22, 'product', '3', 1),
(23, 23, 'product', '99', 1),
(24, 24, 'member', 'm3', 1),
(25, 25, 'product', '99', 1),
(26, 26, 'product', '7', 1),
(27, 27, 'product', '5', 1),
(28, 28, 'product', '99', 1),
(29, 29, 'product', '99', 1),
(30, 30, 'member', 'm1', 1),
(31, 31, 'product', '4', 1),
(32, 32, 'product', '2', 1),
(33, 33, 'product', '6', 1),
(34, 34, 'member', 'm2', 1),
(35, 35, 'product', '99', 1),
(36, 36, 'product', '99', 1),
(37, 37, 'product', '99', 1),
(38, 38, 'product', '99', 1),
(39, 39, 'member', 'm2', 1),
(40, 40, 'member', 'm0', 1),
(41, 41, 'product', '1', 1),
(42, 42, 'product', '3', 1),
(43, 43, 'product', '7', 1),
(44, 44, 'member', 'm3', 1),
(45, 45, 'product', '99', 1),
(46, 46, 'product', '99', 1),
(47, 47, 'product', '99', 1),
(48, 48, 'product', '99', 1),
(49, 49, 'product', '99', 1),
(50, 50, 'member', 'm2', 1);

-- --------------------------------------------------------

--
-- 資料表結構 `coupon_triggers`
--

CREATE TABLE `coupon_triggers` (
  `id` int(11) NOT NULL,
  `coupon_id` int(11) NOT NULL COMMENT '關聯優惠券',
  `trigger_type` varchar(50) NOT NULL COMMENT '觸發類型：註冊(register) | 生日(birthday)',
  `trigger_value` varchar(255) DEFAULT NULL COMMENT '條件參數',
  `is_valid` tinyint(1) NOT NULL DEFAULT 1 COMMENT '軟刪除標記 (1:有效, 0:已刪除)'
) ENGINE=InnoDB DEFAULT CHARSET=utf8mb4 COLLATE=utf8mb4_unicode_ci COMMENT='自動發送觸發條件設定';

-- --------------------------------------------------------

--
-- 資料表結構 `coupon_usages`
--

CREATE TABLE `coupon_usages` (
  `id` int(11) NOT NULL,
  `coupon_send_id` int(11) NOT NULL COMMENT '關聯的券的實例ID (可重複)',
  `user_id` int(11) NOT NULL COMMENT '使用者ID',
  `order_id` int(11) NOT NULL COMMENT '使用的訂單ID',
  `used_at` timestamp NOT NULL DEFAULT current_timestamp() COMMENT '使用時間',
  `discount_amount_applied` int(11) DEFAULT NULL COMMENT '訂單上實際折抵的金額 (分 / 或整數的元)',
  `is_valid` tinyint(1) NOT NULL DEFAULT 1 COMMENT '軟刪除標記 (1:有效, 0:已刪除)'
) ENGINE=InnoDB DEFAULT CHARSET=utf8mb4 COLLATE=utf8mb4_unicode_ci COMMENT='追蹤優惠券的「每一次」使用';

-- --------------------------------------------------------

--
-- 資料表結構 `districts`
--

CREATE TABLE `districts` (
  `id` int(11) NOT NULL COMMENT '區域ID',
  `city_id` int(11) NOT NULL COMMENT '縣市ID',
  `name` varchar(20) NOT NULL COMMENT '區域名稱',
  `created_at` datetime DEFAULT current_timestamp() COMMENT '建立日期',
  `updated_at` datetime DEFAULT current_timestamp() ON UPDATE current_timestamp() COMMENT '更新日期'
) ENGINE=InnoDB DEFAULT CHARSET=utf8mb4 COLLATE=utf8mb4_unicode_ci;

--
-- 傾印資料表的資料 `districts`
--

INSERT INTO `districts` (`id`, `city_id`, `name`, `created_at`, `updated_at`) VALUES
(1, 1, '中正區', '2025-06-12 22:56:59', '2025-06-12 22:56:59'),
(2, 1, '大同區', '2025-06-12 22:56:59', '2025-06-12 22:56:59'),
(3, 1, '中山區', '2025-06-12 22:56:59', '2025-06-12 22:56:59'),
(4, 1, '松山區', '2025-06-12 22:56:59', '2025-06-12 22:56:59'),
(5, 1, '大安區', '2025-06-12 22:56:59', '2025-06-12 22:56:59'),
(6, 1, '萬華區', '2025-06-12 22:56:59', '2025-06-12 22:56:59'),
(7, 1, '信義區', '2025-06-12 22:56:59', '2025-06-12 22:56:59'),
(8, 1, '士林區', '2025-06-12 22:56:59', '2025-06-12 22:56:59'),
(9, 1, '北投區', '2025-06-12 22:56:59', '2025-06-12 22:56:59'),
(10, 1, '內湖區', '2025-06-12 22:56:59', '2025-06-12 22:56:59'),
(11, 1, '南港區', '2025-06-12 22:56:59', '2025-06-12 22:56:59'),
(12, 1, '文山區', '2025-06-12 22:56:59', '2025-06-12 22:56:59'),
(13, 2, '板橋區', '2025-06-12 22:56:59', '2025-06-12 22:56:59'),
(14, 2, '三重區', '2025-06-12 22:56:59', '2025-06-12 22:56:59'),
(15, 2, '中和區', '2025-06-12 22:56:59', '2025-06-12 22:56:59'),
(16, 2, '永和區', '2025-06-12 22:56:59', '2025-06-12 22:56:59'),
(17, 2, '新莊區', '2025-06-12 22:56:59', '2025-06-12 22:56:59'),
(18, 2, '新店區', '2025-06-12 22:56:59', '2025-06-12 22:56:59'),
(19, 2, '樹林區', '2025-06-12 22:56:59', '2025-06-12 22:56:59'),
(20, 2, '鶯歌區', '2025-06-12 22:56:59', '2025-06-12 22:56:59'),
(21, 2, '三峽區', '2025-06-12 22:56:59', '2025-06-12 22:56:59'),
(22, 2, '淡水區', '2025-06-12 22:56:59', '2025-06-12 22:56:59'),
(23, 2, '汐止區', '2025-06-12 22:56:59', '2025-06-12 22:56:59'),
(24, 2, '瑞芳區', '2025-06-12 22:56:59', '2025-06-12 22:56:59'),
(25, 2, '土城區', '2025-06-12 22:56:59', '2025-06-12 22:56:59'),
(26, 2, '蘆洲區', '2025-06-12 22:56:59', '2025-06-12 22:56:59'),
(27, 2, '五股區', '2025-06-12 22:56:59', '2025-06-12 22:56:59'),
(28, 2, '泰山區', '2025-06-12 22:56:59', '2025-06-12 22:56:59'),
(29, 2, '林口區', '2025-06-12 22:56:59', '2025-06-12 22:56:59'),
(30, 2, '深坑區', '2025-06-12 22:56:59', '2025-06-12 22:56:59'),
(31, 2, '石碇區', '2025-06-12 22:56:59', '2025-06-12 22:56:59'),
(32, 2, '坪林區', '2025-06-12 22:56:59', '2025-06-12 22:56:59'),
(33, 2, '三芝區', '2025-06-12 22:56:59', '2025-06-12 22:56:59'),
(34, 2, '石門區', '2025-06-12 22:56:59', '2025-06-12 22:56:59'),
(35, 2, '八里區', '2025-06-12 22:56:59', '2025-06-12 22:56:59'),
(36, 2, '平溪區', '2025-06-12 22:56:59', '2025-06-12 22:56:59'),
(37, 2, '雙溪區', '2025-06-12 22:56:59', '2025-06-12 22:56:59'),
(38, 2, '貢寮區', '2025-06-12 22:56:59', '2025-06-12 22:56:59'),
(39, 2, '金山區', '2025-06-12 22:56:59', '2025-06-12 22:56:59'),
(40, 2, '萬里區', '2025-06-12 22:56:59', '2025-06-12 22:56:59'),
(41, 2, '烏來區', '2025-06-12 22:56:59', '2025-06-12 22:56:59'),
(42, 3, '桃園區', '2025-06-12 22:56:59', '2025-06-12 22:56:59'),
(43, 3, '中壢區', '2025-06-12 22:56:59', '2025-06-12 22:56:59'),
(44, 3, '平鎮區', '2025-06-12 22:56:59', '2025-06-12 22:56:59'),
(45, 3, '八德區', '2025-06-12 22:56:59', '2025-06-12 22:56:59'),
(46, 3, '楊梅區', '2025-06-12 22:56:59', '2025-06-12 22:56:59'),
(47, 3, '蘆竹區', '2025-06-12 22:56:59', '2025-06-12 22:56:59'),
(48, 3, '大溪區', '2025-06-12 22:56:59', '2025-06-12 22:56:59'),
(49, 3, '龍潭區', '2025-06-12 22:56:59', '2025-06-12 22:56:59'),
(50, 3, '龜山區', '2025-06-12 22:56:59', '2025-06-12 22:56:59'),
(51, 3, '大園區', '2025-06-12 22:56:59', '2025-06-12 22:56:59'),
(52, 3, '觀音區', '2025-06-12 22:56:59', '2025-06-12 22:56:59'),
(53, 3, '新屋區', '2025-06-12 22:56:59', '2025-06-12 22:56:59'),
(54, 3, '復興區', '2025-06-12 22:56:59', '2025-06-12 22:56:59'),
(55, 4, '中區', '2025-06-12 22:56:59', '2025-06-12 22:56:59'),
(56, 4, '東區', '2025-06-12 22:56:59', '2025-06-12 22:56:59'),
(57, 4, '南區', '2025-06-12 22:56:59', '2025-06-12 22:56:59'),
(58, 4, '西區', '2025-06-12 22:56:59', '2025-06-12 22:56:59'),
(59, 4, '北區', '2025-06-12 22:56:59', '2025-06-12 22:56:59'),
(60, 4, '北屯區', '2025-06-12 22:56:59', '2025-06-12 22:56:59'),
(61, 4, '西屯區', '2025-06-12 22:56:59', '2025-06-12 22:56:59'),
(62, 4, '南屯區', '2025-06-12 22:56:59', '2025-06-12 22:56:59'),
(63, 4, '太平區', '2025-06-12 22:56:59', '2025-06-12 22:56:59'),
(64, 4, '大里區', '2025-06-12 22:56:59', '2025-06-12 22:56:59'),
(65, 4, '霧峰區', '2025-06-12 22:56:59', '2025-06-12 22:56:59'),
(66, 4, '烏日區', '2025-06-12 22:56:59', '2025-06-12 22:56:59'),
(67, 4, '豐原區', '2025-06-12 22:56:59', '2025-06-12 22:56:59'),
(68, 4, '后里區', '2025-06-12 22:56:59', '2025-06-12 22:56:59'),
(69, 4, '石岡區', '2025-06-12 22:56:59', '2025-06-12 22:56:59'),
(70, 4, '東勢區', '2025-06-12 22:56:59', '2025-06-12 22:56:59'),
(71, 4, '和平區', '2025-06-12 22:56:59', '2025-06-12 22:56:59'),
(72, 4, '新社區', '2025-06-12 22:56:59', '2025-06-12 22:56:59'),
(73, 4, '潭子區', '2025-06-12 22:56:59', '2025-06-12 22:56:59'),
(74, 4, '大雅區', '2025-06-12 22:56:59', '2025-06-12 22:56:59'),
(75, 4, '神岡區', '2025-06-12 22:56:59', '2025-06-12 22:56:59'),
(76, 4, '大肚區', '2025-06-12 22:56:59', '2025-06-12 22:56:59'),
(77, 4, '沙鹿區', '2025-06-12 22:56:59', '2025-06-12 22:56:59'),
(78, 4, '龍井區', '2025-06-12 22:56:59', '2025-06-12 22:56:59'),
(79, 4, '梧棲區', '2025-06-12 22:56:59', '2025-06-12 22:56:59'),
(80, 4, '清水區', '2025-06-12 22:56:59', '2025-06-12 22:56:59'),
(81, 4, '大甲區', '2025-06-12 22:56:59', '2025-06-12 22:56:59'),
(82, 4, '外埔區', '2025-06-12 22:56:59', '2025-06-12 22:56:59'),
(83, 4, '大安區', '2025-06-12 22:56:59', '2025-06-12 22:56:59'),
(84, 5, '中西區', '2025-06-12 22:56:59', '2025-06-12 22:56:59'),
(85, 5, '東區', '2025-06-12 22:56:59', '2025-06-12 22:56:59'),
(86, 5, '南區', '2025-06-12 22:56:59', '2025-06-12 22:56:59'),
(87, 5, '北區', '2025-06-12 22:56:59', '2025-06-12 22:56:59'),
(88, 5, '安平區', '2025-06-12 22:56:59', '2025-06-12 22:56:59'),
(89, 5, '安南區', '2025-06-12 22:56:59', '2025-06-12 22:56:59'),
(90, 5, '永康區', '2025-06-12 22:56:59', '2025-06-12 22:56:59'),
(91, 5, '歸仁區', '2025-06-12 22:56:59', '2025-06-12 22:56:59'),
(92, 5, '新化區', '2025-06-12 22:56:59', '2025-06-12 22:56:59'),
(93, 5, '左鎮區', '2025-06-12 22:56:59', '2025-06-12 22:56:59'),
(94, 5, '玉井區', '2025-06-12 22:56:59', '2025-06-12 22:56:59'),
(95, 5, '楠西區', '2025-06-12 22:56:59', '2025-06-12 22:56:59'),
(96, 5, '南化區', '2025-06-12 22:56:59', '2025-06-12 22:56:59'),
(97, 5, '仁德區', '2025-06-12 22:56:59', '2025-06-12 22:56:59'),
(98, 5, '關廟區', '2025-06-12 22:56:59', '2025-06-12 22:56:59'),
(99, 5, '龍崎區', '2025-06-12 22:56:59', '2025-06-12 22:56:59'),
(100, 5, '官田區', '2025-06-12 22:56:59', '2025-06-12 22:56:59'),
(101, 5, '麻豆區', '2025-06-12 22:56:59', '2025-06-12 22:56:59'),
(102, 5, '佳里區', '2025-06-12 22:56:59', '2025-06-12 22:56:59'),
(103, 5, '西港區', '2025-06-12 22:56:59', '2025-06-12 22:56:59'),
(104, 5, '七股區', '2025-06-12 22:56:59', '2025-06-12 22:56:59'),
(105, 5, '將軍區', '2025-06-12 22:56:59', '2025-06-12 22:56:59'),
(106, 5, '學甲區', '2025-06-12 22:56:59', '2025-06-12 22:56:59'),
(107, 5, '北門區', '2025-06-12 22:56:59', '2025-06-12 22:56:59'),
(108, 5, '新營區', '2025-06-12 22:56:59', '2025-06-12 22:56:59'),
(109, 5, '後壁區', '2025-06-12 22:56:59', '2025-06-12 22:56:59'),
(110, 5, '白河區', '2025-06-12 22:56:59', '2025-06-12 22:56:59'),
(111, 5, '東山區', '2025-06-12 22:56:59', '2025-06-12 22:56:59'),
(112, 5, '六甲區', '2025-06-12 22:56:59', '2025-06-12 22:56:59'),
(113, 5, '下營區', '2025-06-12 22:56:59', '2025-06-12 22:56:59'),
(114, 5, '柳營區', '2025-06-12 22:56:59', '2025-06-12 22:56:59'),
(115, 5, '鹽水區', '2025-06-12 22:56:59', '2025-06-12 22:56:59'),
(116, 5, '善化區', '2025-06-12 22:56:59', '2025-06-12 22:56:59'),
(117, 5, '大內區', '2025-06-12 22:56:59', '2025-06-12 22:56:59'),
(118, 5, '山上區', '2025-06-12 22:56:59', '2025-06-12 22:56:59'),
(119, 5, '新市區', '2025-06-12 22:56:59', '2025-06-12 22:56:59'),
(120, 5, '安定區', '2025-06-12 22:56:59', '2025-06-12 22:56:59'),
(121, 6, '楠梓區', '2025-06-12 22:56:59', '2025-06-12 22:56:59'),
(122, 6, '左營區', '2025-06-12 22:56:59', '2025-06-12 22:56:59'),
(123, 6, '鼓山區', '2025-06-12 22:56:59', '2025-06-12 22:56:59'),
(124, 6, '三民區', '2025-06-12 22:56:59', '2025-06-12 22:56:59'),
(125, 6, '鹽埕區', '2025-06-12 22:56:59', '2025-06-12 22:56:59'),
(126, 6, '前金區', '2025-06-12 22:56:59', '2025-06-12 22:56:59'),
(127, 6, '新興區', '2025-06-12 22:56:59', '2025-06-12 22:56:59'),
(128, 6, '苓雅區', '2025-06-12 22:56:59', '2025-06-12 22:56:59'),
(129, 6, '前鎮區', '2025-06-12 22:56:59', '2025-06-12 22:56:59'),
(130, 6, '旗津區', '2025-06-12 22:56:59', '2025-06-12 22:56:59'),
(131, 6, '小港區', '2025-06-12 22:56:59', '2025-06-12 22:56:59'),
(132, 6, '鳳山區', '2025-06-12 22:56:59', '2025-06-12 22:56:59'),
(133, 6, '大寮區', '2025-06-12 22:56:59', '2025-06-12 22:56:59'),
(134, 6, '鳥松區', '2025-06-12 22:56:59', '2025-06-12 22:56:59'),
(135, 6, '林園區', '2025-06-12 22:56:59', '2025-06-12 22:56:59'),
(136, 6, '仁武區', '2025-06-12 22:56:59', '2025-06-12 22:56:59'),
(137, 6, '大樹區', '2025-06-12 22:56:59', '2025-06-12 22:56:59'),
(138, 6, '大社區', '2025-06-12 22:56:59', '2025-06-12 22:56:59'),
(139, 6, '岡山區', '2025-06-12 22:56:59', '2025-06-12 22:56:59'),
(140, 6, '路竹區', '2025-06-12 22:56:59', '2025-06-12 22:56:59'),
(141, 6, '橋頭區', '2025-06-12 22:56:59', '2025-06-12 22:56:59'),
(142, 6, '梓官區', '2025-06-12 22:56:59', '2025-06-12 22:56:59'),
(143, 6, '彌陀區', '2025-06-12 22:56:59', '2025-06-12 22:56:59'),
(144, 6, '永安區', '2025-06-12 22:56:59', '2025-06-12 22:56:59'),
(145, 6, '燕巢區', '2025-06-12 22:56:59', '2025-06-12 22:56:59'),
(146, 6, '田寮區', '2025-06-12 22:56:59', '2025-06-12 22:56:59'),
(147, 6, '阿蓮區', '2025-06-12 22:56:59', '2025-06-12 22:56:59'),
(148, 6, '茄萣區', '2025-06-12 22:56:59', '2025-06-12 22:56:59'),
(149, 6, '湖內區', '2025-06-12 22:56:59', '2025-06-12 22:56:59'),
(150, 6, '旗山區', '2025-06-12 22:56:59', '2025-06-12 22:56:59'),
(151, 6, '美濃區', '2025-06-12 22:56:59', '2025-06-12 22:56:59'),
(152, 6, '內門區', '2025-06-12 22:56:59', '2025-06-12 22:56:59'),
(153, 6, '杉林區', '2025-06-12 22:56:59', '2025-06-12 22:56:59'),
(154, 6, '甲仙區', '2025-06-12 22:56:59', '2025-06-12 22:56:59'),
(155, 6, '六龜區', '2025-06-12 22:56:59', '2025-06-12 22:56:59'),
(156, 6, '茂林區', '2025-06-12 22:56:59', '2025-06-12 22:56:59'),
(157, 6, '桃源區', '2025-06-12 22:56:59', '2025-06-12 22:56:59'),
(158, 6, '那瑪夏區', '2025-06-12 22:56:59', '2025-06-12 22:56:59'),
(159, 7, '中正區', '2025-06-12 22:56:59', '2025-06-12 22:56:59'),
(160, 7, '七堵區', '2025-06-12 22:56:59', '2025-06-12 22:56:59'),
(161, 7, '暖暖區', '2025-06-12 22:56:59', '2025-06-12 22:56:59'),
(162, 7, '仁愛區', '2025-06-12 22:56:59', '2025-06-12 22:56:59'),
(163, 7, '中山區', '2025-06-12 22:56:59', '2025-06-12 22:56:59'),
(164, 7, '安樂區', '2025-06-12 22:56:59', '2025-06-12 22:56:59'),
(165, 7, '信義區', '2025-06-12 22:56:59', '2025-06-12 22:56:59'),
(166, 8, '東區', '2025-06-12 22:56:59', '2025-06-12 22:56:59'),
(167, 8, '北區', '2025-06-12 22:56:59', '2025-06-12 22:56:59'),
(168, 8, '香山區', '2025-06-12 22:56:59', '2025-06-12 22:56:59'),
(169, 9, '東區', '2025-06-12 22:56:59', '2025-06-12 22:56:59'),
(170, 9, '西區', '2025-06-12 22:56:59', '2025-06-12 22:56:59'),
(171, 10, '竹北市', '2025-06-12 22:56:59', '2025-06-12 22:56:59'),
(172, 10, '竹東鎮', '2025-06-12 22:56:59', '2025-06-12 22:56:59'),
(173, 10, '新埔鎮', '2025-06-12 22:56:59', '2025-06-12 22:56:59'),
(174, 10, '關西鎮', '2025-06-12 22:56:59', '2025-06-12 22:56:59'),
(175, 10, '湖口鄉', '2025-06-12 22:56:59', '2025-06-12 22:56:59'),
(176, 10, '新豐鄉', '2025-06-12 22:56:59', '2025-06-12 22:56:59'),
(177, 10, '芎林鄉', '2025-06-12 22:56:59', '2025-06-12 22:56:59'),
(178, 10, '橫山鄉', '2025-06-12 22:56:59', '2025-06-12 22:56:59'),
(179, 10, '北埔鄉', '2025-06-12 22:56:59', '2025-06-12 22:56:59'),
(180, 10, '寶山鄉', '2025-06-12 22:56:59', '2025-06-12 22:56:59'),
(181, 10, '峨眉鄉', '2025-06-12 22:56:59', '2025-06-12 22:56:59'),
(182, 10, '尖石鄉', '2025-06-12 22:56:59', '2025-06-12 22:56:59'),
(183, 10, '五峰鄉', '2025-06-12 22:56:59', '2025-06-12 22:56:59'),
(184, 11, '苗栗市', '2025-06-12 22:56:59', '2025-06-12 22:56:59'),
(185, 11, '頭份市', '2025-06-12 22:56:59', '2025-06-12 22:56:59'),
(186, 11, '竹南鎮', '2025-06-12 22:56:59', '2025-06-12 22:56:59'),
(187, 11, '後龍鎮', '2025-06-12 22:56:59', '2025-06-12 22:56:59'),
(188, 11, '通霄鎮', '2025-06-12 22:56:59', '2025-06-12 22:56:59'),
(189, 11, '苑裡鎮', '2025-06-12 22:56:59', '2025-06-12 22:56:59'),
(190, 11, '卓蘭鎮', '2025-06-12 22:56:59', '2025-06-12 22:56:59'),
(191, 11, '造橋鄉', '2025-06-12 22:56:59', '2025-06-12 22:56:59'),
(192, 11, '西湖鄉', '2025-06-12 22:56:59', '2025-06-12 22:56:59'),
(193, 11, '頭屋鄉', '2025-06-12 22:56:59', '2025-06-12 22:56:59'),
(194, 11, '公館鄉', '2025-06-12 22:56:59', '2025-06-12 22:56:59'),
(195, 11, '大湖鄉', '2025-06-12 22:56:59', '2025-06-12 22:56:59'),
(196, 11, '泰安鄉', '2025-06-12 22:56:59', '2025-06-12 22:56:59'),
(197, 11, '銅鑼鄉', '2025-06-12 22:56:59', '2025-06-12 22:56:59'),
(198, 11, '三義鄉', '2025-06-12 22:56:59', '2025-06-12 22:56:59'),
(199, 11, '西湖鄉', '2025-06-12 22:56:59', '2025-06-12 22:56:59'),
(200, 11, '南庄鄉', '2025-06-12 22:56:59', '2025-06-12 22:56:59'),
(201, 11, '頭屋鄉', '2025-06-12 22:56:59', '2025-06-12 22:56:59'),
(202, 12, '彰化市', '2025-06-12 22:56:59', '2025-06-12 22:56:59'),
(203, 12, '員林市', '2025-06-12 22:56:59', '2025-06-12 22:56:59'),
(204, 12, '和美鎮', '2025-06-12 22:56:59', '2025-06-12 22:56:59'),
(205, 12, '鹿港鎮', '2025-06-12 22:56:59', '2025-06-12 22:56:59'),
(206, 12, '溪湖鎮', '2025-06-12 22:56:59', '2025-06-12 22:56:59'),
(207, 12, '二林鎮', '2025-06-12 22:56:59', '2025-06-12 22:56:59'),
(208, 12, '田中鎮', '2025-06-12 22:56:59', '2025-06-12 22:56:59'),
(209, 12, '北斗鎮', '2025-06-12 22:56:59', '2025-06-12 22:56:59'),
(210, 12, '花壇鄉', '2025-06-12 22:56:59', '2025-06-12 22:56:59'),
(211, 12, '芬園鄉', '2025-06-12 22:56:59', '2025-06-12 22:56:59'),
(212, 12, '大村鄉', '2025-06-12 22:56:59', '2025-06-12 22:56:59'),
(213, 12, '永靖鄉', '2025-06-12 22:56:59', '2025-06-12 22:56:59'),
(214, 12, '伸港鄉', '2025-06-12 22:56:59', '2025-06-12 22:56:59'),
(215, 12, '線西鄉', '2025-06-12 22:56:59', '2025-06-12 22:56:59'),
(216, 12, '福興鄉', '2025-06-12 22:56:59', '2025-06-12 22:56:59'),
(217, 12, '秀水鄉', '2025-06-12 22:56:59', '2025-06-12 22:56:59'),
(218, 12, '埔心鄉', '2025-06-12 22:56:59', '2025-06-12 22:56:59'),
(219, 12, '埔鹽鄉', '2025-06-12 22:56:59', '2025-06-12 22:56:59'),
(220, 12, '大城鄉', '2025-06-12 22:56:59', '2025-06-12 22:56:59'),
(221, 12, '芳苑鄉', '2025-06-12 22:56:59', '2025-06-12 22:56:59'),
(222, 12, '竹塘鄉', '2025-06-12 22:56:59', '2025-06-12 22:56:59'),
(223, 12, '社頭鄉', '2025-06-12 22:56:59', '2025-06-12 22:56:59'),
(224, 12, '二水鄉', '2025-06-12 22:56:59', '2025-06-12 22:56:59'),
(225, 12, '田尾鄉', '2025-06-12 22:56:59', '2025-06-12 22:56:59'),
(226, 12, '埤頭鄉', '2025-06-12 22:56:59', '2025-06-12 22:56:59'),
(227, 12, '溪州鄉', '2025-06-12 22:56:59', '2025-06-12 22:56:59'),
(228, 13, '南投市', '2025-06-12 22:56:59', '2025-06-12 22:56:59'),
(229, 13, '埔里鎮', '2025-06-12 22:56:59', '2025-06-12 22:56:59'),
(230, 13, '草屯鎮', '2025-06-12 22:56:59', '2025-06-12 22:56:59'),
(231, 13, '竹山鎮', '2025-06-12 22:56:59', '2025-06-12 22:56:59'),
(232, 13, '集集鎮', '2025-06-12 22:56:59', '2025-06-12 22:56:59'),
(233, 13, '名間鄉', '2025-06-12 22:56:59', '2025-06-12 22:56:59'),
(234, 13, '鹿谷鄉', '2025-06-12 22:56:59', '2025-06-12 22:56:59'),
(235, 13, '中寮鄉', '2025-06-12 22:56:59', '2025-06-12 22:56:59'),
(236, 13, '魚池鄉', '2025-06-12 22:56:59', '2025-06-12 22:56:59'),
(237, 13, '國姓鄉', '2025-06-12 22:56:59', '2025-06-12 22:56:59'),
(238, 13, '水里鄉', '2025-06-12 22:56:59', '2025-06-12 22:56:59'),
(239, 13, '信義鄉', '2025-06-12 22:56:59', '2025-06-12 22:56:59'),
(240, 13, '仁愛鄉', '2025-06-12 22:56:59', '2025-06-12 22:56:59'),
(241, 14, '斗六市', '2025-06-12 22:56:59', '2025-06-12 22:56:59'),
(242, 14, '斗南鎮', '2025-06-12 22:56:59', '2025-06-12 22:56:59'),
(243, 14, '虎尾鎮', '2025-06-12 22:56:59', '2025-06-12 22:56:59'),
(244, 14, '西螺鎮', '2025-06-12 22:56:59', '2025-06-12 22:56:59'),
(245, 14, '土庫鎮', '2025-06-12 22:56:59', '2025-06-12 22:56:59'),
(246, 14, '北港鎮', '2025-06-12 22:56:59', '2025-06-12 22:56:59'),
(247, 14, '古坑鄉', '2025-06-12 22:56:59', '2025-06-12 22:56:59'),
(248, 14, '大埤鄉', '2025-06-12 22:56:59', '2025-06-12 22:56:59'),
(249, 14, '莿桐鄉', '2025-06-12 22:56:59', '2025-06-12 22:56:59'),
(250, 14, '林內鄉', '2025-06-12 22:56:59', '2025-06-12 22:56:59'),
(251, 14, '二崙鄉', '2025-06-12 22:56:59', '2025-06-12 22:56:59'),
(252, 14, '崙背鄉', '2025-06-12 22:56:59', '2025-06-12 22:56:59'),
(253, 14, '麥寮鄉', '2025-06-12 22:56:59', '2025-06-12 22:56:59'),
(254, 14, '東勢鄉', '2025-06-12 22:56:59', '2025-06-12 22:56:59'),
(255, 14, '褒忠鄉', '2025-06-12 22:56:59', '2025-06-12 22:56:59'),
(256, 14, '台西鄉', '2025-06-12 22:56:59', '2025-06-12 22:56:59'),
(257, 14, '元長鄉', '2025-06-12 22:56:59', '2025-06-12 22:56:59'),
(258, 14, '四湖鄉', '2025-06-12 22:56:59', '2025-06-12 22:56:59'),
(259, 14, '口湖鄉', '2025-06-12 22:56:59', '2025-06-12 22:56:59'),
(260, 14, '水林鄉', '2025-06-12 22:56:59', '2025-06-12 22:56:59'),
(261, 15, '太保市', '2025-06-12 22:56:59', '2025-06-12 22:56:59'),
(262, 15, '朴子市', '2025-06-12 22:56:59', '2025-06-12 22:56:59'),
(263, 15, '布袋鎮', '2025-06-12 22:56:59', '2025-06-12 22:56:59'),
(264, 15, '大林鎮', '2025-06-12 22:56:59', '2025-06-12 22:56:59'),
(265, 15, '民雄鄉', '2025-06-12 22:56:59', '2025-06-12 22:56:59'),
(266, 15, '溪口鄉', '2025-06-12 22:56:59', '2025-06-12 22:56:59'),
(267, 15, '新港鄉', '2025-06-12 22:56:59', '2025-06-12 22:56:59'),
(268, 15, '六腳鄉', '2025-06-12 22:56:59', '2025-06-12 22:56:59'),
(269, 15, '東石鄉', '2025-06-12 22:56:59', '2025-06-12 22:56:59'),
(270, 15, '義竹鄉', '2025-06-12 22:56:59', '2025-06-12 22:56:59'),
(271, 15, '鹿草鄉', '2025-06-12 22:56:59', '2025-06-12 22:56:59'),
(272, 15, '水上鄉', '2025-06-12 22:56:59', '2025-06-12 22:56:59'),
(273, 15, '中埔鄉', '2025-06-12 22:56:59', '2025-06-12 22:56:59'),
(274, 15, '竹崎鄉', '2025-06-12 22:56:59', '2025-06-12 22:56:59'),
(275, 15, '梅山鄉', '2025-06-12 22:56:59', '2025-06-12 22:56:59'),
(276, 15, '番路鄉', '2025-06-12 22:56:59', '2025-06-12 22:56:59'),
(277, 15, '大埔鄉', '2025-06-12 22:56:59', '2025-06-12 22:56:59'),
(278, 15, '阿里山鄉', '2025-06-12 22:56:59', '2025-06-12 22:56:59'),
(279, 16, '屏東市', '2025-06-12 22:56:59', '2025-06-12 22:56:59'),
(280, 16, '潮州鎮', '2025-06-12 22:56:59', '2025-06-12 22:56:59'),
(281, 16, '東港鎮', '2025-06-12 22:56:59', '2025-06-12 22:56:59'),
(282, 16, '恆春鎮', '2025-06-12 22:56:59', '2025-06-12 22:56:59'),
(283, 16, '萬丹鄉', '2025-06-12 22:56:59', '2025-06-12 22:56:59'),
(284, 16, '長治鄉', '2025-06-12 22:56:59', '2025-06-12 22:56:59'),
(285, 16, '麟洛鄉', '2025-06-12 22:56:59', '2025-06-12 22:56:59'),
(286, 16, '九如鄉', '2025-06-12 22:56:59', '2025-06-12 22:56:59'),
(287, 16, '里港鄉', '2025-06-12 22:56:59', '2025-06-12 22:56:59'),
(288, 16, '鹽埔鄉', '2025-06-12 22:56:59', '2025-06-12 22:56:59'),
(289, 16, '高樹鄉', '2025-06-12 22:56:59', '2025-06-12 22:56:59'),
(290, 16, '萬巒鄉', '2025-06-12 22:56:59', '2025-06-12 22:56:59'),
(291, 16, '內埔鄉', '2025-06-12 22:56:59', '2025-06-12 22:56:59'),
(292, 16, '竹田鄉', '2025-06-12 22:56:59', '2025-06-12 22:56:59'),
(293, 16, '新埤鄉', '2025-06-12 22:56:59', '2025-06-12 22:56:59'),
(294, 16, '枋寮鄉', '2025-06-12 22:56:59', '2025-06-12 22:56:59'),
(295, 16, '新園鄉', '2025-06-12 22:56:59', '2025-06-12 22:56:59'),
(296, 16, '崁頂鄉', '2025-06-12 22:56:59', '2025-06-12 22:56:59'),
(297, 16, '林邊鄉', '2025-06-12 22:56:59', '2025-06-12 22:56:59'),
(298, 16, '南州鄉', '2025-06-12 22:56:59', '2025-06-12 22:56:59'),
(299, 16, '佳冬鄉', '2025-06-12 22:56:59', '2025-06-12 22:56:59'),
(300, 16, '琉球鄉', '2025-06-12 22:56:59', '2025-06-12 22:56:59'),
(301, 16, '車城鄉', '2025-06-12 22:56:59', '2025-06-12 22:56:59'),
(302, 16, '滿州鄉', '2025-06-12 22:56:59', '2025-06-12 22:56:59'),
(303, 16, '枋山鄉', '2025-06-12 22:56:59', '2025-06-12 22:56:59'),
(304, 16, '三地門鄉', '2025-06-12 22:56:59', '2025-06-12 22:56:59'),
(305, 16, '霧台鄉', '2025-06-12 22:56:59', '2025-06-12 22:56:59'),
(306, 16, '瑪家鄉', '2025-06-12 22:56:59', '2025-06-12 22:56:59'),
(307, 16, '泰武鄉', '2025-06-12 22:56:59', '2025-06-12 22:56:59'),
(308, 16, '來義鄉', '2025-06-12 22:56:59', '2025-06-12 22:56:59'),
(309, 16, '春日鄉', '2025-06-12 22:56:59', '2025-06-12 22:56:59'),
(310, 16, '獅子鄉', '2025-06-12 22:56:59', '2025-06-12 22:56:59'),
(311, 16, '牡丹鄉', '2025-06-12 22:56:59', '2025-06-12 22:56:59'),
(312, 17, '宜蘭市', '2025-06-12 22:56:59', '2025-06-12 22:56:59'),
(313, 17, '羅東鎮', '2025-06-12 22:56:59', '2025-06-12 22:56:59'),
(314, 17, '蘇澳鎮', '2025-06-12 22:56:59', '2025-06-12 22:56:59'),
(315, 17, '頭城鎮', '2025-06-12 22:56:59', '2025-06-12 22:56:59'),
(316, 17, '礁溪鄉', '2025-06-12 22:56:59', '2025-06-12 22:56:59'),
(317, 17, '壯圍鄉', '2025-06-12 22:56:59', '2025-06-12 22:56:59'),
(318, 17, '員山鄉', '2025-06-12 22:56:59', '2025-06-12 22:56:59'),
(319, 17, '冬山鄉', '2025-06-12 22:56:59', '2025-06-12 22:56:59'),
(320, 17, '五結鄉', '2025-06-12 22:56:59', '2025-06-12 22:56:59'),
(321, 17, '三星鄉', '2025-06-12 22:56:59', '2025-06-12 22:56:59'),
(322, 17, '大同鄉', '2025-06-12 22:56:59', '2025-06-12 22:56:59'),
(323, 17, '南澳鄉', '2025-06-12 22:56:59', '2025-06-12 22:56:59'),
(324, 18, '花蓮市', '2025-06-12 22:56:59', '2025-06-12 22:56:59'),
(325, 18, '鳳林鎮', '2025-06-12 22:56:59', '2025-06-12 22:56:59'),
(326, 18, '玉里鎮', '2025-06-12 22:56:59', '2025-06-12 22:56:59'),
(327, 18, '新城鄉', '2025-06-12 22:56:59', '2025-06-12 22:56:59'),
(328, 18, '吉安鄉', '2025-06-12 22:56:59', '2025-06-12 22:56:59'),
(329, 18, '壽豐鄉', '2025-06-12 22:56:59', '2025-06-12 22:56:59'),
(330, 18, '光復鄉', '2025-06-12 22:56:59', '2025-06-12 22:56:59'),
(331, 18, '豐濱鄉', '2025-06-12 22:56:59', '2025-06-12 22:56:59'),
(332, 18, '瑞穗鄉', '2025-06-12 22:56:59', '2025-06-12 22:56:59'),
(333, 18, '富里鄉', '2025-06-12 22:56:59', '2025-06-12 22:56:59'),
(334, 18, '秀林鄉', '2025-06-12 22:56:59', '2025-06-12 22:56:59'),
(335, 18, '萬榮鄉', '2025-06-12 22:56:59', '2025-06-12 22:56:59'),
(336, 18, '卓溪鄉', '2025-06-12 22:56:59', '2025-06-12 22:56:59'),
(337, 19, '台東市', '2025-06-12 22:56:59', '2025-06-12 22:56:59'),
(338, 19, '成功鎮', '2025-06-12 22:56:59', '2025-06-12 22:56:59'),
(339, 19, '關山鎮', '2025-06-12 22:56:59', '2025-06-12 22:56:59'),
(340, 19, '卑南鄉', '2025-06-12 22:56:59', '2025-06-12 22:56:59'),
(341, 19, '鹿野鄉', '2025-06-12 22:56:59', '2025-06-12 22:56:59'),
(342, 19, '池上鄉', '2025-06-12 22:56:59', '2025-06-12 22:56:59'),
(343, 19, '東河鄉', '2025-06-12 22:56:59', '2025-06-12 22:56:59'),
(344, 19, '長濱鄉', '2025-06-12 22:56:59', '2025-06-12 22:56:59'),
(345, 19, '太麻里鄉', '2025-06-12 22:56:59', '2025-06-12 22:56:59'),
(346, 19, '大武鄉', '2025-06-12 22:56:59', '2025-06-12 22:56:59'),
(347, 19, '綠島鄉', '2025-06-12 22:56:59', '2025-06-12 22:56:59'),
(348, 19, '海端鄉', '2025-06-12 22:56:59', '2025-06-12 22:56:59'),
(349, 19, '延平鄉', '2025-06-12 22:56:59', '2025-06-12 22:56:59'),
(350, 19, '金峰鄉', '2025-06-12 22:56:59', '2025-06-12 22:56:59'),
(351, 19, '達仁鄉', '2025-06-12 22:56:59', '2025-06-12 22:56:59'),
(352, 19, '蘭嶼鄉', '2025-06-12 22:56:59', '2025-06-12 22:56:59'),
(353, 20, '馬公市', '2025-06-12 22:56:59', '2025-06-12 22:56:59'),
(354, 20, '湖西鄉', '2025-06-12 22:56:59', '2025-06-12 22:56:59'),
(355, 20, '白沙鄉', '2025-06-12 22:56:59', '2025-06-12 22:56:59'),
(356, 20, '西嶼鄉', '2025-06-12 22:56:59', '2025-06-12 22:56:59'),
(357, 20, '望安鄉', '2025-06-12 22:56:59', '2025-06-12 22:56:59'),
(358, 20, '七美鄉', '2025-06-12 22:56:59', '2025-06-12 22:56:59'),
(359, 21, '金城鎮', '2025-06-12 22:56:59', '2025-06-12 22:56:59'),
(360, 21, '金湖鎮', '2025-06-12 22:56:59', '2025-06-12 22:56:59'),
(361, 21, '金沙鎮', '2025-06-12 22:56:59', '2025-06-12 22:56:59'),
(362, 21, '金寧鄉', '2025-06-12 22:56:59', '2025-06-12 22:56:59'),
(363, 21, '烈嶼鄉', '2025-06-12 22:56:59', '2025-06-12 22:56:59'),
(364, 21, '烏坵鄉', '2025-06-12 22:56:59', '2025-06-12 22:56:59'),
(365, 22, '南竿鄉', '2025-06-12 22:56:59', '2025-06-12 22:56:59'),
(366, 22, '北竿鄉', '2025-06-12 22:56:59', '2025-06-12 22:56:59'),
(367, 22, '莒光鄉', '2025-06-12 22:56:59', '2025-06-12 22:56:59'),
(368, 22, '東引鄉', '2025-06-12 22:56:59', '2025-06-12 22:56:59');

-- --------------------------------------------------------

--
-- 資料表結構 `hashtag`
--

CREATE TABLE `hashtag` (
  `id` int(11) NOT NULL,
  `name` varchar(100) NOT NULL
) ENGINE=InnoDB DEFAULT CHARSET=utf8mb4 COLLATE=utf8mb4_general_ci;

--
-- 傾印資料表的資料 `hashtag`
--

INSERT INTO `hashtag` (`id`, `name`) VALUES
(1, '新品黑膠販售'),
(2, '二手黑膠販售'),
(3, '黑膠機器販售'),
(4, '黑膠機器維修'),
(5, '二手黑膠收購'),
(6, '定期優惠活動'),
(7, '展演空間'),
(8, '黑膠清洗服務'),
(9, '黑膠現場試聽');

-- --------------------------------------------------------

--
-- 資料表結構 `images`
--

CREATE TABLE `images` (
  `id` int(11) NOT NULL,
  `url` varchar(200) DEFAULT NULL,
  `o_vinyl_id` int(11) DEFAULT NULL
) ENGINE=InnoDB DEFAULT CHARSET=utf8mb4 COLLATE=utf8mb4_general_ci;

--
-- 傾印資料表的資料 `images`
--

INSERT INTO `images` (`id`, `url`, `o_vinyl_id`) VALUES
(1, 'https://www.shsmusic.tw/module/smallimg3.php?path=product/pro_20241121024505_0.jpg&w=800&h=800', 4),
(2, 'https://www.shsmusic.tw/module/smallimg3.php?path=product/pro_20241121024505_0.jpg&w=800&h=800', 5),
(3, 'https://www.shsmusic.tw/module/smallimg3.php?path=product/pro_20241121024505_0.jpg&w=800&h=800', 7),
(4, 'https://www.shsmusic.tw/module/smallimg3.php?path=product/pro_20241121050636_0.jpg&w=800&h=800', 8),
(5, 'https://www.shsmusic.tw/module/smallimg3.php?path=product/pro_20241121051143_0.jpg&w=800&h=800', 9),
(6, 'https://www.shsmusic.tw/module/smallimg3.php?path=product/pro_20241121051507_0.jpg&w=800&h=800', 10),
(7, 'https://www.shsmusic.tw/module/smallimg3.php?path=product/pro_20241202030526_0.jpg&w=800&h=800', 11),
(8, 'https://www.shsmusic.tw/module/smallimg3.php?path=product/pro_20241203103429_0.jpg&w=800&h=800', 12),
(9, '1749377696.jpg', NULL),
(10, '1749438048.jpg', NULL),
(11, '1749438215.jpg', NULL),
(12, '1749440874.jpg', NULL),
(13, '1749440922.jpg', NULL),
(14, '1749455059.jpg', NULL),
(15, '1749458231.jpg', NULL),
(16, 'https://www.shsmusic.tw/module/smallimg3.php?path=product/pro_20241121030137_0.jpg&w=800&h=800', 16),
(17, 'https://www.shsmusic.tw/module/smallimg3.php?path=product/pro_20241121032020_0.jpg&w=800&h=800', 17),
(18, 'https://www.shsmusic.tw/module/smallimg3.php?path=product/pro_20241121033410_1.jpg&w=800&h=800', 18),
(19, 'https://www.shsmusic.tw/module/smallimg3.php?path=product/pro_20241121033731_0.jpg&w=800&h=800', 19),
(20, 'https://www.shsmusic.tw/module/smallimg3.php?path=product/pro_20241121034227_0.jpg&w=800&h=800', 20),
(21, 'https://www.shsmusic.tw/module/smallimg3.php?path=product/pro_20241122033808_0.jpg&w=800&h=800', 21),
(22, 'https://www.shsmusic.tw/module/smallimg3.php?path=product/pro_20241128083546_0.jpg&w=800&h=800', 22),
(23, 'https://www.shsmusic.tw/module/smallimg3.php?path=product/pro_20241129050844_0.jpeg&w=800&h=800', 23),
(24, 'https://www.shsmusic.tw/module/smallimg3.php?path=product/pro_20241130041125_0.jpg&w=800&h=800', 24),
(25, 'https://www.shsmusic.tw/module/smallimg3.php?path=product/pro_20241205011013_0.jpg&w=800&h=800', 25),
(26, 'https://www.shsmusic.tw/module/smallimg3.php?path=product/pro_20241206012111_1.jpg&w=800&h=800', 26),
(27, 'https://www.shsmusic.tw/module/smallimg3.php?path=product/pro_20241206044018_0.jpg&w=800&h=800', 27),
(28, 'https://www.shsmusic.tw/module/smallimg3.php?path=product/pro_20241206044243_0.jpg&w=800&h=800', 28),
(29, 'https://www.shsmusic.tw/module/smallimg3.php?path=product/pro_20241209022144_0.jpg&w=800&h=800', 29),
(30, 'https://www.shsmusic.tw/module/smallimg3.php?path=product/pro_20241216104411_0.jpg&w=800&h=800', 30),
(31, 'https://www.shsmusic.tw/module/smallimg3.php?path=product/pro_20241217040812_0.jpg&w=800&h=800', 31),
(32, 'https://www.shsmusic.tw/module/smallimg3.php?path=product/pro_20241218121942_0.jpg&w=800&h=800', 32),
(33, 'https://www.shsmusic.tw/module/smallimg3.php?path=product/pro_20241225105722_1.jpg&w=800&h=800', 33),
(34, 'https://www.shsmusic.tw/module/smallimg3.php?path=product/pro_20241230124715_0.jpg&w=800&h=800', 34),
(35, 'https://www.shsmusic.tw/module/smallimg3.php?path=product/pro_20250102051745_0.jpg&w=800&h=800', 35),
(36, '1749537319.png', NULL),
(37, 'https://www.shsmusic.tw/module/smallimg3.php?path=product/88875113241.jpg&w=800&h=800', 37),
(38, 'https://www.shsmusic.tw/module/smallimg3.php?path=product/88875113251.jpg&w=800&h=800', 38),
(39, 'https://www.shsmusic.tw/module/smallimg3.php?path=product/88875113261.jpg&w=800&h=800', 39),
(40, 'https://www.shsmusic.tw/module/smallimg3.php?path=product/pro_20230805042604_0.jpg&w=800&h=800', 40),
(41, 'https://www.shsmusic.tw/module/smallimg3.php?path=product/2564656877.jpg&w=800&h=800', 41),
(42, 'https://www.shsmusic.tw/module/smallimg3.php?path=product/pro_20240507122654_0.jpg&w=800&h=800', 42),
(43, 'https://www.shsmusic.tw/module/smallimg3.php?path=product/pro_20230203042048_0.jpg&w=800&h=800', 43),
(44, 'https://www.shsmusic.tw/module/smallimg3.php?path=product/88875099781.jpg&w=800&h=800', 44),
(45, 'https://www.shsmusic.tw/module/smallimg3.php?path=product/4795120.jpg&w=800&h=800', 45),
(46, 'https://www.shsmusic.tw/module/smallimg3.php?path=product/pro_20250213113250_0.jpg&w=800&h=800', 46),
(47, 'https://www.shsmusic.tw/module/smallimg3.php?path=product/pro_20240402025538_0.jpg&w=800&h=800', 47),
(48, 'https://www.shsmusic.tw/module/smallimg3.php?path=product/88875057597.jpg&w=800&h=800', 48),
(49, 'https://www.shsmusic.tw/module/smallimg3.php?path=product/88875077627.jpg&w=800&h=800', 49),
(50, 'https://www.shsmusic.tw/module/smallimg3.php?path=product/pro_20240417042307_0.jpg&w=800&h=800', 50),
(51, 'https://www.shsmusic.tw/module/smallimg3.php?path=product/MOVATM038.jpg&w=800&h=800', 51),
(52, 'https://www.shsmusic.tw/module/smallimg3.php?path=product/pro_20231223111019_0.jpg&w=800&h=800', 52),
(53, 'https://www.shsmusic.tw/module/smallimg3.php?path=product/pro_20240618050521_0.jpg&w=800&h=800', 53),
(54, 'https://www.shsmusic.tw/module/nopic.jpg', 54),
(55, 'https://www.shsmusic.tw/module/smallimg3.php?path=product/pro_20230211101509_0.jpg&w=800&h=800', 55),
(56, 'https://www.shsmusic.tw/module/smallimg3.php?path=product/2564604914.jpg&w=800&h=800', 56),
(57, 'https://www.shsmusic.tw/module/smallimg3.php?path=product/4793189.jpg&w=800&h=800', 57),
(58, 'https://www.shsmusic.tw/module/smallimg3.php?path=product/pro_20230523044856_0.jpg&w=800&h=800', 58),
(59, 'https://www.shsmusic.tw/module/smallimg3.php?path=product/0885470006512.jpg&w=800&h=800', 59),
(60, 'https://www.shsmusic.tw/module/smallimg3.php?path=product/4795299.jpg&w=800&h=800', 60),
(61, 'https://www.shsmusic.tw/module/smallimg3.php?path=product/pro_20230807014206_0.jpeg&w=800&h=800', 61),
(62, 'https://www.shsmusic.tw/module/smallimg3.php?path=product/pro_20230817034514_0.jpg&w=800&h=800', 62),
(63, 'https://www.shsmusic.tw/module/smallimg3.php?path=product/0209874MSW.jpg&w=800&h=800', 63),
(64, 'https://www.shsmusic.tw/module/smallimg3.php?path=product/FXLP200.jpg&w=800&h=800', 64),
(65, '1749648838.jpg', NULL),
(66, '1749649243.jpg', NULL),
(67, 'https://www.shsmusic.tw/module/smallimg3.php?path=product/pro_20240603051956_0.jpg&w=800&h=800', 65),
(68, 'https://www.shsmusic.tw/module/smallimg3.php?path=product/pro_20240604124656_0.jpg&w=800&h=800', 66),
(69, 'https://www.shsmusic.tw/module/smallimg3.php?path=product/pro_20240604050309_0.jpg&w=800&h=800', 67),
(70, 'https://www.shsmusic.tw/module/smallimg3.php?path=product/pro_20240604053527_0.jpg&w=800&h=800', 68),
(71, 'https://www.shsmusic.tw/module/smallimg3.php?path=product/pro_20240604053913_0.jpg&w=800&h=800', 69),
(72, 'https://www.shsmusic.tw/module/smallimg3.php?path=product/pro_20240604054157_0.jpg&w=800&h=800', 70),
(73, 'https://www.shsmusic.tw/module/smallimg3.php?path=product/pro_20240604055814_1.jpg&w=800&h=800', 71),
(74, 'https://www.shsmusic.tw/module/smallimg3.php?path=product/pro_20240604060136_1.jpg&w=800&h=800', 72),
(75, 'https://www.shsmusic.tw/module/smallimg3.php?path=product/pro_20240605111756_0.jpg&w=800&h=800', 73),
(76, 'https://www.shsmusic.tw/module/smallimg3.php?path=product/pro_20240605112817_0.jpg&w=800&h=800', 74),
(77, 'https://www.shsmusic.tw/module/smallimg3.php?path=product/pro_20240605013435_0.jpg&w=800&h=800', 75),
(78, 'https://www.shsmusic.tw/module/smallimg3.php?path=product/pro_20240605042906_0.jpg&w=800&h=800', 76),
(79, 'https://www.shsmusic.tw/module/smallimg3.php?path=product/pro_20240605043738_0.jpg&w=800&h=800', 77),
(80, 'https://www.shsmusic.tw/module/smallimg3.php?path=product/pro_20240606121801_2.jpg&w=800&h=800', 78),
(81, 'https://www.shsmusic.tw/module/smallimg3.php?path=product/pro_20240607113752_0.jpg&w=800&h=800', 79),
(82, 'https://www.shsmusic.tw/module/smallimg3.php?path=product/pro_20240607020450_0.jpg&w=800&h=800', 80),
(83, 'https://www.shsmusic.tw/module/smallimg3.php?path=product/pro_20240607021621_0.jpg&w=800&h=800', 81),
(84, 'https://www.shsmusic.tw/module/smallimg3.php?path=product/pro_20240608020219_1.jpg&w=800&h=800', 82),
(85, 'https://www.shsmusic.tw/module/smallimg3.php?path=product/pro_20240608054907_0.jpg&w=800&h=800', 83),
(86, 'https://www.shsmusic.tw/module/smallimg3.php?path=product/pro_20240611113544_0.jpg&w=800&h=800', 84),
(87, 'https://www.shsmusic.tw/module/smallimg3.php?path=product/pro_20240611123707_0.jpg&w=800&h=800', 85),
(88, 'https://www.shsmusic.tw/module/smallimg3.php?path=product/pro_20240613104640_0.jpg&w=800&h=800', 86),
(89, 'https://www.shsmusic.tw/module/smallimg3.php?path=product/pro_20240613112714_0.jpg&w=800&h=800', 87),
(90, 'https://www.shsmusic.tw/module/smallimg3.php?path=product/pro_20240613121257_0.jpg&w=800&h=800', 88),
(91, 'https://www.shsmusic.tw/module/smallimg3.php?path=product/pro_20240613013905_0.jpg&w=800&h=800', 89),
(92, 'https://www.shsmusic.tw/module/smallimg3.php?path=product/pro_20240613014340_0.jpg&w=800&h=800', 90),
(93, 'https://www.shsmusic.tw/module/smallimg3.php?path=product/pro_20240613042614_0.jpg&w=800&h=800', 91),
(94, 'https://www.shsmusic.tw/module/smallimg3.php?path=product/pro_20240613050020_0.jpg&w=800&h=800', 92),
(95, 'https://www.shsmusic.tw/module/smallimg3.php?path=product/pro_20240614012140_0.jpg&w=800&h=800', 93),
(96, 'https://www.shsmusic.tw/module/smallimg3.php?path=product/pro_20240615025508_0.jpg&w=800&h=800', 94),
(97, 'https://www.shsmusic.tw/module/smallimg3.php?path=product/pro_20240615030148_0.jpg&w=800&h=800', 95),
(98, 'https://www.shsmusic.tw/module/smallimg3.php?path=product/pro_20240617010847_0.jpg&w=800&h=800', 96),
(99, 'https://www.shsmusic.tw/module/smallimg3.php?path=product/pro_20240617011639_0.jpg&w=800&h=800', 97),
(100, 'https://www.shsmusic.tw/module/smallimg3.php?path=product/pro_20240617052245_0.jpg&w=800&h=800', 98),
(101, 'https://www.shsmusic.tw/module/smallimg3.php?path=product/pro_20241206025951_0.jpg&w=800&h=800', 99),
(102, 'https://www.shsmusic.tw/module/smallimg3.php?path=product/pro_20240618122123_0.jpg&w=800&h=800', 100),
(103, 'https://www.shsmusic.tw/module/smallimg3.php?path=product/pro_20240618123444_0.jpg&w=800&h=800', 101),
(104, 'https://www.shsmusic.tw/module/smallimg3.php?path=product/pro_20240618123825_0.jpg&w=800&h=800', 102),
(105, 'https://www.shsmusic.tw/module/smallimg3.php?path=product/pro_20240618124130_0.jpg&w=800&h=800', 103),
(106, 'https://www.shsmusic.tw/module/smallimg3.php?path=product/pro_20240619030826_0.jpg&w=800&h=800', 104),
(107, 'https://www.shsmusic.tw/module/smallimg3.php?path=product/pro_20240620120808_0.jpg&w=800&h=800', 105),
(108, 'https://www.shsmusic.tw/module/smallimg3.php?path=product/pro_20240622043314_0.jpg&w=800&h=800', 106),
(109, 'https://www.shsmusic.tw/module/smallimg3.php?path=product/pro_20240625050148_0.jpg&w=800&h=800', 107),
(110, 'https://www.shsmusic.tw/module/smallimg3.php?path=product/pro_20240626104938_0.jpg&w=800&h=800', 108),
(111, 'https://www.shsmusic.tw/module/smallimg3.php?path=product/pro_20240626105644_0.jpg&w=800&h=800', 109),
(112, 'https://www.shsmusic.tw/module/smallimg3.php?path=product/pro_20240626110657_0.jpg&w=800&h=800', 110),
(113, 'https://www.shsmusic.tw/module/smallimg3.php?path=product/pro_20240626111459_0.jpg&w=800&h=800', 111),
(114, 'https://www.shsmusic.tw/module/smallimg3.php?path=product/pro_20240627054850_0.jpg&w=800&h=800', 112),
(115, 'https://www.shsmusic.tw/module/smallimg3.php?path=product/pro_20240628013821_0.jpg&w=800&h=800', 113),
(116, 'https://www.shsmusic.tw/module/smallimg3.php?path=product/pro_20240628015324_0.jpg&w=800&h=800', 114),
(117, 'https://www.shsmusic.tw/module/smallimg3.php?path=product/pro_20240629034350_0.jpg&w=800&h=800', 115),
(118, 'https://www.shsmusic.tw/module/smallimg3.php?path=product/pro_20240828014402_1.jpg&w=800&h=800', 116),
(119, 'https://www.shsmusic.tw/module/smallimg3.php?path=product/pro_20240703052811_0.jpg&w=800&h=800', 117),
(120, 'https://www.shsmusic.tw/module/smallimg3.php?path=product/pro_20240706112212_2.jpg&w=800&h=800', 118),
(121, 'https://www.shsmusic.tw/module/smallimg3.php?path=product/pro_20240710103045_2.jpg&w=800&h=800', 119),
(122, 'https://www.shsmusic.tw/module/smallimg3.php?path=product/pro_20240727035228_0.jpg&w=800&h=800', 120),
(123, 'https://www.shsmusic.tw/module/smallimg3.php?path=product/pro_20240715102942_0.jpg&w=800&h=800', 121),
(124, 'https://www.shsmusic.tw/module/smallimg3.php?path=product/pro_20240717020825_0.jpg&w=800&h=800', 122),
(125, 'https://www.shsmusic.tw/module/smallimg3.php?path=product/pro_20240717031045_0.jpg&w=800&h=800', 123),
(126, 'https://www.shsmusic.tw/module/smallimg3.php?path=product/pro_20240717032104_0.jpg&w=800&h=800', 124),
(127, 'https://www.shsmusic.tw/module/smallimg3.php?path=product/pro_20240723022054_0.jpg&w=800&h=800', 125),
(128, 'https://www.shsmusic.tw/module/smallimg3.php?path=product/pro_20240717040524_0.jpg&w=800&h=800', 126),
(129, 'https://www.shsmusic.tw/module/smallimg3.php?path=product/pro_20240717041224_0.jpg&w=800&h=800', 127),
(130, 'https://www.shsmusic.tw/module/smallimg3.php?path=product/pro_20240717042042_0.jpg&w=800&h=800', 128),
(131, 'https://www.shsmusic.tw/module/smallimg3.php?path=product/pro_20240717042306_0.jpg&w=800&h=800', 129),
(132, 'https://www.shsmusic.tw/module/smallimg3.php?path=product/pro_20240717042532_0.jpg&w=800&h=800', 130),
(133, 'https://www.shsmusic.tw/module/smallimg3.php?path=product/pro_20240720115648_0.jpg&w=800&h=800', 131),
(134, 'https://www.shsmusic.tw/module/smallimg3.php?path=product/pro_20240720032105_0.jpg&w=800&h=800', 132),
(135, 'https://www.shsmusic.tw/module/smallimg3.php?path=product/pro_20240722020450_0.jpg&w=800&h=800', 133),
(136, 'https://www.shsmusic.tw/module/smallimg3.php?path=product/pro_20240723024632_0.jpg&w=800&h=800', 134),
(137, 'https://www.shsmusic.tw/module/smallimg3.php?path=product/pro_20240723025547_0.jpg&w=800&h=800', 135),
(138, 'https://www.shsmusic.tw/module/smallimg3.php?path=product/pro_20240726045322_0.jpg&w=800&h=800', 136),
(139, 'https://www.shsmusic.tw/module/smallimg3.php?path=product/pro_20240730050136_0.jpg&w=800&h=800', 137),
(140, 'https://www.shsmusic.tw/module/smallimg3.php?path=product/pro_20240801105516_0.jpg&w=800&h=800', 138),
(141, 'https://www.shsmusic.tw/module/smallimg3.php?path=product/pro_20240803103919_0.jpg&w=800&h=800', 139),
(142, 'https://www.shsmusic.tw/module/smallimg3.php?path=product/pro_20240803032451_0.jpg&w=800&h=800', 140),
(143, 'https://www.shsmusic.tw/module/smallimg3.php?path=product/pro_20240803033933_0.jpg&w=800&h=800', 141),
(144, 'https://www.shsmusic.tw/module/smallimg3.php?path=product/pro_20240803034559_0.jpg&w=800&h=800', 142),
(145, 'https://www.shsmusic.tw/module/smallimg3.php?path=product/pro_20240805042529_0.jpg&w=800&h=800', 143),
(146, 'https://www.shsmusic.tw/module/smallimg3.php?path=product/pro_20240805042805_0.jpg&w=800&h=800', 144),
(147, 'https://www.shsmusic.tw/module/smallimg3.php?path=product/pro_20240805043203_0.jpg&w=800&h=800', 145),
(148, 'https://www.shsmusic.tw/module/smallimg3.php?path=product/pro_20240812041703_0.jpg&w=800&h=800', 146),
(149, 'https://www.shsmusic.tw/module/smallimg3.php?path=product/pro_20240928125223_0.jpg&w=800&h=800', 147),
(150, 'https://www.shsmusic.tw/module/smallimg3.php?path=product/pro_20240928125259_0.jpg&w=800&h=800', 148),
(151, 'https://www.shsmusic.tw/module/smallimg3.php?path=product/pro_20240807035341_0.jpg&w=800&h=800', 149),
(152, 'https://www.shsmusic.tw/module/smallimg3.php?path=product/pro_20240808030502_0.jpg&w=800&h=800', 150),
(153, 'https://www.shsmusic.tw/module/smallimg3.php?path=product/pro_20240810033728_0.jpg&w=800&h=800', 151),
(154, 'https://www.shsmusic.tw/module/smallimg3.php?path=product/pro_20240813011552_0.jpg&w=800&h=800', 152),
(155, 'https://www.shsmusic.tw/module/smallimg3.php?path=product/pro_20240813042537_0.jpg&w=800&h=800', 153),
(156, 'https://www.shsmusic.tw/module/smallimg3.php?path=product/pro_20240816053611_0.jpg&w=800&h=800', 154),
(157, 'https://www.shsmusic.tw/module/smallimg3.php?path=product/pro_20240928125417_0.jpg&w=800&h=800', 155),
(158, 'https://www.shsmusic.tw/module/smallimg3.php?path=product/pro_20240823020453_0.jpg&w=800&h=800', 156),
(159, 'https://www.shsmusic.tw/module/smallimg3.php?path=product/pro_20240823040459_0.jpg&w=800&h=800', 157),
(160, 'https://www.shsmusic.tw/module/smallimg3.php?path=product/pro_20240824034156_0.jpg&w=800&h=800', 158),
(161, 'https://www.shsmusic.tw/module/smallimg3.php?path=product/pro_20240827032010_0.jpg&w=800&h=800', 159),
(162, 'https://www.shsmusic.tw/module/smallimg3.php?path=product/pro_20240827033603_0.jpg&w=800&h=800', 160),
(163, 'https://www.shsmusic.tw/module/smallimg3.php?path=product/pro_20250410092605_0.jpg&w=800&h=800', 161),
(164, 'https://www.shsmusic.tw/module/smallimg3.php?path=product/pro_20240828051532_0.jpg&w=800&h=800', 162),
(165, 'https://www.shsmusic.tw/module/smallimg3.php?path=product/pro_20240906050542_1.jpg&w=800&h=800', 163),
(166, 'https://www.shsmusic.tw/module/smallimg3.php?path=product/pro_20240912051734_0.jpg&w=800&h=800', 164),
(167, 'https://www.shsmusic.tw/module/smallimg3.php?path=product/pro_20241205033427_1.jpg&w=800&h=800', 165),
(168, 'https://www.shsmusic.tw/module/smallimg3.php?path=product/pro_20241213102130_0.jpg&w=800&h=800', 166),
(169, 'https://www.shsmusic.tw/module/smallimg3.php?path=product/pro_20241005102444_0.jpg&w=800&h=800', 167),
(170, 'https://www.shsmusic.tw/module/smallimg3.php?path=product/pro_20241005105326_0.jpg&w=800&h=800', 168),
(171, 'https://www.shsmusic.tw/module/smallimg3.php?path=product/pro_20241007101411_0.jpg&w=800&h=800', 169),
(172, 'https://www.shsmusic.tw/module/smallimg3.php?path=product/pro_20241007101737_0.jpg&w=800&h=800', 170),
(173, 'https://www.shsmusic.tw/module/smallimg3.php?path=product/pro_20241011112035_0.jpg&w=800&h=800', 171),
(174, 'https://www.shsmusic.tw/module/smallimg3.php?path=product/pro_20241011113206_0.jpg&w=800&h=800', 172),
(175, 'https://www.shsmusic.tw/module/smallimg3.php?path=product/pro_20241013105211_0.jpg&w=800&h=800', 173),
(176, 'https://www.shsmusic.tw/module/smallimg3.php?path=product/pro_20241022035327_0.jpg&w=800&h=800', 174),
(177, 'https://www.shsmusic.tw/module/smallimg3.php?path=product/pro_20241025050823_0.jpg&w=800&h=800', 175),
(178, 'https://www.shsmusic.tw/module/smallimg3.php?path=product/pro_20241102102907_0.jpg&w=800&h=800', 176),
(179, 'https://www.shsmusic.tw/module/smallimg3.php?path=product/pro_20241102103357_0.jpg&w=800&h=800', 177),
(180, 'https://www.shsmusic.tw/module/smallimg3.php?path=product/pro_20241122033808_0.jpg&w=800&h=800', 178),
(181, 'https://www.shsmusic.tw/module/smallimg3.php?path=product/pro_20241128083546_0.jpg&w=800&h=800', 179),
(182, 'https://www.shsmusic.tw/module/smallimg3.php?path=product/pro_20241206012111_1.jpg&w=800&h=800', 180),
(183, 'https://www.shsmusic.tw/module/smallimg3.php?path=product/pro_20241206044018_0.jpg&w=800&h=800', 181),
(184, 'https://www.shsmusic.tw/module/smallimg3.php?path=product/pro_20241206044243_0.jpg&w=800&h=800', 182),
(185, 'https://www.shsmusic.tw/module/smallimg3.php?path=product/pro_20241206044759_0.jpg&w=800&h=800', 183),
(186, 'https://www.shsmusic.tw/module/smallimg3.php?path=product/PPAN002.jpg&w=800&h=800', 184),
(187, 'https://www.shsmusic.tw/module/smallimg3.php?path=product/88875140841.jpg&w=800&h=800', 185),
(188, 'https://www.shsmusic.tw/module/smallimg3.php?path=product/88875150177.jpg&w=800&h=800', 186),
(189, 'https://www.shsmusic.tw/module/smallimg3.php?path=product/88875146151.jpg&w=800&h=800', 187),
(190, 'https://www.shsmusic.tw/module/smallimg3.php?path=product/88875137051.jpg&w=800&h=800', 188),
(191, 'https://www.shsmusic.tw/module/smallimg3.php?path=product/88875157581.jpg&w=800&h=800', 189),
(192, 'https://www.shsmusic.tw/module/smallimg3.php?path=product/88875124431.jpg&w=800&h=800', 190),
(193, 'https://www.shsmusic.tw/module/smallimg3.php?path=product/pro_20230211051416_0.jpg&w=800&h=800', 191),
(194, 'https://www.shsmusic.tw/module/smallimg3.php?path=product/8122795427.jpg&w=800&h=800', 192),
(195, 'https://www.shsmusic.tw/module/smallimg3.php?path=product/pro_20240925021019_0.jpg&w=800&h=800', 193),
(196, 'https://www.shsmusic.tw/module/smallimg3.php?path=product/8122797160.jpg&w=800&h=800', 194),
(197, 'https://www.shsmusic.tw/module/smallimg3.php?path=product/CUP016.jpg&w=800&h=800', 195),
(198, 'https://www.shsmusic.tw/module/smallimg3.php?path=product/CUR016.jpg&w=800&h=800', 196),
(199, 'https://www.shsmusic.tw/module/smallimg3.php?path=product/OZ1056LP.jpg&w=800&h=800', 197),
(200, 'https://www.shsmusic.tw/module/smallimg3.php?path=product/2530653.jpg&w=800&h=800', 198),
(201, 'https://www.shsmusic.tw/module/smallimg3.php?path=product/pro_20231002021522_0.jpg&w=800&h=800', 199),
(202, 'https://www.shsmusic.tw/module/smallimg3.php?path=product/88875139881.jpg&w=800&h=800', 200),
(203, 'https://www.shsmusic.tw/module/smallimg3.php?path=product/pro_20240617013345_0.jpg&w=800&h=800', 201),
(204, 'https://www.shsmusic.tw/module/smallimg3.php?path=product/pro_20231103042821_0.jpg&w=800&h=800', 202),
(205, 'https://www.shsmusic.tw/module/smallimg3.php?path=product/pro_20241012101917_0.jpg&w=800&h=800', 203),
(206, 'https://www.shsmusic.tw/module/smallimg3.php?path=product/8106221.jpg&w=800&h=800', 204),
(207, '1749719011.jpg', NULL);

-- --------------------------------------------------------

--
-- 資料表結構 `lp`
--

CREATE TABLE `lp` (
  `id` int(11) NOT NULL,
  `size` varchar(20) DEFAULT NULL
) ENGINE=InnoDB DEFAULT CHARSET=utf8mb4 COLLATE=utf8mb4_general_ci;

--
-- 傾印資料表的資料 `lp`
--

INSERT INTO `lp` (`id`, `size`) VALUES
(1, '1LP'),
(2, '2LP'),
(3, '3LP'),
(4, '4LP'),
(5, '5LP以上');

-- --------------------------------------------------------

--
-- 資料表結構 `main_category`
--

CREATE TABLE `main_category` (
  `id` int(11) NOT NULL,
  `title` varchar(20) NOT NULL,
  `main_category_id` int(11) DEFAULT NULL
) ENGINE=InnoDB DEFAULT CHARSET=utf8mb4 COLLATE=utf8mb4_general_ci;

--
-- 傾印資料表的資料 `main_category`
--

INSERT INTO `main_category` (`id`, `title`, `main_category_id`) VALUES
(1, '古典', NULL),
(2, '爵士', NULL),
(3, '西洋', NULL),
(4, '華語', NULL),
(5, '日韓', NULL),
(6, '原聲帶', NULL);

-- --------------------------------------------------------

--
-- 資料表結構 `o_vinyl`
--

CREATE TABLE `o_vinyl` (
  `id` int(11) NOT NULL,
  `name` varchar(100) NOT NULL,
  `listing_date` datetime DEFAULT NULL,
  `price` int(11) NOT NULL,
  `stock` int(11) NOT NULL DEFAULT 1,
  `main_category_id` int(11) NOT NULL,
  `sub_category_id` int(11) DEFAULT NULL,
  `image_id` int(11) DEFAULT NULL,
  `condition_id` int(11) DEFAULT NULL,
  `status_id` int(11) DEFAULT NULL,
  `release_date` date DEFAULT NULL,
  `company_id` int(11) DEFAULT NULL,
  `lp_id` int(11) DEFAULT NULL,
  `list` text DEFAULT NULL,
  `desc` varchar(500) DEFAULT NULL,
  `is_valid` int(11) NOT NULL DEFAULT 1,
  `creatTime` datetime NOT NULL DEFAULT current_timestamp()
) ENGINE=InnoDB DEFAULT CHARSET=utf8mb4 COLLATE=utf8mb4_general_ci;

--
-- 傾印資料表的資料 `o_vinyl`
--

INSERT INTO `o_vinyl` (`id`, `name`, `listing_date`, `price`, `stock`, `main_category_id`, `sub_category_id`, `image_id`, `condition_id`, `status_id`, `release_date`, `company_id`, `lp_id`, `list`, `desc`, `is_valid`, `creatTime`) VALUES
(8, '普契尼：歌劇《波西米亞人》全曲 (豪華套裝黑膠限量版)Puccini : La Bohème', '2025-06-07 23:54:56', 3580, 0, 1, 4, 4, 4, 2, '2024-11-19', 42, 2, '0', '★麻質布紋外盒，精美原有文字與設計加上全新專文，A4收藏海報☆1972年原始母帶Remaster普契尼的《波西米亞人》是一部永恆的歌劇傑作，通過無與倫比的美麗和敏銳的音樂，傳遞出愛情的狂喜與痛苦，感動了世世代代的觀眾。這部作品不僅帶來無盡的喜悅，還能在悲劇的結尾深深打動聽眾。為紀念普契尼逝世百週年，笛卡公司將1972年由帕華洛帝、芙蕾妮、卡拉揚合作的經典錄音以高解析度24-bit 192 kHz轉錄，並附上一本豪華多語言精裝書。內容包括國際知名歌劇作家羅傑•派恩斯（Roger Pines）的全新專文；帕華洛帝、芙蕾妮和卡拉揚的個人特寫；笛卡新晉男高音托馬索撰寫的關於普契尼、帕華洛帝和《波西米亞人》的專文；完整的義大利語歌詞及英文、德文翻譯；錄音期間珍貴照片以及1920年代風格的《波西米亞人》A4收藏海報。專輯在1973年首度出版時，《留聲機》雜誌即稱「笛卡組建了一個超越以往版本的歌唱陣容」，並公認為帕華洛帝巔峰時期的最佳錄音。卡拉揚精通歌劇的每一個細節，通過樂團巧妙展現歌劇的內在戲劇性與浪漫精神；芙蕾妮與帕瓦洛第在第三幕告別二重唱，被《BBC音樂雜誌》讚為「足以讓石頭落淚', 1, '2025-06-09 10:41:49'),
(9, '天使的孩子與變奏曲(2024年再版)\nEnglaborn & Variuations', '2025-06-07 23:55:05', 1500, 3, 1, 5, 5, 2, 3, '2024-11-19', 7, 2, '0', '★經典名作¸母帶後製再次呈現 \n\n《天使的孩子》（Englabörn）是冰島作曲家約翰於2002年出版的第一張個人專輯。原有的母帶經過重新後製，加上約翰為電影《慈悲的汪洋》所寫的歌曲Karen Býr Til Engil，以及由國際知名音樂家，如：坂本龍一、音樂團體A Winged Victory for the Sullen與Theater of Voices、美國視覺藝術家與音樂家索梅爾斯，還有冰島鋼琴家維京古爾的重新創作變奏，以更豐潤完美的音質，由DG重新出版！\n\n約翰的作品被歸類在極簡主義的領域裡，也有人稱他是新古典主義作曲家，作品同時融合電子音樂與持續音音樂。《天使的孩子》原本是約翰為同名冰島戲劇所寫的音樂，經過重新修改與創作以後，透過弦樂四重奏、鋼琴、管風琴、鐘琴、打擊樂器以及電子樂器編制，從表現古羅馬詩人卡圖盧斯的著名詩歌《愛恨交織》開始，以十六首小曲表現出愛與恨等各種對立、正反兩面的情感間的平衡。每一首曲子都是獨立的作品，也都像是一幕戲劇場景。約翰的音樂非常細膩，像是集合各種不斷變化的情緒，但是聲響卻又能同時保持簡潔深刻。', 1, '2025-06-09 10:41:49'),
(10, '索柯洛夫演奏莫札特、普賽爾鋼琴作品輯\nPurcell & Mozart', '2025-06-07 23:55:12', 1680, 1, 1, 1, 6, 1, 1, '2024-11-19', 7, 3, '0', '告別協奏曲、室內樂音樂會以及錄音室後，索柯洛夫全心投入獨奏會。每個樂季，他僅安排一套曲目，昏暗的燈光、特有的進場與退場方式，以及全神貫注於史坦威鋼琴前的魁梧身影，這些都成為索柯洛夫迷人魅力的一部分。他在歐洲的獨奏會已經成為許多忠實愛樂者的朝聖之旅。\n\n在2022/2023樂季，索柯洛夫將約七十場演出的重心放在莫札特和普賽爾的作品上，展示這兩位作曲家共同的魅力與憂鬱。這張專輯匯集了他在西班牙的兩場演出：上半場來自八月十八日在桑坦德坎塔布里亞節慶宮的獨奏會，莫札特第十三號鋼琴奏鳴曲與為鋼琴而寫的慢板則是兩天前在聖塞巴斯提安音樂節的演出實況。\n\n在普賽爾的作品中，索柯洛夫展現了細膩平衡的觸鍵、柔和多變的斷奏、狂熱的顫音與清晰的高音聲部，再加上音樂線條的透明度，這些都是在大鍵琴上難以實現的。而在莫札特的作品裡，索柯洛夫注入了清晰的重音和孩童般的純真、深刻的憂鬱與平靜等待命運的溫柔哀嘆，完美結合了巴洛克的魅力與古典的優雅。\n\n每場演出結束後，索柯洛夫都安排了五到六首安可曲。從拉摩的《野人》、E小調鈴鼓舞曲，到蕭邦的《雨滴前奏曲》與F小調馬祖卡舞曲，每首曲目都為這段音樂之旅增添了深度。專輯以西洛季', 1, '2025-06-09 10:41:49'),
(11, 'When Sunny Gets Blue', '2025-06-07 23:59:59', 1380, 1, 2, 8, 7, 1, 1, '2024-11-08', 65, 1, '1', 'The last of the seven recordings Chet Baker made for SteepleChase is from 1986. Chet visited Copenhagen in February 1986 to make a TV show and then went into a Copenhagen studio with American/European first-rate rhythm section. It was two years before his tragic and untimely death in Amsterdam at age 58. Bakers life was still shaky but productive as far as recordings and live performance are concerned.', 1, '2025-06-09 10:41:49'),
(12, 'Way out West (Contemporary Records Acoustic Sounds Series edition)', '2025-06-08 00:00:12', 1280, 1, 2, 8, 8, 1, 1, '2024-12-06', 9, 1, '1', 'Sonny Rollins 向西部片致敬的概念專輯大碟！ \n企鵝爵士評鑑三星半、ＡＭＧ 五顆星高分評價！ \n\n啟發了 1950 年代爵士樂即興演奏的次中音薩克斯風大師 Sonny Rollins，在 1957 年三月加入 Max Roach 五重奏時，有感於許多紐約年輕人是在西部片陪伴之下成長的，而啟發了他以前進西方、漫遊在西方大地作為概念，創造出一張專輯；他在凌晨三點開始進行了長達四小時的錄音，以充滿熱情、溫潤飽滿的樂音，讓聽眾彷彿感受到神遊廣大的美國大西部所帶來的感觸與震撼。', 1, '2025-06-09 10:41:49'),
(16, '鋼鐵帝國(黑白飛濺彩膠)\nBritish Steel (Black & White Splatter Vinyl )', '2025-06-10 10:32:01', 1080, 1, 3, 14, 16, 1, 1, '2024-11-08', 2, 1, '0', '★葛萊美「最佳金屬演出」+MTV台「史上偉大金屬樂團」+VH1頻道「史上最偉大藝人」等多重榮耀加持的英國金屬之神，1980年第六張錄音室專輯，全新進口黑白飛濺彩膠版本\n★全英排行榜TOP 4，滾石雜誌評鑑史上百大金屬樂專輯排行第三名，開啟1980年代搖滾盛世之金屬曠世經典\n★收錄\"Breaking the Law\" , \"Living After Midnight\" 等搖滾經典\n\n冠以「金屬之神Metal Gods」封號的Judas Priest，少數經歷搖滾黃金年代、另類搖滾崛起、搖滾式微的改朝換代，完全不受後起新秀的威脅，依然屹立不搖持續發行叱吒排行作品！拿下葛萊美「最佳金屬演出」喝采，榮登MTV台「史上偉大金屬樂團」亞軍，進入VH1頻道「史上最偉大藝人」以及「搖滾榮耀」行列，全球突破5000萬張銷售量\n就如同重金屬名團Anthrax吉他手Scott Ian所說，這是一張真正定義重金屬的專輯。發行於1980年，巧妙地將搖滾注入更具侵略性的音量，更加琢磨每首歌的旋律感，終於獲得商業成功，打入主流市場，正式開啟80年代重金屬樂團大爆發。\n ', 1, '2025-06-10 10:56:34'),
(17, '最後一片落葉(落葉色雙彩膠)\nLast Leaf On The Tree', '2025-06-10 10:32:11', 1480, 1, 3, 12, 17, 1, 1, '2024-11-08', 2, 2, '0', '★葛萊美獎鄉村搖滾傳奇，第76張個人錄音室專輯，全新進口落葉色雙彩膠版本\n★歡慶91歲大壽，由兒子專輯Micah Nelson操刀製作，收錄完美重新演繹Tom Waits, Neil Young, Keith Richards, Nina Simone等傳奇音樂人之經典作品，以及自身早期經典歌曲“The Ghost”全新詮釋版本錄音\n ', 1, '2025-06-10 10:56:34'),
(18, '亞歷山大技巧The Alexander Techniqu', '2025-06-10 10:32:24', 1498, 1, 3, 12, 18, 1, 1, '2024-11-08', 64, 2, '0', '◎ 英倫音樂才子暌違近2年、被自身譽為「至今最有野心之作」的第5張專輯\r\n◎ 專輯以改善姿勢與身體意識的方法「亞歷山大技巧」為題，用鋼琴、爵士、獨立響樂的聲線，將自己接受心理治療的療程，面對心理健康的掙扎寫成歌，並期盼用歌曲陪所有相同情況的聽者，共同度過面對自己的陰暗面\r\n◎ 收錄以自己名字為題、接受治療的心情轉換成歌曲的〈Alexander〉、Sufjan Stevens共同創作，回到單純自己的念舊歌〈2008〉、詹姆斯布雷克 (James Blake) 合唱〈Look Me In The Eyes〉等16首歌集結自身最私密的音樂之作', 1, '2025-06-10 10:56:34'),
(19, '亞歷山大技巧 (限量棉花糖餅白色彩膠)\nThe Alexander Technique (Limited S’mores White)', '2025-06-10 10:32:31', 1728, 1, 3, 12, 19, 1, 1, '2024-11-08', 2, 2, '0', '◎ 英倫音樂才子暌違近2年、被自身譽為「至今最有野心之作」的第5張專輯\n◎ 專輯以改善姿勢與身體意識的方法「亞歷山大技巧」為題，用鋼琴、爵士、獨立響樂的聲線，將自己接受心理治療的療程，面對心理健康的掙扎寫成歌，並期盼用歌曲陪所有相同情況的聽者，共同度過面對自己的陰暗面\n◎ 收錄以自己名字為題、接受治療的心情轉換成歌曲的〈Alexander〉、Sufjan Stevens共同創作，回到單純自己的念舊歌〈2008〉、詹姆斯布雷克 (James Blake) 合唱〈Look Me In The Eyes〉等16首歌集結自身最私密的音樂之作', 1, '2025-06-10 10:56:34'),
(20, '迪斯可天堂(紫色彩膠)\nParadise (Purple)', '2025-06-10 10:32:38', 1498, 1, 3, 12, 20, 1, 1, '2024-11-08', 2, 2, '0', '◎ 拿下葛萊美2023年「最佳非古典混音錄製」的德國DJ睽違3年最新專輯\n◎ 傳奇音樂人 Nile Rodgers、Nothing But Thieves、Chromeo、Shenseea、Benjamin Ingrosso，以及Kungs等18組DJ與跨領域音樂人，融合新迪斯可 (Nu-Disco)、浩室 (House)和放克 (Funk) 元素，打造充滿活力和節奏感的舞曲大作\n◎ 收錄2億串流Disco舞曲〈Substitution〉、復古夜色主題曲〈Honey Boy〉等15首舞曲引領你置身跳不停的迪斯可天堂', 1, '2025-06-10 10:56:34'),
(21, '偏偏我卻都記得(限量湖水藍透明膠)', '2025-06-10 10:34:14', 1480, 1, 4, 17, 21, 1, 1, '2024-12-13', 7, 1, '0', '唱作天后 艾怡良 Eve Ai \n《偏偏我卻都記得》\n  2021全創作專輯\n\n「不放過我們的，永遠都是回憶。」\n艾怡良 懺悔後的吿解\n\n唱而優則演  金曲金馬雙料肯定\n艾怡良Ｘ陳建騏  全新懺悔之作  與回憶搏鬥的過程\n\n\n艾怡良睽於2021年發表之專輯作品《偏偏我卻都記得》。回想起從2018年的《垂直活著，水平留戀著。》深獲各界肯定，〈Forever Young〉也讓艾怡良首獲最佳作曲人殊榮。\n\n2019和2020則是以不同形式跨足電影界，2019演唱施立導演的《野雀之詩》電影主題曲〈愛比死更寂寞〉令人驚艷，2020年更發表由自己出演女主角並自己創作的電影《我沒有談的那場戀愛》主題曲〈我這個人〉，再度入圍金曲獎最佳作曲人之外，演技與歌曲也雙獲金馬獎入圍肯定，同時入圍最佳新演員和最佳原創電影歌曲獎。〈我這個人〉也一舉奪下金馬獎最佳原創電影歌曲。\n\n接著，艾怡良即將再從電影女主角身份，回歸創作歌手，2021年交出全新創作專輯《偏偏我卻都記得》，包含〈我這個人〉在內的十一首歌曲，把生活裡的每個部分經過她細心的詮釋後，成為歌曲以音樂形式發表。這次的專輯依舊與熟悉的製作人－陳建騏再度聯手打造', 1, '2025-06-10 10:56:34'),
(22, '慕情', '2025-06-10 10:37:41', 1380, 1, 4, 16, 22, 1, 1, '2025-02-26', 23, 1, '0', 'ピアノの魔術師と謳われる菅野邦彦が TBM に残した唯一のリーダー作品。(TBM 主催 5 DAYS IN JAZZ コンサート録音盤)。エロール・ガーナー直系の”天才クニ”ここにあり。（シリーズ監修：塙耕記氏より）', 1, '2025-06-10 10:56:35'),
(23, 'Tokyo Riddim Vol.2 1979-1986', '2025-06-10 10:37:56', 1380, 1, 5, 22, 23, 1, 1, '2024-11-22', 24, 1, '0', '', 1, '2025-06-10 10:56:35'),
(24, '挑戰者電影原聲帶配樂\nChallengers (Original Score)', '2025-06-10 10:39:26', 1268, 1, 6, 26, 24, 1, 1, '2024-11-29', 2, 1, '0', '    由奧斯卡得主、進入「搖滾名人殿堂」的工業金屬天團Nine Inch Nails首腦Trent Reznor和音樂合作夥伴Atticus Ross，聯合打造電影配樂。\n    來自德國身兼製作人、寫歌者、DJ的Boys Noize參與混音工作。\n\n【關於電影】 \n曾為Dior、Fendi和Salvatore Ferragamo品牌拍攝形象廣告，掌鏡《以你的名字呼喚我》義大利名導盧卡‧格達戈尼諾（Luca Guadagnino）的全新力作《挑戰者 Challengers》，締造破9000萬美金票房，贏取影評普遍讚譽，被封為「史上最性感的電影之一。」除了在球場上的精采比賽橋段，兩男一女的三角戀情，更是讓觀眾心跳加速，他們在球場上競技，在生活中交織愛情、背叛與渴望的激烈對抗。每一個發球、每一次扣殺，都隱喻角色之間的權力轉換與情感糾葛。這部電影充滿激情和張力，是一場視覺與心靈的雙重饗宴。能歌善舞又能演戲，憑藉影集《高校十八禁》拿下兩次艾美獎「最佳劇情類影集女主角」肯定的好萊塢炙手可熱大明星千黛亞（Zendaya），出飾女主角塔希；另外兩大帥氣男演員，分別為：從Netflix自製影集《', 1, '2025-06-10 10:56:35'),
(25, 'BIG WORLD', '2025-06-10 10:41:12', 1580, 1, 5, 22, 25, 1, 1, '2025-03-26', 24, 1, '0', '坂本龍一、満島ひかり、中島美嘉、田島貴男 (Original Love)、中納良恵(EGO-WRAPPIN’)、齋藤飛鳥（乃木坂46）、suis (ヨルシカ)、PORIN (Awesome City Club)、CHAI、どんぐりず、ermhoi (Black Boboi / millennium parade)、RHYMEといった豪華アーティストが参加した、MONDO GROSSOの2022年リリースのアルバム「BIG WORLD」が重量盤でアナログ化。', 1, '2025-06-10 10:56:35'),
(26, '是你', '2025-06-10 10:41:47', 1280, 1, 4, 17, 26, 1, 1, '2024-12-25', 25, 1, '0', '在乎過、堅持過、沮喪過、隱藏過\n現在，我們知道，潘美辰還是我們熟悉的潘美辰\n一如她沒變的聲音、沒變的情感\n以及始終如一的溫度\n\n潘美辰（1969年6月30日—），台灣創作女歌手，以〈我想有個家〉，〈我曾用心愛著你〉等曲廣為人知，至2008年為出道滿20年之周年，發行的專輯與所獲獎項無數。才華不僅是創作，還包括樂器演奏和現場表演，除了於台灣，演藝版圖遍及中國大陸、香港、新加坡和馬來西亞等華語地區。', 1, '2025-06-10 10:56:35'),
(27, '鬥牛場上的鑽石與灰燼 (45轉)\nDiamonds and Rust in the Bullring', '2025-06-10 10:43:40', 2280, 1, 4, 17, 27, 1, 1, NULL, 26, 2, '0', '這張原始僅限量發行的小廠牌黑膠，是 Joan Baez 為數不多的珍貴現場錄音作品之一。1988 年，她在西班牙畢爾包（Bilbao）的鬥牛場演出，雖然當日天候不佳，市民卻依然熱情前來支持，也讓這場演出成為一次難以忘懷的音樂盛會。現場錄音聲音純淨，音質之佳使本專輯成為發燒友間私藏的口耳相傳之作，亞洲原盤行情不斷飆升。\n專輯中除了經典的《Diamonds and Rust》與《Famous Blue Raincoat》兩首廣為人知的名曲，Baez 也特別以西班牙語演唱多首作品，包含巴斯克語歌曲〈Txoria Txori〉，展現她對當地文化的敬意，與觀眾間溫柔的共鳴。\n由 Joan Baez 親自繪製封面插圖，阿根廷傳奇歌手 Mercedes Sosa 亦友情獻聲，堪稱一張結合音樂、文化與歷史意義的極品現場錄音。', 1, '2025-06-10 10:56:35'),
(28, '鬥牛場上的鑽石與灰燼 (33轉)\nDiamonds and Rust in the Bullring', '2025-06-10 10:43:58', 1480, 1, 4, 17, 28, 1, 1, NULL, 26, 1, '0', '這張原始僅限量發行的小廠牌黑膠，是 Joan Baez 為數不多的珍貴現場錄音作品之一。1988 年，她在西班牙畢爾包（Bilbao）的鬥牛場演出，雖然當日天候不佳，市民卻依然熱情前來支持，也讓這場演出成為一次難以忘懷的音樂盛會。現場錄音聲音純淨，音質之佳使本專輯成為發燒友間私藏的口耳相傳之作，亞洲原盤行情不斷飆升。\n專輯中除了經典的《Diamonds and Rust》與《Famous Blue Raincoat》兩首廣為人知的名曲，Baez 也特別以西班牙語演唱多首作品，包含巴斯克語歌曲〈Txoria Txori〉，展現她對當地文化的敬意，與觀眾間溫柔的共鳴。\n由 Joan Baez 親自繪製封面插圖，阿根廷傳奇歌手 Mercedes Sosa 亦友情獻聲，堪稱一張結合音樂、文化與歷史意義的極品現場錄音。', 1, '2025-06-10 10:56:35'),
(29, '雙生自我\nALTER EGO', '2025-06-10 10:44:52', 1280, 1, 5, 21, 29, 1, 1, '2025-02-28', 2, 1, '0', '超級巨星降臨 ! 引領世界潮流指標的流行巨星 LISA 在個人廠牌 LLOUD 旗下推出首張專輯《雙生自我 ALTER EGO》\n\nInstagram全球億人追蹤、個人串流超過20億收聽，引領全球時尚的女王 LISA 出道8年終於推出個人首張專輯《雙生自我 ALTER EGO》，收錄2024年化身巨星的酷帥主題曲〈Rockstar〉、攜手西班牙天后 蘿莎莉雅 (ROSALÍA) 共唱完美女力神曲〈New Woman〉，以及取樣Sixpence None the Richer 經典情歌的〈Moonlit Floor (Kiss Me)〉等共12首歌，2025年初就聽這張，一聽LISA展現火辣與酷帥的巨星魅力。', 1, '2025-06-10 10:56:35'),
(30, '十面埋伏 電影原聲帶\nHouse of Flying Daggers (Gold Vinyl)', '2025-06-10 10:45:18', 1080, 1, 6, 26, 30, 1, 1, '2025-02-07', 27, 1, '1', '《十面埋伏：電影原聲大碟》是繼《英雄》之後，2004年張藝謀另一部矚目的武俠巨獻《十面埋伏》廣受好評。由劉德華、章子怡及金城武領銜主演，此片在康城影展中首映，獲得全場一致讚譽。 章子怡於電影《十面埋伏》中飾演盲女歌姬，於人前載歌載舞，除此之外，她更獻身親自演繹電影主題曲“佳人曲”。而也收錄了世界著名歌劇女歌唱家嘉芙蓮巴特爾（Kathleen Battle）主唱的《十面埋伏》片尾曲“Lovers”，很多歌迷因為此歌而愛上了十面埋伏的音樂，希望你也能聆聽到如此美妙的聲音！\n\n梅林茂是亞洲影壇知名配樂工作者，10餘年來先後為王家衛的《花樣年華》、黎妙雪的《戀之風景》等電影作品譜寫配樂。而《十面埋伏》主題歌演唱者美國人凱薩琳·巴特爾(Kathleen Battle)，則是時下人氣極高的國際歌壇巨星，她曾五度奪得格萊美音樂獎，還將在2004年雅典奧運會開幕式上主唱奧運會會歌。這也是張藝謀執導的影片中，首次啟用國際巨星來演唱主題曲。', 1, '2025-06-10 10:56:35'),
(31, 'Metaphorical Music', '2025-06-10 10:46:04', 1380, 1, 5, 20, 31, 1, 1, NULL, 28, 2, '0', 'アナログのシングルを中心にリリースを重ねてきたnujabesが渾身の力を注ぎ込んで完成させたアルバム『metaphorical music』。多くの人々に愛され続けているhydeout productionsの核となる作品であり、名曲の数々が刻まれている歴史的な名盤。', 1, '2025-06-10 10:56:35'),
(32, 'Candy (45轉)', '2025-06-10 10:46:22', 800, 1, 5, 21, 32, 1, 1, NULL, 29, 1, '1', '90年代を代表するジャパニーズ・アーバン・メロウの傑作として2018年のRECORD STORE DAYで初7インチ・カットされ大きな話題を呼んだ今作を、今回はオリジナルテイクのインストゥルメンタルverを加え、12inch/45rpmカラーレコード仕様でリリース。', 1, '2025-06-10 10:56:35'),
(33, '機動戰士鋼彈UC 動畫原聲帶 (Vol.1+2 合售)', '2025-06-10 10:49:14', 3000, 1, 6, 27, 33, 1, 1, '2025-03-26', 24, 2, '0', 'OVAアニメ『機動戦士ガンダムUC(ユニコーン)』15周年を記念して、劇伴のサウンドトラックからベストセレクトした曲を収録したアナログ盤を発売。\nレコード盤面はカラーヴァイナル仕様。同梱ブックレットには、【音楽：澤野弘之、監督：古橋一浩、プロデューサー：小形尚弘 】との鼎談インタビューを掲載。音楽家・澤野弘之による宇宙世紀を彩る壮大なオーケストラサウンドを、アナログ盤の豊かな音質にてぜひお楽しみください。', 1, '2025-06-10 10:56:35'),
(34, '冰血暴\nFargo Season 1 (Red Vinyl)', '2025-06-10 10:51:16', 980, 1, 6, 26, 34, 1, 1, '2025-01-24', 27, 1, '0', '“This is a true story”\n\nFargo is a fantastic dark comedy-crime drama television series created and written by Noah Hawley and inspired by Joel & Ethan Coen\'s 1996 movie of the same name. Both Coen brothers serve as executive producers on the series. The show stars Martin Freeman (The Hobbit trilogy), Billy Bob Thornton, Bob Odenkirk (Breaking Bad, Better Call Saul) and more.\n\nThe soundtrack features selections from the show\'s original music composed by Jeff Russo (Power, Necessary Roughness, Abo', 1, '2025-06-10 10:56:35'),
(35, '逃離之地 電影原聲帶(海藍膠)\nOutrun', '2025-06-10 10:53:37', 1380, 1, 6, 26, 35, 1, 1, '2025-01-03', 30, 1, '0', '電影《逃離之地》改編自艾米•利普羅特（Amy Liptrot）的暢銷自傳書籍，描述羅娜在倫敦過著混亂的生活後，決定回到故鄉重建自己的生活。約翰‧戈爾特勒（John Gürtler）和米塞爾（Jan Miserre）的配樂無疑是故事中重要的情感引導，從電子音樂到傳統蘇格蘭民謠與蘇格蘭奧克尼群島的自然聲景，構成了一幅迷人的聲音拼圖，創造出既細膩又充滿力量的聲音體驗，帶領聽眾與電影中的主角羅娜一起踏上心靈重生的旅程。\n\n故事中的羅娜在家鄉的自然景色中尋找自我，與過去的痛苦告別，配樂則精準反映出這種旅程的內外層次。重要曲目如《Corncrake》與《The Long Way Home》展現出約翰‧戈爾特勒和米塞爾如何以音樂表達自然、情感與復甦交織的功力。他們運用獨特的樂器，包括水琴、巴氏水晶琴和玻璃琴，把音景帶入更深層次的感知。此外，蘇格蘭風笛手與作曲家Malin Lewis也參與演出，為音樂增添濃厚的傳統民俗色彩。特別設計的創新樂器更為這張原聲帶注入無可比擬的獨特性。\n\n值得一提的是，這張專輯中的部分曲目早在拍攝開始之前就已經完成，讓作曲家深入理解與參與電影拍攝過程。電影導演諾拉•芬沙伊德（', 1, '2025-06-10 10:56:35'),
(36, '周子瑜 首張迷你專輯: abouTZU', NULL, 1515, 1, 5, 21, 36, 1, 1, '2025-06-10', 32, 1, NULL, 'ㄅㄏ會搶到twice 的演唱會票 子瑜讚讚讚', 1, '2025-06-10 14:35:20'),
(37, '天馬行空(2015)\nKinda Kinks', '2025-06-11 17:57:23', 518, 1, 3, 14, 37, 1, 1, '2015-09-08', 2, 1, '1', '◎英國入侵（British Invasion）指標樂隊，與The Beatles、The Who、Rolling Stone齊名的英國搖滾樂隊 ◎馳騁超過30年歲月，榮譽入列美國「搖滾名人殿堂」、英國「音樂名人殿堂」 ◎1965年第二張錄音室專輯 收錄英國金榜冠軍、美國#3冠軍單曲 ◎黑膠母帶重製 180克特殊上色 經典限量珍藏版', 1, '2025-06-11 20:59:20'),
(38, '奇想爭議(2015)\nThe Kink Kontroversy', '2025-06-11 17:57:29', 518, 1, 3, 14, 38, 1, 1, '2015-09-08', 2, 1, '1', '◎英國入侵（British Invasion）指標樂隊，與The Beatles、The Who、Rolling Stone齊名的英國搖滾樂隊 ◎馳騁超過30年歲月，榮譽入列美國「搖滾名人殿堂」、英國「音樂名人殿堂」 ◎1965年發行之第三張錄音室專輯 ◎黑膠母帶重製 180克特殊上色 經典限量珍藏版', 1, '2025-06-11 20:59:20'),
(39, '面對面(2015)\nFace To Face', '2025-06-11 17:57:35', 518, 1, 3, 14, 39, 1, 1, '2015-09-08', 2, 1, '1', '◎英國入侵（British Invasion）指標樂隊，與The Beatles、The Who、Rolling Stone齊名的英國搖滾樂隊 ◎馳騁超過30年歲月，榮譽入列美國「搖滾名人殿堂」、英國「音樂名人殿堂」 ◎1966年發行之第四張錄音室專輯 All Music&滾石雜誌評價滿分五星之經典之作 ◎黑膠母帶重製 180克特殊上色 經典限量珍藏版', 1, '2025-06-11 20:59:20'),
(40, '冠軍全紀錄\nElvis 30 #1 Hits', '2025-06-11 17:57:57', 1180, 1, 3, 12, 40, 1, 1, '2015-09-08', 2, 2, '0', '◎收錄貓王30首冠軍單曲，特別收錄2002年發行的冠軍單曲\n◎2015經典黑膠版本 原始母帶全數重製 30首搖滾之王經典一次擁有\n\n約翰藍儂：「沒有貓王，就沒有披頭四！」\n保羅麥卡尼：「每當我陷入低潮時，就放張貓王的唱片來聽！」\nU2 合唱團主唱Bono：「貓王唱醒了我的心！」\n布蘭妮：「貓王是地球上最性感的男人！」\n工人皇帝布魯斯史普林斯汀：「貓王是我的上帝，如果沒有他，我可能會去推銷百科全書！」\n保羅賽門：「因為貓王，我開始學吉他！」\n滾石合唱團主唱米克傑格：「沒有人能和他相提並論、或是達到和他一樣的成就！」', 1, '2025-06-11 20:59:20'),
(41, '第二法則\nTHE 2ND LAW', '2025-06-11 17:58:37', 1080, 1, 3, 14, 41, 1, 1, NULL, 1, 2, '0', '', 1, '2025-06-11 20:59:20'),
(42, '紅糖\nBrown Sugar', '2025-06-11 17:59:18', 1380, 1, 3, 12, 42, 1, 1, NULL, 33, 2, '0', '《Brown Sugar》是美國 R&B 歌手 D\'Angelo 的首張個人專輯，堪稱新騷靈樂的經典之作。整張專輯以浪漫的愛情為主題，融合當代 R&B 和傳統騷靈樂的精髓，同時加入了 Funk 和 Hip-Hop 的元素。流暢的樂器演奏勾勒出精妙的編曲，D\'Angelo 紮實的音樂功底盡收眼底。即使時隔多年，這依然會是一張讓你感到慾望跟甜蜜的專輯。', 1, '2025-06-11 20:59:20'),
(43, '巫毒\nVoodoo', '2025-06-11 17:59:46', 1680, 1, 3, 12, 43, 1, 1, NULL, 33, 2, '0', '●以處男大作BROWN SUGAR‧熱門金曲LADY大放光芒之性感俊俏新R&B王子 首週進BILLBOARD榜即奪魁之冠軍全\n新力作\n●東岸硬蕊饒舌名團WU-TANG CLAN要腳METHOD MAN‧多年合作搭檔REDMAN鼎力相助超熱門收錄 ：葛萊美最佳女\n主唱蘿倫希爾跨刀新曲JD’S JOINT’\n\n1974年出生於美國維吉尼亞州Richmond，五歲就精通鋼琴，18歲便組成饒舌樂團I.D.U.，並受樂界注意於91年與EMI唱片公司簽下一紙唱 片合約─本名Michael \"D’Angelo\" Archer的黑人R&B男歌手D’Angelo。 繼95年推出全球銷售突破兩百萬張的首張個人專輯「Brown Sugar」後，歷時近六年的精心製作與蘊釀終於推出邁向2000的全新個人力作「Voodoo」。 自小深受Jimi Hendrix、Marvin Gaye、Al Green、Stevie Wonder、Prince等靈魂/搖滾/節奏藍調大師之薰陶，D’Angelo更善加運用其個人獨特的音樂天賦，將靈魂爵士節奏藍調樂推至近乎完美之境 界。94年由D’Angelo製作，集結了Boyz II', 1, '2025-06-11 20:59:20'),
(44, '自由自在: 1970亞特蘭大音樂祭現場實況\nFreedom: Atlanta Pop Festival(Live)', '2025-06-11 18:04:09', 848, 1, 3, 12, 44, 1, 1, '2015-09-08', 2, 2, '0', '◎吉米罕醉克斯生涯最傑出精采之現場 ◎1970年七月四號亞特蘭大音樂祭現場實況 超過30萬人同時醉心搖擺 搖滾魅力無遠弗屆 被視為20世紀最具創意與影響力的音樂家，吉米罕醉克斯(Jimi Hendrix) 以充滿爆發性的演奏風格，使用反饋音效製造刺耳噪音，運用效果器扭曲吉他聲響，這種當時前所未有的表演風格，賦予電吉他演奏無限的想像空間，將搖滾樂推向無人境界。雖然，他不會讀樂譜也不會寫樂譜，但無損於他在音樂領域的傑出貢獻。4年短暫的音樂生涯像一顆耀眼的流星迅速流逝，但他的影響彷彿是一顆恆星般不斷發出光與熱。從放克怪傑George Clinton 到 爵士巨人Miles Davis, 從重金屬吉他大師Steve Vai 到新生代藍調吉他好手 Jonny Lang無一不是從他的音樂中獲得靈感。', 1, '2025-06-11 20:59:20'),
(45, '西貝流士 芬蘭頌和管弦樂名作集\nSibelius: Popular Tone Poems', '2025-06-11 18:13:46', 768, 1, 1, 5, 45, 1, 1, '2015-09-08', 7, 1, '0', '被芬蘭人視為國寶的西貝流士，不但是北歐知名的作曲家，更在歐洲音樂史上佔有獨特的地位。西貝流士的一生貫穿浪漫、國民到現代樂派，幾乎經歷了整整一個世 紀。他的音樂創作宛如一座橋樑，銜接了一個個不同的世代，巧妙的融合了不同的風格，也深深影響著芬蘭近、現代音樂的發展。 西貝流士的作品多取材自芬蘭當地的民族史詩、民間傳說，描繪著北歐冷冽的自然風光。曲中不經意流露的悲苦、哀愁和沉思呈現出深刻的民族情懷。 海伯特．馮．卡拉揚（德語：Herbert von Karajan，1908年4月5日－1989年7月16日），出生於薩爾茨堡，是一位奧地利指揮家、鍵盤樂器演奏家和導演。 卡 拉揚在指揮舞台上活躍70年。他帶領過歐洲眾多頂尖的樂團，並且曾和柏林愛樂樂團有過長達34年的合作關係。他熱衷於錄音和導演，為後人留下了大量的音像 資料（到1988年為止他發行超過1億張唱片約700款錄音），包括眾多的鋼管，歌劇錄音和歌劇電影，涵括從巴洛克，到後浪漫主義歐洲作曲家，甚至部分現 代樂派的作品。其中一些作品，如貝多芬的交響曲還被多次錄製。卡拉揚在音樂界享有盛譽，甚至在中文領域被人稱為「指揮帝王」。 卡拉揚有許 多哲學', 1, '2025-06-11 20:59:20'),
(46, '巴哈《郭德堡變奏曲》(1955年錄音)\nGoldberg Variations, BWV 988', '2025-06-11 18:17:00', 1280, 1, 1, 1, 46, 1, 1, '2015-09-15', 2, 1, '0', '顧爾德 (鋼琴)\n 二十三歲的顧爾德首張錄音室專輯，鋼琴史上的不朽名盤。\n 年少天才的逸興遄飛，令人屏息的詮釋技巧，顧爾德開闢的一頁傳奇。\n 原版復刻，180克雙開紙套裝黑膠唱片。\n 演出長度：38分23秒。', 1, '2025-06-11 20:59:20'),
(47, '巴哈《郭德堡變奏曲》(1981年錄音)\nGoldberg Variations, BWV 988 (1981 Recording)', '2025-06-11 18:17:06', 1280, 1, 1, 1, 47, 1, 1, '2015-09-15', 2, 1, '0', '顧爾德 (鋼琴)\n★ 四十九歲顧爾德打破同一曲目不重複錄音之慣例，再造傳奇的經典。\n★ 退隱晚年的殫精竭慮，巴哈藝術的巔峰詮釋，顧爾德的立體聲郭德堡。\n★ 原版復刻，180克雙開紙套裝黑膠唱片。\n★ 演出長度：51分07秒。', 1, '2025-06-11 20:59:20'),
(48, '【7吋黑膠單曲】帥氣破表\nHandsome', '2025-06-11 18:17:37', 748, 1, 3, 14, 48, 1, 1, '2015-09-15', 2, 1, '0', '◎連續三年提名全英音樂獎的Post-Punk Revival耀眼團隊新輯首波主打 ◎體驗一氣呵成的龐克悸動，帥氣又過癮，入選BBC Radio 1當家主持人Zane Lowe的「Hottest Record In The World」名單 ◎加贈專輯《English Graffiti》製作人，也是Mercury Rev貝斯手Dave Fridmann(The Flaming Lips、Weezer、MGMT)的獨家剪輯版本', 1, '2025-06-11 20:59:20'),
(49, '【7吋黑膠單曲】夢中情人\nDream Lover', '2025-06-11 18:17:44', 748, 1, 3, 14, 49, 1, 1, '2015-09-15', 2, 1, '0', '◎英國BBC「Sound Of 2011」亞軍及NME音樂獎「年度最佳新進樂團」肯定的疫苗樂團新輯第二波主打 ◎入選BBC Radio 1當家主持人Zane Lowe的「Hottest Record In The World」名單 ◎主唱Justin Young形容：「這是我們寫過最棒的流行歌曲」', 1, '2025-06-11 20:59:20'),
(50, '生命之歌\nSongs from the Arc of Life', '2025-06-11 18:28:00', 1480, 1, 1, 2, 50, 1, 1, '2024-06-07', 27, 2, '1', '馬友友Yo-Yo Ma (大提琴)\n凱瑟琳‧史托特Kathryn Stott (鋼琴)\n\n-18座葛萊美獎肯定 ，世紀大提琴大師馬友友60歲的音樂里程碑。\n-回歸古典，19首感動人心馬友友衷心珍愛大提琴小品。\n\n即將在2015年歡度60大壽的大提琴家馬友友，一如往昔行程依然滿檔。比較值得紀念的是，他將受邀在英國倫敦屆滿150周年的「逍遙音樂節」上演出全本巴哈無伴奏大提琴組曲，全長兩小時對任何大提琴家來說，都是體力與實力的考驗。而對音樂家來說，錄製專輯或許也是最棒的生日賀禮—無論是給自己或是獻給樂迷。馬友友和他合作屆滿30年的鋼琴家夥伴凱瑟琳‧史托特長久以來一直在構思一張將他們最鍾愛的作品集合在一起的專輯，可惜遲遲找不到合適時機與形式。回顧過去無數次的合作經驗，終於找到專輯企畫主題：生命。馬友友與史托特於是開始思考：如何用音樂來表現生命的開始與結束？表現回憶、渴望、愛情、痛苦… 他們從眾多傑作中精選最能代表普世人生經驗與意義的樂曲，透過最純真的表現方式，傳達最純粹的價值。\n\n馬友友以巴哈/古諾的聖母頌象徵生命的源起，因為這首音樂不管在形式與內容的深度與廣度都已超越宗教的意義，以舒伯特的聖', 1, '2025-06-11 20:59:20'),
(51, '棉花俱樂部 電影原聲帶\nThe Cotton Club Original Soundtrack', '2025-06-11 18:44:31', 828, 1, 6, 26, 51, 1, 1, '2015-08-17', 27, 1, '0', '★ 歐陸最大經典黑膠唱片發行廠牌之一 Music On Vinyl 高品質 180g 壓片', 1, '2025-06-11 20:59:20'),
(52, '透明\nSurfacing', '2025-06-11 18:44:51', 1080, 1, 4, 17, 52, 1, 1, '2015-09-23', 27, 1, '1', '●自 1998 年推出的首張專輯「Touch」及連續的幾張暢銷專輯以來，莎拉在全球已締造出超過三千萬張的銷售成績。榮獲三座葛萊美大獎：最佳流行演奏獎及兩次最佳女歌手獎的肯定。\n● 創立莉莉絲音樂節，在連續三年舉辦期間，共吸引了超過兩百萬名觀眾，並為公益基金累計超過了七百萬美金之多。\n●全球媒體爭相報導，包括滾石雜誌、時代雜誌及娛樂週刊封面人物。\n★ 1998 年榮獲紐約州長頒發伊利莎白遠見獎，為表彰莎拉對宣揚女性在音樂界工作權不遺餘力的重要貢獻。\n★ 莎拉兼融優雅、神祕、深情的高醇度歌聲，深植全球歌迷心中。\n\n兩屆葛萊美獎最佳流行女歌手得主莎拉‧克勞克蘭，以她獨濯於一般泛泛流行樂音的歌聲以及創作，跳脫出流行商業機制的擺弄，彷彿從一處超越俗塵外的境地，將她對音樂與自我的執著，匯成一道清流注入歌壇。這位來自加拿大的創作歌手不但以清澈蜿蜒川流般的歌聲，服貼了許多聽者的耳朵與心靈，她的創作更是將優美的旋律和展現出時而感動人心、時而露裎信念的多樣面貌歌詞包裹成流行抒情樂界最具個人風格的派別之一。 莎拉從小就學習鋼琴和吉他，同時也受過歌唱訓練。她在八零年代曾組過新浪潮樂團 October Game', 1, '2025-06-11 20:59:20'),
(53, '蕭邦計劃 - 鋼琴與鍵盤聲響的共鳴互動\nThe Chopin Project', '2025-06-11 18:51:45', 1280, 1, 1, 1, 53, 1, 1, NULL, 33, 1, '1', '☆歐拉夫．亞諾茲，鋼琴、合成器等\n☉愛麗絲‧紗良‧奧特，鋼琴\n★以沒有格局限制的觀念，重新定義蕭邦音樂之美\n\n青年作曲家歐拉夫．亞諾茲是當前新世紀音樂創作界中最亮眼的新星。他於1986年出生在冰島的小鎮，2007年首度向世界發聲後，立刻擄獲樂界的目光。歐拉夫作品受到新古典主義、環境音樂（ambient）、電子音樂與極簡主義的影響，音樂語言廣納百川之餘又能保持自己的獨特風格。\n\n歐拉夫一向喜愛蕭邦的作品，但是他對市面上一成不變的完美錄音感到厭倦，萌生出為蕭邦音樂找出新方向的念頭。他和著名青年鋼琴家，熱愛在鋼琴上嘗新，喜愛即興的愛麗絲‧紗良‧奧特合作，創造出這一張與眾不同的蕭邦唱片。\n歐拉夫把非古典唱片錄音的概念帶入這張專輯。為了追求舒適、纖細與迷人但是不完美的聲音，歐拉夫選用一部老舊但是聲音獨具個性的鋼琴，並且以老式器材來錄音。除此之外，歐拉夫還採用各種混音技術、電子合成器，或是加上弦樂五重奏的編製來重新塑造音樂裡的孤獨寂寞或感情，創造夢幻般的環境音景。歐拉夫說:「在這裏可以聽到演奏者的呼吸、觸鍵聲，愛樂者會感覺自己似乎和音樂家十分親近。」，在這個錄音中他再度以沒有格局限制的觀念，重新定', 1, '2025-06-11 20:59:20'),
(54, '月兒高 : 箏音樂', '2025-06-11 18:52:47', 1648, 1, 4, 19, 54, 1, 1, NULL, 1, 1, '0', '黑膠HQ-180gm /歐洲DMM版/雙封套 DMM Direct Metal Mastering直刻銅版製作技術 全球首張以5.6448 Mega Hz 1-bit WSD純數位錄音之古箏音樂 全程選用Tara Labs The One LE頂級線材及IsoTek Nova電源篩檢程式材，以單點直刻技術錄音，務求將 教堂之自然堂音，樂聲之三維型態，更純真地重現樂迷眼前 錄音師之精准捕捉，不論巨集動態或微動態，令聽者譁然 羅晶指法之快而准，則令人目瞪口呆 特別推薦﹕鼓箏戰颱風、茉莉芬芳、綠島小夜曲四重奏', 1, '2025-06-11 20:59:20'),
(55, 'Time Further Out: Miro Reflections', '2025-06-11 18:53:54', 1480, 1, 2, 8, 55, 1, 1, NULL, 34, 1, '1', 'Piano：Dave Brubeck\nSax：Paul Desmond\nBass：Eugene Wright\nDrums：Joe Morello\n  在《Time Out》顛覆節奏慣例後，Dave Brubeck Quartet 再次挑戰聽覺極限，推出延續前作概念的專輯《Time Further Out》。這張專輯於1961年首度發行，並由傳奇母帶工程師 George Marino 親自在 Sterling Sound 使用原始類比母帶重新製作，讓每一個音符都能呈現最真實的爵士靈魂。\n《Time Further Out》是一張實驗性極高的作品，整張專輯圍繞「非傳統拍號」設計，從3/4拍的〈It\'s a Raggy Waltz〉與〈Bluette〉開始，依序進入4/4、5/4、6/4、7/4、8/8，最後以9/8拍的〈Blue Shadows in the Street〉收尾，每首曲目皆展現出 Dave Brubeck 對節奏結構的巧妙掌握與創新精神。\n本作不僅在音樂結構上突破傳統，其封面也延續《Time Out》的現代藝術風格，採用了西班牙超現實主義大師 Joan Miró（胡安·米羅', 1, '2025-06-11 20:59:20'),
(56, '巴哈：郭德堡變奏曲\nBach: Goldberg Variations', '2025-06-11 19:16:51', 980, 1, 1, 1, 56, 1, 1, '2015-10-23', 35, 1, '1', '巴哈是所有作曲家之父，他的作品是引導我前進的唯一途徑。當我覺得疲憊，或是彈奏得不如理想的時候，我就會回到巴哈的音樂懷抱裡。它幫助我調整自己的狀態，給予我全新的力量。巴哈的音樂有其中心，但永遠沒有盡頭…..彈奏巴哈的音樂，你需要去感受自己內在的共鳴、去感受那一份謙虛，詮釋巴哈的音樂絕對是要虛懷若谷….在他的音樂裡你無所遁逃。」 ～亞歷山大．薩洛 為什麼要聽薩洛彈奏巴哈《郭德堡變奏曲》？畢竟，市面上此曲錄音多如繁星，甚至不乏經典名盤，那為什麼我們還是要選擇薩洛的版本？從樂迷的角度來考量，這不只是「鋼琴男神」的光環效應而已，而是感受新時代的巴哈語彙；從薩洛的觀點來說，郭德堡變奏曲代表他面對自己琴藝的深度審視，一個從名人蛻變成為大師的里程碑。 薩洛，我們這個世代最耀眼的鋼琴明星之一，1968年出生於法國巴黎，雖然小時候志願是魔術師，但長大後終究成為十指散發著魔力的鋼琴演奏家。他堅持視譜演奏，他不在家裡擺著鋼琴，塑造了個人的鮮明印象，而參與奧斯卡最佳外語片《愛．慕》的演出，加上從巴洛克鍵盤音樂到現代鋼琴曲目的廣泛錄音，以及多次來台演奏會，更讓他擁有廣大的粉絲。這張2015年最新錄音，薩洛選擇褪去', 1, '2025-06-11 20:59:20'),
(57, '貝多芬第七號交響曲\nBeethoven:Symphonies Nos.7', '2025-06-11 19:19:59', 880, 1, 1, 5, 57, 1, 1, '2015-10-13', 36, 1, '1', '克萊巴可說是二十世紀下半葉最具魅力的指揮家之一。他的錄音數量不多，但是張張經典，也是愛樂者必備的珍藏。 1973年與德勒斯登國立管弦樂團錄製的韋伯《魔彈射手》，是克萊巴事業上重要的里程碑。他花了三個星期的時間排練後錄音，一上市就獲得極大的回響。除了陣容堅強的聲樂家，克萊巴處理韋伯管弦樂時，讓人難以置信的張力讓它時至今日，依然是同曲目的指標。 接下來，克萊巴陸續與維也納愛樂錄下貝多芬第五、七號交響曲，布拉姆斯第四號交響曲與舒伯特第三、八號交響曲，其中最讓人吃驚的，就是貝多芬《命運》交響曲。克萊巴以精準的手法，把它演奏得像是一首全新的曲子。雖然DG最終未能依計畫為克萊巴與維也納愛樂錄製貝多芬九首交響曲，但是五、七號兩部錄音，已經為克萊巴，也為唱片史再造新的里程碑。 企鵝評鑑三星戴花！日本唱片藝術500名曲第一名！ 小克萊巴指揮的貝多芬5號、七號交響曲是一份經典中的經典，錄音技術發展到本世紀中期以後，在那麼多偉大指揮家都一再與一流樂團錄過貝多芬的交響曲之後，幾乎沒有人相信還有誰能在這些音樂中找出更多令人振奮的新素材，可是一九七五年，克萊巴的第五、七號交響曲錄音出現了，全世界的樂評家紛紛嘆了一', 1, '2025-06-11 20:59:20'),
(58, '心靈之歌\nHOW MY HEART SINGS!', '2025-06-11 19:41:14', 1180, 1, 2, 8, 58, 1, 1, NULL, 37, 1, '1', '突破傳統樂器編制的比爾‧伊文斯作品向來被奉為現代爵士鋼琴三重奏的圭臬典範，和其默契渾然天成的貝斯手史考特‧拉法洛及鼓手保羅‧莫提安可謂居功厥偉，遺憾的是前者旋即於交通意外中喪生，傷痛欲絕的伊文斯整整花了一年時間才能重返錄音室，並邀請曾為西索‧泰勒、巴德‧鮑歐等名家伴奏的恰克‧以塞列加入陣容。第二代三重奏的首度合作誕生了兩張經典大碟，其一是全抒情曲目的「月光」，另一張就是由中快板歌曲構成的本作，伊文斯試圖透過此區別凸顯演奏中如歌唱般的特性與即興搖擺時的共鳴效果，也讓整張專輯滿溢著輕盈暢快的流動感。“How My Heart Sings”一曲宛若華爾茲舞步的優雅浪漫琴音極其醉人，鼓與貝斯沉穩輕柔的陪伴唱和使整體呈現合唱團吟詠詩歌般的和諧美感；“Summertime”一曲有別於常見版本的淒苦緩慢，改由以塞列略帶炫技的華麗撩撥繽紛開場，接續由伊文斯採鋼琴明快觸鍵傳遞歡快節奏及帶出主旋律，於輕鬆和樂氛圍中，令人不由自主跟隨輕舞擺動！', 1, '2025-06-11 20:59:20'),
(59, '古爾達1970年代經典名演：巴哈「平均律」全集\nBACH : DAS WOHLTEMPERIERTE KLAVIER', '2025-06-11 19:42:08', 4888, 1, 1, 1, 59, 1, 1, '2015-10-14', 38, 5, '0', '★鋼琴大師古爾達1972、1973年經典名演，絕版數十年LP復刻發行。 ★180G，德國壓片。使用原始母帶，完全類比轉製。', 1, '2025-06-11 20:59:20'),
(60, '慕特神采 – 「黃色沙龍」古典新創意\nThe Club Album - Live At Yellow Lounge', '2025-06-11 19:42:26', 1080, 1, 1, 3, 60, 1, 1, NULL, 36, 2, '0', '2007年，柏林酒吧的一場演出開啟了Yellow Lounge的概念。古典音樂應該是最貼近人心與情感的聲音，但是演出場地或是規則往往讓人卻步。在德國著名DJ與音樂製作人DJ Clé操刀下，Yellow Lounge把古典音樂混合了現代與當代的音樂經典，創造出如休息室般的悠閒氣氛，並且把演出場地帶到柏林、巴黎、倫敦、斯德哥爾摩、維也納、哥本哈根、 馬德里、阿姆斯特丹、紐約、首爾、布宜諾斯艾利斯、雪梨、薩爾茲堡……等地的休閒俱樂部。聽眾可以以最舒服的姿勢，欣賞國際知名音樂家的演出，以最輕鬆的 心情聆聽音樂。 2015年五月初，小提琴家慕特來到柏林被稱為「新家園」（Neue Heimat）的區域，與多年的鋼琴家搭檔歐奇斯、伊朗大鍵琴家伊斯法哈尼演出曲目橫跨三個世紀的古典音樂，包括巴哈、威爾第、蓋希文到約翰‧威廉斯的作 品，為Yellow Lounge系列音樂會帶來新的高潮。「新家園」原址是舊火車站，現在則是柏林年輕藝術家的「樂園」。他們在充滿塗鴉與破舊廠房的世界裡，打造出該區域簡 單不羈的風格。除了小吃市集，也是各種表演、手工藝攤位的集散地，完全符合Yellow Lounge的概念。在輕鬆的', 1, '2025-06-11 20:59:20'),
(61, '美聲耶誕情\nChristmas Songs', '2025-06-11 19:42:35', 1280, 1, 2, 9, 61, 1, 1, '2016-10-14', 39, 1, '0', '二○○五年年末，Diana Krall難得的在大眾期盼下發行最應景的音樂專輯，以爵士角度重新詮釋大眾耳熟能詳的聖誕歌曲，除了與固定班底葛萊美獎製作人Tommy LiPuma和得獎無數的錄音師Al Schmitt合作，為呈現溫馨與愉悅的聖誕氣氛，本輯邀請曾與Rosemary Clooney、Count Basie、Duke Ellington等傳奇藝人共同演出的The Clayton/Hamilton Jazz Orchestra管弦樂團擔任大部分的演奏工作。另外，為Frank Sinatra、Natalie Cole等人編曲、Diana Krall最喜愛的著名音樂家Johnny Mandel，也為\"Christmas Time Is Here\"、\"Have Yourself A Merry Little Christmas\"、\"Count Your Blessings Instead of Sheep\"等三首歌重新編曲製作並親自指揮。新生代樂手Anthony Wilson、Russell Malone與Stefon Harris等人也在專輯中各有發揮。 　　雖是聖誕應景作品，本輯卻不只', 1, '2025-06-11 20:59:20'),
(62, '沉默之道\nIn A Silent Way', '2025-06-11 19:44:15', 880, 1, 2, 8, 62, 1, 1, '2015-10-27', 2, 1, '1', '邁爾士．戴維斯Miles Davis (小號) 素有「黑暗王子」之稱的小喇叭巨擘邁爾士．戴維斯，開創60年代末期Jazz-Rock融合（Fusion）新樂風的先鋒。 這張錄製於1969年的專輯「沉默之道」（In A Silent Way）揭示了融合（Fusion）搖滾爵士樂。它是引導邁爾士．戴維斯邁入創作新階段的試金石。 如 果1959年的專輯「泛藍調調」開啟了現代爵士（Modern Jazz）樂風，那麼就如同這張錄製於1969年的專輯「沉默之道」（In A Silent Way）揭示了融合（Fusion）搖滾爵士樂。它是引導邁爾士．戴維斯邁入創作新階段的試金石，並且找來三位神乎其技的鍵盤樂手（奇克．科瑞亞、賀比． 漢考克、喬．查威努（Joe Zawinul））與吉他手約翰．麥可勞夫林（John Mclaughlin）。如果你沒聽過這張專輯，那麼將會是你生命中的遺憾。（1976年錄音）\n ', 1, '2025-06-11 20:59:20'),
(63, '愛的陽光\nSunshine Of Your Love', '2025-06-11 19:45:41', 980, 1, 2, 9, 63, 1, 1, '2015-10-22', 1, 1, '0', '„She has been more famous, over a longer time span, than any other female singer.\" – Leonard Feather. In ihrer außergewohnlichen Karriere kollaborierte die „First Lady of Song\" mit den Schlüsselfiguren des Big Band Jazz – u.a. mit Chick Webb und Dizzy Gillespie – , gewann insgesamt 13 Grammys und wurde 1987 mit der National Medal of Arts ausgezeichnet. Ihre unverwechselbaren Interpretationen von Jazz Standards finden sich auf unzahligen American Songbook-Alben. Ellas enthusiastisch um den damals', 1, '2025-06-11 20:59:20'),
(64, '北國黑熊\nSvarte Bjorn', '2025-06-11 20:26:36', 928, 1, 4, 17, 64, 1, 1, NULL, 40, 1, '0', '發燒天后「玫瑰仙子」-『凱莉•布蕾妮斯』最新專輯，不管演唱、音樂背景，還是錄音水準，均已直達示範級數。音色通透、清脆甜美，精彩之至，教人拍案叫絕，保證是張令您滿意讚許的發燒天碟。', 1, '2025-06-11 20:59:20'),
(65, 'Ghosteen', '2025-06-12 10:02:59', 1380, 1, 3, 14, 67, 1, 1, '2019-11-08', 24, 2, '0', '', 1, '2025-06-12 13:19:19'),
(66, '心愛妹妹的眼睛', '2025-06-12 10:03:04', 899, 1, 4, 16, 68, 1, 1, '2024-10-04', 46, 1, '0', '有夢的眼睛 如詩的心底                             \n化不開的憂鬱，深深鎖在他的眉宇\n說不出的深情，悠悠映在他的眼眸\n什麼樣的男子，讓人痛在心裡\n才知道一生的愛戀可以如此濃釅\n才明白一世的執著可以如此無悔\n一生一世  從一而終\n\n張洪量的歌聲 讓你心碎的聲音，如迎面而來的風一路颳進你心的海洋，\n古典悠柔回聲重重，掀起如夢般的心痛。\n\n。原始母帶製作\n。德國Optimal刻片、壓片\n。140g\n。限量發行 ', 1, '2025-06-12 13:19:19'),
(67, 'Cape Forestier', '2025-06-12 10:03:23', 1180, 1, 3, 14, 69, 1, 1, '2024-05-10', 24, 1, '1', 'Après plus d’1/2 million d’albums vendus et des tournées internationales à guichets fermés, les frères et sœurs reviennent à leurs racines et subliment leur singularité musicale avec un 6ème album studio : Cape Forestier. Une collection de douze morceaux à la production dépouillée, offrant à l’auditeur un voyage extraordinaire et poignant vers l’intimité du duo. Plus loin que les simples étiquettes de folk, acoustique ou indie rock, Angus & Julia Stone privilégient l’authenticité dans leur écrit', 1, '2025-06-12 13:19:19'),
(68, '男孩\nboy', '2025-06-12 10:04:03', 848, 1, 3, 12, 70, 1, 1, '2024-06-07', 2, 1, '0', '◎ 澳洲偶像男團到暑五秒 (5 Seconds Of Summer) 主唱個人2024年最新EP\n◎ 再找來哈利 (Harry Styles) 專輯幕後推手Sammy Witte共同製作，以另類音色，將路克對於心理健康、人性以及家庭的回憶與反思等EP核心概念，變化成如夢似幻的成長記憶作\n◎ 發行即拿下澳洲專輯榜 #4、英國金榜 #22，美告示牌 #99，刷新個人在英美榜單成績新紀錄\n◎ 收錄以首支單曲〈Shakes〉、全新嘗試唱出自身焦慮與成長痛〈Close My Eyes〉，以及離家後的焦慮與罪惡感〈Benny〉共7首歌，帶你體驗路克內心的掙扎與真摯感受', 1, '2025-06-12 13:19:19'),
(69, '男孩(限量藍色彩膠)\nboy', '2025-06-12 10:04:08', 958, 1, 3, 12, 71, 1, 1, '2024-06-07', 2, 1, '0', '◎ 澳洲偶像男團到暑五秒 (5 Seconds Of Summer) 主唱個人2024年最新EP\n◎ 再找來哈利 (Harry Styles) 專輯幕後推手Sammy Witte共同製作，以另類音色，將路克對於心理健康、人性以及家庭的回憶與反思等EP核心概念，變化成如夢似幻的成長記憶作\n◎ 發行即拿下澳洲專輯榜 #4、英國金榜 #22，美告示牌 #99，刷新個人在英美榜單成績新紀錄\n◎ 收錄以首支單曲〈Shakes〉、全新嘗試唱出自身焦慮與成長痛〈Close My Eyes〉，以及離家後的焦慮與罪惡感〈Benny〉共7首歌，帶你體驗路克內心的掙扎與真摯感受', 1, '2025-06-12 13:19:19'),
(70, '霓虹藥丸\nNeon Pill', '2025-06-12 10:04:14', 1128, 1, 3, 14, 72, 1, 1, '2024-06-07', 2, 1, '0', '◎ 繼2度贏得葛萊美「最佳搖滾專輯」《社交線索 Social Cues》之後，睽違5年的全新第6張正規專輯\n◎ 再度邀請葛萊美「年度製作人」提名John Hill掌舵製作，打造全新獨立搖滾名作 \n◎ 收錄突破千萬串流同名歌〈Neon Pill〉、打造麥莉與桃莉芭頓金曲幕後音樂人Caitlyn Smith合寫〈Out Loud〉，以及爽快搖滾之作〈HiFi (True Light)〉等12首歌', 1, '2025-06-12 13:19:19'),
(71, '貝多芬：C大調三重協奏曲，作品56\nBeethoven: Triple Concert', '2025-06-12 10:04:27', 980, 1, 1, 7, 73, 1, 1, '2024-06-07', 35, 1, '0', '從錄音工業發產歷程的角度來審視，七○年代以來，貝多芬「三重協奏曲」的錄音版本，在卡拉揚/羅斯托波維奇/歐伊斯特拉夫/ 李希特的傳奇組合以來，一直難有足以匹敵的對手，直到1995年的2月，在柏林愛樂廳的現場，另一段傳奇歷史的起點，終於被見證了。在當時EMI唱片公司努力奔走、促成之下，將分屬不同唱片品牌的三位傑出音樂家：小提琴大師帕爾曼、華裔大提琴超級巨星馬友友、加上當時在指揮與鋼琴領域皆臻至顛峰的巴倫波因，搭配超級樂團柏林愛樂，重新奠定了此一曲目的新世代里程碑。', 1, '2025-06-12 13:19:19'),
(72, '三大男高音1994年世足賽演唱會 (彩膠限量版)\nThe Three Tenors in Concert 1994', '2025-06-12 10:04:35', 1480, 1, 1, 4, 74, 1, 1, '2024-06-14', 4, 2, '0', '這是人類音樂史上絕無僅有的一次超越時空的心靈交流！由多明哥、帕華洛帝和卡列拉斯三位頂尖男高音所組成的三大男高音，是在一九九零年七月七日的羅馬世足賽閉幕式上首次與世人見面，一同經歷了一場天籟歌聲的嘉年華會，一首首膾炙人口的歌劇詠嘆調、好萊塢名曲、世界名歌，在三大男高音各擅勝場的歌聲詮釋和迷人風采下，就此更添一抹傳奇色彩與不朽。這次的演出，透過電視轉播，讓全球來自拉丁美洲、歐洲和北美各地的足球迷及樂迷為之瘋狂，數千萬人看到、聽到三大男高音的優美演唱，不僅讓三大男高音和歌劇之能見度大大提昇，也從此改變了古典音樂界的生態。在羅馬世足賽閉幕演唱會後，三大男高音的聲望水漲船高，他們於是決定在四年後的洛杉磯世足賽閉幕式上，再度應全球足球迷的要求，再開第二次的三大男高音演唱會，也就是本片中的這份錄影。\n\n這場音樂會，就連當時的美國總統老布希夫婦都在觀眾席間觀賞，影片中也會看到鏡頭在美國國歌演唱一幕時，帶到了他們夫婦以及前美國國務卿季辛吉。由於此次的演唱是在美國舉行，因此整場音樂會主要都採用具有美國風格和關聯的曲目，像是一開始的憨第德就是美國作曲家伯恩斯坦的作品，之後則有多首美國百老匯音樂劇的組曲，以及', 1, '2025-06-12 13:19:19'),
(73, 'Steamin\' with the Miles Davis Quintet', '2025-06-12 10:04:52', 1180, 1, 2, 8, 75, 1, 1, NULL, 9, 1, '1', 'RVG錄音名盤/AMG-5星/DownBeat-4星半高評/企鵝4星超高評價，不世出巨匠熱力與勁道交織之傳奇名演\n\n★爵士樂史的傳奇留名錄音鉅作，邁爾斯戴維斯在Prestige唱片的最後合約，名為「馬拉松錄音」的成果之一，在錄音室當中整整兩天，錄製了25首曲子，收錄在《Cookin’》、《Steamin’》、《Relaxin’》、及《Workin’》等唱片當中，這些專輯，被爵土樂迷暱稱為「ING錄音」的傳世經典之作...\n★現代爵士樂從咆勃、酷派、硬式咆勃、調式爵士到融合樂引領風潮最的傳奇巨人\n★近代爵士音樂發展的縮影之代表性人物，更著實影響後輩新秀的音樂理念及演奏技巧之大師\n\n小號巨人邁爾斯‧戴維斯於1955年7月新港爵士音樂節演奏“’Round Midnight”一曲，因添加弱音器的小號聲響淒婉甘美且勾勒迷離氛圍而大獲好評並得以重返樂壇，亦替自己掙得一紙優渥的新合約。為了履行老東家Prestige廠牌的舊合約，戴維斯率領第一代五重奏於1956年利用兩天時間，採馬拉松方式進錄音室錄下四張以「ING」主題的系列專輯，過程中一氣呵成且未經任何修飾，每張都成為留名青史的上乘之作，為其日後發', 1, '2025-06-12 13:19:19'),
(74, '島嶼\nIslands: Essential Einaudi', '2025-06-12 10:05:00', 1680, 1, 1, 1, 76, 1, 1, '2024-05-31', 33, 2, '0', '★2011年，艾奧迪10年有成，最受歡迎作品精選輯\n  \n艾奧迪可能是目前世界上最受歡迎的作曲家之一，儘管您熟不熟悉他的名字，但您很可能在某個時候聽過這位義大利作曲家的優美作品——無論是透過電影、電視或廣告。\n\n如果不太熟悉艾奧迪，，那麼“島嶼(Islands)”這張於2011 年推出的精選輯，是一個很好的起點。I Giorni”，這是典型的艾奧迪作品，一首美麗、又豐富的鋼琴作品。還有「 《Le Onde》這首呈現他創作技巧的名曲。而《Nightbook》是他2009 年專輯中的主打歌，有點情緒感，在緊張的弦樂背景下音樂不斷來回穿梭，而《Divenere 》則是伴隨著鋼琴的律動音符，更加令人振奮。\n\n另外從“Fairytale”、“Nuvole Bianchi”到“Berlin Song”，都是相對悅耳的樂曲。旋律純淨簡單，精準優美的“Questa Notte”，應該是文青喜愛的罕見音樂寶石。總而言之，這是對艾奧迪這位天賦非凡又多產的作曲家，2011年之前的音樂匯理。', 1, '2025-06-12 13:19:19'),
(75, '晨光序\nUna Mattina (White Vinyl)', '2025-06-12 10:05:19', 1680, 1, 1, 1, 77, 1, 1, '2024-06-28', 33, 2, '0', '魯多維科‧艾奧迪是現今義大利最重要的作曲家與鋼琴家之一。他1955年出生於杜林，從小接受嚴格的古典音樂作曲與古典鋼琴演奏訓練，威爾第音樂學院畢業以後，艾奧迪師從貝里歐繼續深造。早年艾奧迪也走學院派創作路線，但是沒有多久，他就決定跟著自己真正的興趣走，從嚴格的學院角度出發，擁抱他所熱愛的非洲音樂、民謠、搖滾樂、披頭四、吉米罕醉克斯、鮑勃‧狄倫、U2、電台司令等，他的音樂常被形容為「極簡主義」、「當代音樂」、「環境音樂」或是「alt-classical」，但是艾奧迪形容，自己的音樂是「源自古典，但是受到生活所經歷過不同音樂的影響，包括非洲音樂、民謠與搖滾樂」。而英國《每日電訊報》形容，艾奧迪的音樂聽似簡單，卻具有不可思議的奇妙效果。\n\n《艾奧迪的音樂與極簡主義者共享一種巧妙的語言節約，但這種風格不是他音樂的基本材料。就好像葛拉斯或萊克已經完成的極簡主義專輯- 然卻被定義為新時代音樂的口味那樣：他的音樂情緒是一致的，用一種接近於的冥想音樂態度。專輯中所有的音樂都是艾奧迪獨創的鋼琴演奏，除了大提琴的些微的響，獨奏的鋼琴聲中，流洩出細微的情緒變化。本輯最早於2004年發行，20年後以白膠重新推出', 1, '2025-06-12 13:19:19'),
(76, '溫柔眼神 (發燒版)\nWhen I Look In Your Eyes (Acoustic Sounds Series)', '2025-06-12 10:05:29', 1980, 1, 2, 9, 78, 1, 1, '2024-08-23', 39, 2, '1', '★ Acoustic Sounds Series reissues from Verve/Universal Music Enterprises!\n\n★ Monthly releases highlighting the world\'s most historic and best jazz records!\n\n★ Mastered by Ryan K. Smith at Sterling Sound from the original analog tapes\n\n★ 180-gram LPs pressed at Quality Record Pressings!\n\n★ Stoughton Printing gatefold old-style tip-on jackets', 1, '2025-06-12 13:19:19'),
(77, '琴韻心聲\nDiary of Alicia Keys', '2025-06-12 10:05:35', 1480, 1, 3, 13, 79, 1, 1, '2003-12-16', 24, 2, '0', '全新版別，告別絕版\n全美冠軍專輯 媒體一致好評\n\n「經由新專輯《琴韻心聲》（榮獲四顆星最高評價），艾莉西亞凱斯展現其又向前邁進一大步的音樂新里程。絕美單曲「陌生人You Don’t Know My Name」是本張專輯的中心思想之作。艾莉西亞凱斯又創造了一張超級音樂力作！」—今日美國USA Today\n\n「艾莉西亞凱斯的專輯《琴韻心聲》，是由細膩精巧的製作、聲音表現以及器樂編制所織錦出的驚人大作。艾莉西亞凱斯無疑是未來真正R&B的前鋒！安可！」—羅傑弗德曼（美國福斯新聞網Roger Freidman, Fox News）\n\n「艾莉西亞凱斯又達到了其前一張專輯《未成年之歌》所立下的超高標準。就像教父續集一樣，這是一張決不會令人失望的第二張專輯，就是這麼優秀！（榮獲四顆星最高評價）」—人物雜誌People Magazine\n\n「令人眼界大開之作，一種融合溫暖與感覺的嘻哈調調、同時又是即興靈魂的經典之作！」—滾石雜誌Rolling Stone\n\n「一個無可限量的才華巨星。艾莉西亞凱斯讓《琴韻心聲》中的每一個時刻，都像是遊走於真實及私密之間。艾莉西亞凱斯再一次不負眾望的達到世人投注在她身上的超', 1, '2025-06-12 13:19:19'),
(78, 'Brahms: Symphony No. 4 / Strauss: Death and Transfiguratio', '2025-06-12 10:05:51', 2680, 1, 1, 5, 80, 1, 1, NULL, 47, 2, '0', '關於The Lost Recording除了挖掘爵士唱片以外，古典的歷史錄音也是相當珍貴，因為都全球首刻的片子，好幾款售完之後都以達到不敢碰的地位，請各位把握合理價格。\n\n接下來這款是指揮大師 #貝姆 1962年在柏林以68歲的年齡指揮柏林廣播交響樂團，演繹布拉姆斯與理查史特勞斯的作品。超過六十年才首度露面的錄音，製作團隊找到原始類比母帶，並且邀請原本的錄音工程師經過數周的努力修復，將第一與第二樂章分別刻錄在不同面，以保留最原整的演出細節。\n\nRecorded at Saal 1, RBB, Berlin, 29.IX.1962-01.X.1962\nSTEREO ℗ 1962 RBB\n\nRemastered by ℗ & © 2024 THE LOST RECORDINGS\nfrom the original analog tapes\n\nRef.: TLR-2403051V\n33 rpm Lacquer-cuts: Kevin Gray\nDouble vinyl album 180g\nElectroplating: United-Kingdom\n1st edition, hand nu', 1, '2025-06-12 13:19:19'),
(79, 'Live At Wembley', '2025-06-12 10:06:32', 2280, 1, 3, 14, 81, 1, 1, '2024-07-26', 4, 3, '0', '', 1, '2025-06-12 13:19:19'),
(80, '最精選\nSimply The Best (Blue Vinyl)', '2025-06-12 10:06:36', 1480, 1, 3, 13, 82, 1, 1, '2024-06-07', 4, 2, '0', '有著《The Queen Of Rock & Roll 搖滾女皇》美譽的Tina Turner，滾石雜誌票選《史上百大經典藝人》之一，1991年和前夫Ike共同分享進入搖滾名人堂榮耀，共拿下8座葛萊美獎項加冕，同時成為葛萊美名人堂永久會員，全球累積破億作品銷售數量，於好萊塢星光大道留下屬於自己的一顆星。2008年慶祝進入歌壇50週年紀念，舉辦名為《Tina!: 50th Anniversary Tour》世界巡迴演唱會，站上《2008-2009年間最佳票房》第9名，實證魅力不減的仍居不敗天后地位！\n\nTina在1991年推出生涯首張精選《Simply The Best》，空降英國金榜亞軍，待在榜內長達140週之久，全球狂賣破700萬張。主要收錄一路走來個人單飛後的暢銷代表，珍藏：翻唱Bonnie Tyler的〈The Best〉，邀請搖滾/藍調界全方位樂器演奏大師Edgar Winter薩克斯風吹奏，登記英國Top5+美國NO.15；第一支攻上英國金榜第6名的〈Let`s Stay Together〉，重新詮釋靈魂樂長青樹Al Green入籍滾石雜誌「史上500首經典歌曲」名單之歌；也', 1, '2025-06-12 13:19:19'),
(81, '絕命大煞星\nTrue Romance (30th Anniversary Edition)', '2025-06-12 10:06:41', 1980, 1, 6, 26, 83, 1, 1, '2024-07-05', 24, 2, '1', 'Enjoy The Ride Records in conjunction with Morgan Creek Entertainment proudly presents the True Romance Original Motion Picture Score, composed and conducted by Hans Zimmer. \n\nIn celebration of the iconic film\'s 30th anniversary, the True Romance Original Motion Picture Score is pressed at 45 RPM across 2 LPs for optimal sound quality.\n\nRecorded on a budget of nine musicians (after being told the plans for a full orchestra had to be scrapped due to director Tony Scott going over budget), Hans Zi', 1, '2025-06-12 13:19:19'),
(82, '捍衛任務配樂精選\nThe Story of Wick', '2025-06-12 10:07:01', 1280, 1, 6, 26, 84, 1, 1, '2024-07-26', 48, 1, '0', 'Immerse Yourself In The Raw, Thrilling World Of John Wick With The Iconic Soundtrack Now Available On Vinyl. Experience The Thrilling Action Of The Films Like Never Before By Listening To The Carefully Chosen Selection Of Tracks That Perfectly Capture The Mood And Intensity Of The Series. From Pulsating Electronic Beats To Beautifully Haunting Melodies, The John Wick OST Vinyl Is A Must-Have For Any Fan Of The Franchise. Add It To Your Collection Today And Bring The Cinematic World Of John Wick ', 1, '2025-06-12 13:19:19'),
(83, 'A Night At The Village Vanguard : The Complete Masters (Tone Poet Series)', '2025-06-12 10:07:09', 3380, 1, 2, 8, 85, 1, 1, '2024-04-26', 49, 3, '0', '★收錄薩克斯風巨人桑尼‧羅林斯1957年在前鋒村俱樂部的曠世名演，滿溢奔放不羈而擲地有聲的弘觀氣勢\n\n薩克斯風巨人桑尼‧羅林斯，有著爵士老頑童的稱號，同時擁有薩克斯風巨人的至尊美譽，縱橫樂壇數十年的他始終以其飽滿渾厚的器樂聲響吹奏出鏗鏘有力且氣韻生動的流暢旋律，再加上擅於將拉丁音樂中之加力騷的律動節奏融入演奏中，使其樂風更顯繽紛多元而饒富風情。生涯裡曾從兩度退隱以潛心苦練樂器及鑽研人生哲思的他，每一次的復出在演奏技巧、創意巧思或器樂音色上均大躍進而為之驚豔，也因此即變年事已高，依然如長青樹般在樂壇上活躍著，一次又一次傳遞著醇厚綿長的大器音色，醍醐灌頂般地讓樂迷們感受到最酣暢淋漓的不朽名演。本輯為羅林斯於1957年11月領軍無鋼琴伴奏的兩組三重奏在紐約爵士聖地前鋒村俱樂部的現場錄音，少了鋼琴聲響的牽絆制抑，讓他的吹奏更顯奔放不羈而擲地有聲，並在低音提琴的撩撥彈滑及鼓組錯落有致的助陣下，三方屢屢地交相對峙或烘托而激盪出更經典的爵士語彙及源源不絕的慧黠巧思，即便是演繹最熟悉不過的標準曲或抒情曲，均能打造出絕無僅有的大器格局；聽羅林斯在專輯中的演奏，彷彿親臨現場感受最活色生香的曠世名演！', 1, '2025-06-12 13:19:19'),
(84, '阿基拉\nAkira', '2025-06-12 10:07:14', 980, 1, 6, 27, 86, 1, 1, '2024-06-14', 24, 1, '1', 'The strength of the \'Akira\' soundtrack lies in its unique blend of traditional Japanese instruments and futuristic electronic sounds. Yamashiro weaves together an eclectic mix of influences, creating a sonic landscape that mirrors the dystopian and cyberpunk themes of the movie. The use of traditional chants, taiko drums, and shakuhachi flutes alongside electronic synthesizers and orchestral elements generates a hauntingly mesmerizing atmosphere that perfectly complements the visuals on screen. ', 1, '2025-06-12 13:19:19'),
(85, '天空之城 美特拉 (噴濺彩膠)\nMETEORA (Translucent Gold & Red Splatter Viny)', '2025-06-12 10:07:20', 1180, 1, 3, 14, 87, 1, 1, '2024-07-26', 4, 1, '0', '● 榮獲葛萊美獎、Billboard音樂獎、滾石雜誌、世界音樂獎及三大MTV音樂獎肯定\n● 空降英美台專輯排行冠軍、十八國冠軍排行寶座\n● 收錄4首Billboard現代搖滾榜冠軍曲:Somewhere I Belong、Faint、Numb、Lying From You 六個二十出頭的年輕人，發片前嚐盡被唱片公司拒於門外的挫敗，卻在出道短短三年間得到樂壇上所有的光榮，包括世界音樂獎、葛萊美獎、Billboard音樂獎、MTV音樂大獎、以及滾石雜誌所頒發的年度風雲人物，他們的首張專輯「Hybrid Theory」被滾石雜誌推崇為：「12首環環相扣的歌曲，巧妙融合了另類金屬樂、嘻哈與唱盤的技術。」這張專輯也成為2001年全美專輯銷售冠軍，並在全球創下一千五百萬張的銷售紀錄。 而第二張作品「天空之城：美特拉」亦不負眾望，推出首週便空降英美台排行冠軍，登上十八個國家的冠軍排行寶座。事實上，在「METEORA 天空之城─美特拉」專輯中，整個樂團的感覺聽起來更實在了。這種成就的確罕有，六位成員完全融為一體，但是卻不失每個人的特質，如此造就了獨屬於Linkin Park的風格。 除了音樂成就被全球', 1, '2025-06-12 13:19:19'),
(86, '世紀天后：席琳狄翁 電影原聲帶\nI Am: Celine Dion', '2025-06-12 10:08:02', 1580, 1, 3, 13, 88, 1, 1, '2024-08-09', 2, 2, '0', '★2座奧斯卡獎、5座葛萊美獎、2億5千萬張專輯銷售紀錄的唯一天后，全新紀錄片原聲帶專輯，紀錄片完整記錄世紀天后生命軌跡，以及近年與罕見疾病奮戰的心路歷程。\n\n★原聲帶專輯收錄包括”The Power of Love”, “My Heart Will Go On,”“ All By Myself”等經典世紀情歌之外，再收錄7首由巴爾巴尼亞知名大提琴家Redi Hasa操刀譜曲演出的紀錄片配樂樂曲，讚揚唯一天后的不凡生命旅程', 1, '2025-06-12 13:19:19'),
(87, 'Decoy (40 Anniversary Edition)', '2025-06-12 10:08:09', 1080, 1, 2, 8, 89, 1, 1, '2024-07-19', 27, 1, '1', '• 180 GRAM AUDIOPHILE VINYL\n• GATEFOLD SLEEVE\n• HIS 1984 ALBUM RECORDED WITH KEYBOARDIST ROBERT IRVING III AND GUITARIST JOHN SCOFIELD\n• 40TH ANNIVERSARY EDITION OF 2000 INDIVIDUALLY NUMBERED COPIES ON SMOKEY COLOURED VINYL\n\nDecoy Is A 1984 Album By The Famous Jazz Musician Miles Davis, Re- Corded In 1983. Robert Irving III On Keyboards Took Over The Role That Miles Had Assumed With A True Sense Of Harmony And Only A Rudi- Mentary Mastery Of Synthetic Sounds And Movements. Irving Shared The Resp', 1, '2025-06-12 13:19:19'),
(88, '災星之戀\nStar-Crossed (Sea Foam Vinyl)', '2025-06-12 10:08:16', 1280, 1, 3, 13, 90, 1, 1, '2021-09-10', 24, 1, '1', '★6座葛萊美獎得主 流行鄉村天后2021全新第5張錄音室大碟降臨\n★葛萊美王牌製作人&鬼才級操盤手聯袂，空降告示牌綜合榜季軍、鄉村與民謠榜雙料冠軍\n\n迷人的優雅嗓音、鄉村音樂的完美草根性、融入流行音樂的黃金元素，Kacey Musgraves的音樂總是能在同時期的音樂人中脫穎而出，靠的不僅僅是難得的天賦，更是因為她有別於眾的樂句架構和編曲模式，打造了獨一無二的個人特色，在樂壇中開闢了屬於自己的一條道路，並且至今依然在持續往前，探索音樂的更多可能性。\n\n出身於德州、現年33歲的Kacey Musgraves擁有豐富的美式音樂涵養，在8歲時便已開始嘗試音樂創作，展現了驚人的才華與天賦。2009年正式踏入樂壇，2013年以【Same Trailer Different Park】一鳴驚人，接著又以【Pageant Material】、【A Very Kacey Christmas】、【Golden Hour】等專輯以及多張EP，為她的音樂生涯攀向一個又一個的高峰，締造了數百萬張的專輯銷售之餘，更讓Kacey Musgraves獲獎無數；總計Kacey Musgraves的生涯至今，已獲得6座', 1, '2025-06-12 13:19:19'),
(89, 'Mellow Medicine', '2025-06-12 10:08:50', 1380, 1, 5, 21, 91, 1, 1, '2024-10-30', 24, 1, '0', '日本Neo Soul女聲代表——具島直子（Naoko Gushima）於1999年推出的第三張錄音室專輯，維持其一貫灑脫、都會感十足的風格，更進一步融合更華麗與多元的音樂層次，在J-Urban與City Pop愛好者中被視為經典之作。\n本次特別以清透彩膠（Clear Vinyl）形式限量再發行，質感與收藏價值兼具，無論是音樂性還是視覺美感都達到極致。每一首曲目皆展現她細膩的聲線與成熟韻味，是喜愛90年代日系靈魂樂與City Pop的樂迷絕對不容錯過的精品。', 1, '2025-06-12 13:19:19'),
(90, 'Coldplay\'s Viva La Vida (Transparent Blue Vinyl) (RSD)', '2025-06-12 10:08:55', 1280, 1, 1, 5, 92, 1, 1, '2022-11-25', 24, 1, '0', 'Vitamin String Quartet’s full album tribute to Coldplay’s Viva la Vida or Death and All His Friends is a lush, soaring collection of music and a favorite amongst VSQ’s fans. Packed with full and rousing arrangements of a revolutionary album in Coldplay’s catalog, VSQ’s classic release is getting the RSD Black Friday exclusive LP treatment. This is the first time the album will be put out on vinyl and it comes with a brand-new package, cover art, download card and colored wax for this special rel', 1, '2025-06-12 13:19:19'),
(91, '月亮上的男人\nMan On the Moon: End of the Day', '2025-06-12 10:09:02', 1480, 1, 3, 12, 93, 1, 1, '2009-09-15', 24, 2, '0', 'Man on the Moon: The End of Day is the debut studio album by American hip hop recording artist Kid Cudi, released on September 14, 2009, by Dream On, GOOD Music, and Universal Motown. A concept album, narrated by fellow American rapper Common, it follows the release of his first mixtape A Kid Named Cudi (2008). Production for the album took place during 2007 to 2009 and was handled by several record producers, including Cudi, Kanye West, Emile Haynie, Plain Pat, No I.D., Dot da Genius and Jeff B', 1, '2025-06-12 13:19:19'),
(92, 'The Sky Will Still Be There Tomorrow', '2025-06-12 10:09:08', 1680, 1, 2, 8, 94, 1, 1, '2024-03-15', 49, 2, '0', '★AMG-4星半超高評薦，現今樂壇最重量級爵士薩克斯風巨人\n★【2024衛武營爵士週】 2024-08-23 ，查爾斯．洛伊德四重奏《明日依舊》，美國爵士巨擘查爾\n斯．洛伊德，率鋼琴手傑森．莫蘭、貝斯手拉瑞．格瑞納迪亞，以及鼓手艾瑞克．哈藍連袂登臺，堪稱當今爵士樂壇最頂尖的明星級陣容，不容錯過！\n\n★持續不斷超越自我的傳奇薩克斯風大師，最新專輯，英國衛報給予五顆星經典鑑賞\n★查爾斯洛伊德以輕柔地切入，慢慢的居於主導，再到與合作的頂尖樂手並行演出，共同帶出樂曲的耀眼光彩\n★包括：美麗迷人的樂曲「Defiant,Tender Warrior」，向查爾斯洛伊德尊稱為音樂界「大祭司」的鋼琴巨人Thelonious Monk致意，縱情，狂放的幻想樂曲「Monk’s Dance」，饒富情感的標題曲「The Sky Will Still Be There Tomorrow」...\n\n2024年，八十六歲生日，橫跨兩個世紀的傳奇薩克斯風大師Charles Lloyd為全世界的樂迷獻上宏偉的雙CD錄音室音樂大作【明日依舊The Sky Will Still Be There Tomorrow】，在這張專', 1, '2025-06-12 13:19:19'),
(93, 'Are We There (10th Anniversary Edition)', '2025-06-12 10:09:49', 1180, 1, 3, 13, 95, 1, 1, '2024-05-31', 24, 1, '0', '◎美國黑色系調的獨立淒美女聲\n◎邀請葛萊美獎加冕，縱橫音樂和戲劇配樂界的Stewart Lerman(Elvis Costello、David Byrne)協助製作，拿下告示牌流行榜第25名\n\nNPR Music：「近年來最令人著迷的嗓音之一」 \nPitchfork：「全然的扣人心弦」 \n滾石雜誌：「如同Nick Cave，大量蘊含迷人的暗黑色彩」 \nAMG：「傷感氛圍營造與文思泉湧的絕佳展現」', 1, '2025-06-12 13:19:19'),
(94, 'Short n’ Sweet (Baby Blue)', '2025-06-12 10:11:24', 1480, 1, 3, 13, 96, 1, 1, '2024-08-23', 33, 1, '1', '泰勒絲欽點 新生代人氣小天后 莎賓娜卡本特\n最新錄音室大碟【Short n’ Sweet】\n全世界都在聽的魔性旋律！狂霸全球排行冠軍王座！\n\n    迎接全新莎賓娜卡本特！甜美蛻變展現嶄新自我，攜手爆紅單曲“Espresso”製作人Julian Bunetta、泰勒絲指定製作人Jack Antonoff打造最新大碟！\n    收錄席捲全球排行的冠軍主打“Espresso”、”Please Please Please”等12首全新單曲！', 1, '2025-06-12 13:19:19'),
(95, '寂寞時分\nIn The Lonely Hour (10 Anniversary Edition)', '2025-06-12 10:11:30', 1280, 1, 3, 12, 97, 1, 1, '2024-08-02', 33, 1, '0', '★史上第一位以出道單曲勇奪英國金榜冠軍的全英音樂獎「評審首選大獎」得主\n★BBC「2014年度新聲」冠軍歌手首張大碟，專輯預購強勢進駐iTunes榜No.4，收錄英國金榜冠軍大作\"Money On My Mind\"\n★英國泰晤士報盛讚：「一個真正的靈魂歌手，可以從出色的男中音轉換至完美無瑕的假音，流露著很真實受傷感覺的歌聲」、Q雜誌：「罕見的情感歌聲，無論唱什麼都能增添歌曲的感動力量」 英國泰晤士報盛讚：「Sam Smith是一個真正的靈魂樂歌手，可以從出色的男中音轉換至完美無瑕的假音，流露著很真實受傷感覺的歌聲。」\n\n他以完美融合怦然心動的碎拍節奏、輕快活潑的流行節奏藍調風格的單曲\"Money On My Mind\"，成為第一位以出道單曲勇奪英國金榜冠軍的全英音樂獎「評審首選大獎」得主，這位同時坐擁2013年英國黑人音樂獎（MOBO Awards）與BBC「2014年度新聲」頭銜、締造英國與北美巡迴演唱會爆滿票房的歌手，在2014年誠摯獻上眾所矚目的首張大碟【In The Lonely Hour】。 1992年出生於英國劍橋郡Great Chishill村的Sam Smith，青少年', 1, '2025-06-12 13:19:19'),
(96, '印第安納瓊斯 - 法櫃奇兵 電影原聲帶\nIndiana Jones and the Raiders of the Lost Ark', '2025-06-12 10:11:59', 1680, 1, 6, 26, 98, 1, 1, '2024-06-28', 33, 2, '0', '在好萊塢的影音搭檔之中，大導演史蒂芬史匹柏、喬治盧卡斯與音樂家約翰威廉斯這個鐵三角是最耀眼的共同體，三人攜手合作的印第安納瓊斯系列電影與音樂堪稱當代視覺影像藝術與音樂藝術的顛峰，環球音樂集團旗下的Concord Records唱片公司為了榮耀這個跨越了近30年的影音里程，不但重新取得這套系列電影的前三集—「法櫃奇兵」、「魔宮傳奇」、「聖戰奇兵」的原聲大碟的發行權，讓這三張在唱片市場上絕版超過十年以上的原聲帶大碟重見天日，讓全球電影音樂發燒友得以更完整的體驗這場影音創作史上的聽覺饗宴。\n\n1981年首映的印第安納瓊斯系列電影首部曲—【法櫃奇兵】，描述考古學家印第安納瓊斯博士應美國軍方之請，為了避免具有神祕能量的法櫃落入納粹之手，於是偕同女友瑪莉安前往開羅搜尋法櫃，一場驚心動魄的冒險里程就此拉開序幕。【法櫃奇兵】在全球締造了3億8300萬美金的票房，影片獲得了包括最佳影片、導演與原創音樂等8項提名，抱走了最佳剪輯、音響、視覺特效、藝術指導等4座奧斯卡，同時還獲頒奧斯卡最佳視覺特效剪輯成就獎。\n\n約翰威廉斯在為【法櫃奇兵】創作電影音樂的過程中，將他個人在1970年代中的「星際大戰」、「超人」', 1, '2025-06-12 13:19:19'),
(97, '印第安納瓊斯：水晶骷髏王國\nIndiana Jones and the Kingdom of the Crystal Skull', '2025-06-12 10:12:06', 1680, 1, 6, 26, 99, 1, 1, '2024-06-28', 33, 2, '0', '◎好萊塢巨人史蒂芬史匹柏，「星際大戰」巨匠喬治盧卡斯與動作巨星哈里遜福特組合之好萊塢鐵三角1980年代狂掃全球12億美金票房，榮獲7座奧斯卡大獎的印第安納瓊斯冒險系列-「法櫃奇兵」第4擊!!!\n◎哈里遜福特、「伊莉莎白」凱特布蘭琪、「變形金剛」西亞李畢福巨星聯演!\n◎當代最受歡迎電影音樂巨擘約翰威廉斯John Williams世紀音樂史詩經典!\n\n\n全球影壇最受歡迎的冒險動作英雄-印第安納瓊斯回來了！奧斯卡金獎導演史蒂芬史匹柏，「星際大戰」系列編導喬治盧卡斯與動作巨星哈里遜福特這個好萊塢鐵三角繼1980年代狂掃全球12億美金票房，榮獲7座奧斯卡大獎的印第安納瓊斯冒險系列-「法櫃奇兵」(Raiders Of The Lost Ark)、「魔宮傳奇」(Indiana Jones And The Temple Of Doom)、「聖戰奇兵」(Indiana Jones And The Last Crusade)之後，在2008年的夏季強檔中隆重鉅獻【印第安納瓊斯：水晶骷髏王國】，重現這為史上最強悍的考古學教授的動作魅力。\n\n\n【印第安納瓊斯：水晶骷髏王國】在演員陣容上除了有哈里遜福特之外，同', 1, '2025-06-12 13:19:19'),
(98, '癟四與大頭蛋\nBeavis & Butt-Head Do The Universe (Blue Vinyl)', '2025-06-12 10:12:26', 1580, 1, 6, 27, 100, 1, 1, '2023-04-21', 24, 1, '1', 'Enjoy The Ride Records in conjunction with Paramount Plus proudly present Beavis and Butt-Head Do The Universe, Composed by John Frizzell. Available on limited edition vinyl, John Frizzell (Alien Resurrection, Office Space, Beavis and Butt-Head Do America) returns with a 69-piece orchestra to score the return of Beavis and Butt-Head, who end up going through a black hole and end up in the year 2022. Amidst a world filled with unknown technologies, the duo is still on a mission to find nachos, an', 1, '2025-06-12 13:19:19'),
(99, 'Moon Music (2nd Edition Clear Eco Vinyl)', '2025-06-12 10:12:32', 1280, 1, 3, 14, 101, 1, 1, '2024-10-04', 4, 1, '0', '英倫搖滾天團全新第10張專輯《Moon Music 月球漫遊》，睽違三年之久的全新大碟，延續上一張專輯《Music Of The Spheres 星際漫遊》的音樂概念，超級製作班底Max Martin(泰勒絲、布蘭妮、凱蒂佩芮)回歸操刀', 1, '2025-06-12 13:19:19'),
(100, '美麗壞東西(酷亮粉雙彩膠)\nThe Best Damn Thing (Bright Pink)', '2025-06-12 10:12:38', 1680, 1, 3, 13, 102, 1, 1, '2024-06-21', 2, 2, '0', '★席捲全球3400萬張專輯、5000萬張單曲驚人銷量，搖滾教主艾薇兒2007第三張錄音室專輯，2024全新進口酷亮粉雙彩膠版本\n★空降英美多國排行榜冠軍，累積銷售超過600萬張，收錄\"Girlfriend\", ; \"When You`re Gone\", \"Hot\" and \"The Best Damn Thing\"等排行金曲\n★2024酷亮粉雙彩膠版本首度實體收錄五首bonus歌曲', 1, '2025-06-12 13:19:19'),
(101, '加州淘金夢 (紅藍彩膠)\nCalifornication (Red/Ocean Blue)', '2025-06-12 10:12:44', 1480, 1, 3, 14, 103, 1, 1, '2024-07-26', 4, 2, '0', '83年於加州成軍至今的Red Hot Chili Peppers，16年來僅管只發表過6張專輯，卻擁有多位超級製作人如George Clinton (Funkadelic Parliament幕後Funk大師)、Michael Beinhorn (Herbie Hancock)、Rick Rubin (曾負責Slayer、Dazing等Metal樂團，為Def Jam主腦人物)親自坐鎮，多組當代大團包括Beastie Boys、Faith No More、Pearl Jam、Smashing Pumpkins助陣巡迴的樂團魅力；91年的風雲專輯「Blood Sugar Sex Magik」締造全球熱賣佳績(並在Billboard榜停留年餘)，兩支主打單曲Give It Away、Under The Bridge分別獲頒MTV「最佳突破獎」及「史上500支最佳音樂錄影帶第5名」。95年「One Hot Minute」專輯延續此一氣勢，成功巡迴21個國家。當家貝斯手Flea更於96年被Bass Player雜誌評選為「年度最佳吉他手」。而他們為「癟四與大頭蛋」電影版所作的主題曲Love R', 1, '2025-06-12 13:19:19'),
(102, '靠近你\nThis Close To You', '2025-06-12 10:12:55', 788, 1, 3, 14, 104, 1, 1, '2024-06-21', 2, 1, '0', '★5座葛萊美獎肯定R&B情歌聖手領軍樂團，生涯早期1977年第二張錄音室專輯，2024全新進口黑膠版本', 1, '2025-06-12 13:19:19'),
(103, '邊界\nThe Border', '2025-06-12 10:13:01', 958, 1, 3, 12, 105, 1, 1, '2024-06-21', 2, 1, '0', '★葛萊美獎鄉村搖滾傳奇2024歡慶91歲大壽全新錄音室專輯，進口全新黑膠版本\n★專輯與與長年製作夥伴Buddy Cannon聯手創作的四首全新歌曲，一共收錄十首全新錄製音軌，突破時空界限延續鄉村搖滾傳奇的偉大音樂旅程\n ', 1, '2025-06-12 13:19:19'),
(104, '真人快打4\nMortal Kombat 4', '2025-06-12 10:14:06', 1680, 1, 6, 28, 106, 1, 1, '2023-06-30', 24, 1, '1', 'Enjoy The Ride Records in conjunction with WaterTower Music & NetherRealm Studios is proud to announce the release of Mortal Kombat 4 (Soundtrack from the Arcade Game). Composed by Dan Forden, Mortal Kombat 4 (Soundtrack from the Arcade Game) is now available for the first time on vinyl.\n\nMortal Kombat 4 (Soundtrack from the Arcade Game) is pressed at 33rpm on limited edition colored vinyl, housed in a 350gsm jacket with black poly-lined inner sleeves.', 1, '2025-06-12 13:19:19'),
(105, '吳罕\nWu Hen', '2025-06-12 10:14:14', 980, 1, 2, 8, 107, 1, 1, '2020-11-20', 24, 1, '1', 'Wu Hen is the sophomore album from Peckham jazz visionary Kamaal Williams.\n\nBringing groove to the forefront, Wu Hen oscillates between celestial jazz, funk, hip hop and r&b reinforced with the rugged beat-heavy attitude of garage, grime, house and jungle – a self-styled fusion Kamaal describes as Wu Funk.\n\nWu Funk is very much a style of the here and now – a millennial take on jazz fusion – a style that reflects the wide-ranging aesthetic of the London jazz scene through which Williams has come', 1, '2025-06-12 13:19:19'),
(106, 'Cool Cat', '2025-06-12 10:15:09', 980, 1, 2, 8, 108, 1, 1, '2024-08-02', 27, 1, '1', 'Chet Baker was an American jazz trumpeter, actor and vocalist and a major innovator in cool jazz, leading him to be nicknamed “the Prince of Cool”. The 1989 album Cool Cat contains six tracks, split into 3 instrumentals; \"Swift Swifting \", \"\'Round Midnight\", \"Caravelle\" and the 3 vocal tunes \"For All We Know\", \"Blue Moon\" and \"My Foolish Heart\". For the recordings of Cool Cat, Chet is accompanied by pianist Harold Danko, bassist Jon Burr and drummer Ben Riley.  ', 1, '2025-06-12 13:19:19'),
(107, '侏羅紀世界：統霸天下\nJurassic World Dominion', '2025-06-12 10:15:44', 2980, 1, 6, 27, 109, 1, 1, '2023-01-13', 50, 2, '1', 'Mondo, in collaboration with Back Lot Music, is thrilled to unveil the concluding chapter of the iconic Jurassic saga: Michael Giacchino’s compelling score for JURASSIC WORLD DOMINION.\n\nGiacchino\'s musical journey began at Disney Interactive Division, where he initially composed for video games. His connection with the Jurassic franchise traces back to his involvement in scoring the temp track for the video game adaptation of The Lost World: Jurassic Park during his time at DreamWorks Interactiv', 1, '2025-06-12 13:19:19'),
(108, 'Chet Baker In Paris Vol. 2', '2025-06-12 10:15:50', 1280, 1, 2, 8, 110, 1, 1, '2024-08-30', 33, 1, '0', 'het Baker recorded on October 1955 in Paris at Studio Pathé-Magellan. Original LP issue: Barclay 84.017, re-issued on a special editions by Sam records.\nRe-mastered from the original mono master tapes!\n\nOn October 24th only Jimmy Bond was still with Chet : Peter littman had returned to America, and his seat was now accupied by Nils-Bertil ‘Bert’ Dahlander, a Swedish drummer who’d accompanied Lars Gullin. At the Keyboard was an almost-unknown pianist named Gérard Gustin who’d just been signed to ', 1, '2025-06-12 13:19:19'),
(109, 'Chet Baker In Paris Vol. 1', '2025-06-12 10:15:55', 1280, 1, 2, 8, 111, 1, 1, '2024-08-30', 33, 1, '1', 'This session of Chet Baker, recorded at Studio Pathé-Magellan October 11 and 14, 1955 in Paris, is the first of three recordings released for the Barclay label between 1955 and 1956, re-issued on a special editions by Sam records.\n\nRe-mastered from the original mono master tapes!\n\nFor his first recording-date in Paris Chet decided to tackle Bob Zieff’s compositions, the same ones that Dick Twardzik had picked up in a hurry at the Alvin Hotel on his way to board the liner Ile-de-France. Violonist', 1, '2025-06-12 13:19:19'),
(110, 'Chet Baker In Paris Vol. 3 (With Bobby Jaspar)', '2025-06-12 10:16:01', 1280, 1, 2, 8, 112, 1, 1, '2024-08-30', 33, 1, '1', 'This session was recorded at Studio Pathé-Magellan in Paris, between Tuesday October, 25th, 1955 and February, 10th, 1956. This record is the third and last record for the Barclay label. In answer to an offer from Nicole Barclay, Chet Baker arrived in Paris early in September 1955. On the 22nd – or maybe the 23rd – he signed a contract to make seven records… (The figure was later erased and replaced by «three», which turned out to be correct). Released after the trumpeter’s return to the USA, th', 1, '2025-06-12 13:19:19'),
(111, 'The Brilliant', '2025-06-12 10:16:07', 980, 1, 2, 8, 113, 1, 1, '2024-08-02', 27, 1, '1', 'To this day, jazz pianists are influenced by Bill Evans by his use of impressionist harmony, interpretation of traditional jazz repertoire, and his trademark rhythmically independent, “singing” melodic lines. Evans gained his first spotlight when joining Miles Davis’ sextet during the time Kind of Blue was recorded. After leaving the sextet, Evans began his career as bandleader, which he finished in his last trio with Marc Johnson on bass and Joe LaBarbera on drums. This trio recorded The Brilli', 1, '2025-06-12 13:19:19');
INSERT INTO `o_vinyl` (`id`, `name`, `listing_date`, `price`, `stock`, `main_category_id`, `sub_category_id`, `image_id`, `condition_id`, `status_id`, `release_date`, `company_id`, `lp_id`, `list`, `desc`, `is_valid`, `creatTime`) VALUES
(112, '往天涯的盡頭單飛', '2025-06-12 10:16:11', 1299, 1, 4, 18, 114, 1, 1, '2024-10-18', 46, 1, '0', '。原始母帶製作\n。英國Abbey Road Studios刻片\n。東洋化成壓製  180g\n。限量發行\n\n\n王新蓮在20歲時，被朋友抓去參加金韻獎，演唱「風中的早晨」。22、23歲在PUB演唱，並開始寫歌﹔24歲加盟「巨將」，出版「不要太多」專輯﹔25歲到滾石，製作過「回聲」、「潘越雲金曲精選」、「你愛我嗎」(張艾嘉專輯)、「快樂天堂」等許多受歡迎的專輯。鄭華娟則是在17歲時，參加了金韻獎。20歲考進中國卡通製作公司，編導過警政署的宣導短片。21歲時，李宗盛邀請她為鄭怡專輯寫歌，不久，寶麗金欣賞她的才華，力邀她錄製專輯－「求職」。23歲時，開始加盟「滾石」，參與梁銘越「中國冥想音樂」製作，並為潘越雲等人寫歌。由她們的經歷裡可發現，參加「金韻獎」以及到「滾石」是一個共同的交接點。\n\n「往天涯的盡頭單飛」就是王新蓮和鄭華娟這兩個勇敢又自然的女孩，在離開之前的最後一次合作。她們以多年的相知經驗共同譜曲，共同演唱，融入她們過去旅行的經驗和情感，唱出告別的心情和衝刺的喜悅。她們主張「自然」是因為自然難求，她們離開城市是因為難以呼吸。她們從墾丁到巴黎，從「回聲」到「快樂天堂」的種種經驗，都促使這張', 1, '2025-06-12 13:19:20'),
(113, '愛爾蘭根源\nIrish Roots', '2025-06-12 10:16:33', 1498, 1, 1, 3, 115, 1, 1, '2024-06-28', 7, 2, '0', '小提琴家霍普的曾祖父在1890年代從愛爾蘭沃特福德前往南非，開啟了新生活。雖然霍普從未在愛爾蘭居住，但在1970年代初，因被迫離開南非尋求政治庇護時，愛爾蘭接納了霍普及其無國籍家族，給予他們國籍。這一身分深深影響了霍普的生活和音樂創作，也促使他創作紀錄片《居爾特夢：霍普的隱秘愛爾蘭歷史》。在音樂學家奧利維耶•富雷的支持下，霍普開始探索愛爾蘭民間音樂與古典音樂的聯繫。這一探索最終催生了《愛爾蘭根源》專輯，為霍普追尋其音樂DNA中愛爾蘭元素的自然延伸。\n\n\n《愛爾蘭根源》是這段音樂旅程的結晶，專輯收錄了愛爾蘭二十世紀作曲家伊娜•博伊爾和大詩人兼豎琴手奧卡羅蘭的作品，經典的《丹尼男孩》，以及三百年前在愛爾蘭風靡一時的維瓦第《和諧的靈感》協奏曲。\n\n霍普的新專輯匯聚了眾多傑出的愛爾蘭音樂家，包括傳統音樂團體Lúnasa、豎琴手雪凡•阿姆斯壯、長笛演奏家詹姆斯與珍•高威夫婦、歌手瑞亞•加維、多樂器演奏家與民間音樂家羅斯•戴利、希臘小提琴家帕帕納斯，以及由蓋斯指揮的希臘塞薩洛尼基國家交響樂團。\n\n《愛爾蘭根源》專輯不僅展示了霍普對愛爾蘭音樂的深厚熱愛，也體現了他對家族歷史的探索和感激之情。這張專輯', 1, '2025-06-12 13:19:20'),
(114, '《一個好人》電影原聲帶\nA Good Person', '2025-06-12 10:16:45', 758, 1, 6, 26, 116, 1, 1, '2024-06-28', 7, 1, '0', '《一個好人》是由札克‧布瑞夫編劇、導演和監製的美國劇情片。女主角艾莉森（佛蘿倫絲普伊飾）有一份高薪工作和相愛的未婚夫，但是一場車禍讓她失去一切。身為唯一的生還者與肇事者，她必須倚賴止痛藥來麻醉精神和身體上的疼痛。準公公丹尼爾（摩根弗里曼飾）因為這場車禍必須照顧成為孤兒的孫女，悲痛與壓力讓他又開始酗酒。艾莉森尋求救贖時，她和丹尼爾發現友誼、寬恕和希望可以在不太可能的地方萌芽。\n\n電影配樂由葛萊美獎得主、美國搖滾樂團「國民樂團」創始成員布萊斯‧戴斯納創作。憑藉哀傷的管弦樂和夢幻的鋼琴旋律，他巧妙引導觀眾進入故事。評論家稱讚布萊斯‧戴斯納的音樂情感與電影氛圍完美配合。雖然配樂中有些只是短暫的音樂片段，但布萊斯‧戴斯納以自己獨特的方式反映和配合電影情感複雜性，創造出令人沉浸其中的音景，充滿真情和回憶中的痛苦。', 1, '2025-06-12 13:19:20'),
(115, 'Live In East Berlin 1967', '2025-06-12 10:18:21', 2980, 1, 2, 9, 117, 1, 1, NULL, 47, 2, '0', '接下來這份錄音太有歷史意義了，1967年 #艾拉費茲潔拉 與Duke Ellington及其管弦樂隊在歐洲進行巡演，當他們結束了西柏林的音樂會之後，他們大膽決定帶著三重奏的小編制樂團繞道前往 “東柏林”的弗里德里希皇宮劇院(Friedrichstadt Palace)進行演出，也成為Ella在東柏林留下的唯一錄音。訊源同樣來自原始類比母帶，再交由Kevin Gray刻盤，每壓製五百張會以全新的Stampers重新製作，法國原產地生產。', 1, '2025-06-12 13:19:20'),
(116, '新世紀福音戰士新劇場版：終 原聲帶\nMusic From Shin Evangelion Evangelion: 3.0+1.0', '2025-06-12 10:21:08', 1980, 1, 6, 27, 118, 1, 1, '2024-10-25', 51, 3, '0', 'Relive the emotions of the final movie in the \"Rebuild of Evangelion\" series with Shiro SAGISU\'s Music from \"SHIN EVANGELION\" EVANGELION: 3.0+1.0 vinyl! Reconnect to your favorite EVAs in their final battle with this one-of-a-kind vinyl release.', 1, '2025-06-12 13:19:20'),
(117, 'Talking Book', '2025-06-12 10:25:02', 1280, 1, 2, 8, 119, 1, 1, NULL, 33, 1, '0', '美國曾有一位樂評人在描述Stevie Wonder的音樂技巧時寫道：「他是最擅長將電子合成器賦予人性化的樂手。」他從1972年發行的專輯【Talking Book】開始，就以獨創性的節奏結合深具街頭觀點的歌詞改變美國70年代的流行音樂創作風貌。Stevie在專輯中透過鍵盤與電子鋼琴的音色以及藉由電子合成器所營造的弦樂效果，創作出多變的節奏風格，專輯在1974年的葛萊美獎中大放異彩，包括：蟬連全美熱門單曲榜與抒情榜雙冠軍抒情曲\"You Are The Sunshine Of My Life\"贏得最佳流行男歌手獎，結合銅管樂器與薩克斯風的放克節奏冠軍曲\"Superstition\"拿下最佳節奏藍調歌曲與男歌手等兩項大獎，這兩首得獎歌曲之後在2003年的滾石雜誌史上500首最偉大的歌曲名單中雙雙入列，專輯也入選史上500張最偉大的專輯之列。', 1, '2025-06-12 13:19:20'),
(118, '闇黑無界：星際爭霸戰\nStar Trek Into Darkness', '2025-06-12 10:25:20', 3380, 1, 6, 26, 120, 1, 1, '2024-09-06', 9, 3, '0', 'The expanded Deluxe Edition version of composer Michael Giacchino’s score for Star Trek Into Darkness arrives on vinyl for the first time ever as a 3-LP Blue, Red, and Yellow set themed after the iconic Starfleet uniforms. The collection comes housed in a premium slipcase with a Starfleet Insignia-shaped cut-out, allowing fans to pick their own cover image, and includes a 16-page booklet with behind-the-scenes photos from the film set and notes from J.J. Abrams and Michael Giacchino.\n\nInto Darkn', 1, '2025-06-12 13:19:20'),
(119, '阿甘正傳 電影原聲帶(配樂)\nForrest Gump', '2025-06-12 10:25:26', 1080, 1, 6, 26, 121, 1, 1, '2024-09-13', 27, 1, '1', '「人生有如一盒巧克力，你永遠不知道你將會拿到那一顆」 湯姆漢克斯主演，平實而機敏的口白成為阿甘正傳的最佳註腳。 本片榮獲六座奧斯卡金像獎(最佳影片、導演、男主角、改編劇本、剪輯、視覺效果)，三項金球獎(最佳影片、導演、男主角)的《阿甘正傳》，可說是1994年最風光的電影，三億美元的賣座記錄，更使它躋身影史賣座第八名。 本片以智商75的阿甘來觀看世界，透過他單純的思想以及善良的個性，描繪出美國50年代至90年代的歷史，雖然40年間，美國歷史有巨大的變化，但是弱智的阿甘突破智能的限制，以一貫的誠實以及天生的直覺行動，反倒開闢了一片天地，是\"天生我才必有用\"的最佳例證。 二次大戰剛結束，阿甘出生在美國阿拉巴馬州的一個閉塞小鎮，他先天弱智，但上帝又賜予他一雙疾步如飛的飛毛腿和一副單純正直．不存半點邪念的頭腦。小鎮上的人都對阿甘另眼相待，只有兩位女性關心、愛護著他。母親給予他偉大的母愛，青梅竹馬的玩伴珍妮則以純真的少女情懷暖著他的心。在她們的愛護下，阿甘長大了。帶著對珍妮至死不渝的愛戀，踏上了極不平凡的人生旅程。 阿甘經歷了整整三十幾年間美國幾乎所有重大事件，參與譜寫了五十年代至七十年代美國歷史', 1, '2025-06-12 13:19:20'),
(120, '石之花\nStone Flower', '2025-06-12 10:25:44', 1280, 1, 2, 8, 122, 1, 1, '2023-10-20', 24, 1, '0', 'One of the great popular music composers of the 20th Century, Antonio Carlos Jobim emerged from Brazil\'s burgeoning bossa nova movement of the early-1960s. The quietly powerful Stone Flower, recorded in 1970 at Rudy Van Gelder\'s studio in New Jersey and produced by Creed Taylor, contains nine graceful compositions including the jazz waltz \"Children\'s Games,\" the sublime \"Choro,\" the sophisticated \"Andorinha,\" and the dramatic title track.\n\nWith flawless arrangements from fellow Brazilian Eumir D', 1, '2025-06-12 13:19:20'),
(121, 'Now Playing (Blue Vinyl)', '2025-06-12 10:27:13', 1280, 1, 2, 8, 123, 1, 1, '2024-05-24', 4, 1, '1', 'Uncover the brilliance of jazz legend John Coltrane through a tracklist uncovering rich gems, such as the iconic \'Giant Steps\', the soulful \'Naima\',demonstrating Coltrane\'s virtuosity and innovation, the enchanting melodies of \'My Favorite Things, Pt. 1\' and the tender ballad \'I\'ll Wait and Pray\' as the perfect start or continuation of your musicaljourney', 1, '2025-06-12 13:19:20'),
(122, '安全地帶 40th ANNIVERSARY CONCERT “Just Keep Going!” Tokyo Garden Theater', '2025-06-12 10:28:12', 3680, 1, 4, 16, 124, 1, 1, NULL, 52, 2, '0', '安全地帯40周年記念コンサート\n感動の千秋楽公演を永遠に刻む\n特別なアナログレコード誕生！\n\n2022年11月、湾岸エリア”有明”で繰り広げられた安全地帯の40周年記念コンサート「40th ANNIVERSARY CONCERT “Just Keep Going!” Tokyo Garden Theater」の感動が、最高品質のアナログレコードによって蘇ります。\n\n●真摯なる音楽への探求心\n安全地帯が40年にわたり歩み続けた音楽の旅。その真髄が3枚組のアナログレコードに詰まっています。千秋楽公演で奏でられた音楽の宝石を、最高の音質でお楽しみください。\n\n●最高の音質を追い求めた制作手法\nカッティングマスターの制作では、公演当日の48kHzサンプリング/24ビットのデジタルマルチレコーディング音源をベースにこのレコードのためにフルリミックスしたマスター音源を、アナログならではの深みを再現すべくいまや最高に贅沢な制作手法といえるハーフインチのアナログテープに録音。安全地帯の演奏、中でもヴォーカル玉置浩二の歌声=声の質感に特に重点を置いたマスタリングを行ない生々しい音質を収録しています。\n\n', 1, '2025-06-12 13:19:20'),
(123, '史克里亞賓、史卡拉第鋼琴作品輯\nScriabin • Scarlatti', '2025-06-12 10:28:31', 1328, 1, 1, 1, 125, 1, 1, '2024-07-12', 7, 2, '0', '★加盟DG首張錄音\n  \n知名鋼琴家普雷斯勒曾經說「尤里務斯•阿薩爾的鋼琴演奏讓我驚訝不已。我不知道他是如何找到那獨特的悠揚聲音。樂器似乎向他透露了一個秘密」。這個讓前輩大感驚奇的鋼琴家來自德國，1997年出生，自學聽力彈奏多年後才接受正規的音樂教育，曾在柏林的艾斯勒音樂學院和德國克龍貝格音樂學院師從席夫。\n\n阿薩爾在DG的首張專輯很罕見結合史克里亞賓與史卡拉第這位作曲家的作品：一位是沉浸於神秘主義及其藝術表現的俄羅斯人，另一位是以其五百多首華麗的鍵盤奏鳴曲著稱的那不勒斯人。這張專輯創造了一種夢幻般的冥想效果，作品、時代和風格之間的界限逐漸消失。\n\n專輯包括阿薩爾鍾愛的史克里亞賓第一鋼琴奏鳴曲，以及一些早期前奏曲和一首練習曲，還有史卡拉第的六首奏鳴曲。阿薩爾選擇這些內省的作品，是因為「我希望整張專輯是一次深刻的心理體驗，能在意想不到的方向上成長，並在每一步都牢牢抓住聽眾的心。」阿薩爾以史克里亞賓奏鳴曲最後一樂章中「輕得近乎無聲」（Quasi niente）部分作為專輯的結構主幹，以它為序曲過渡到史卡拉第F小調鍵盤樂器奏鳴曲，並在其中穿插了史克里亞賓的練習曲和前奏曲、史卡拉第的六首奏鳴曲', 1, '2025-06-12 13:19:20'),
(124, '聖桑 : 經典作品選 (彩膠)\nSaint-Saens : The Definitive Collection', '2025-06-12 10:28:38', 980, 1, 1, 5, 126, 1, 1, '2024-07-12', 7, 1, '0', '★長野健與杜特華，指揮 / 蒙特婁交響樂團與愛樂管弦樂團 (A面)\n   薛庫與依莎塔•卡納－梅森 / 大提琴與鋼琴等 (B面)\n  \n法國作曲家聖桑的才華並不侷限於音樂上，他對一切事物都感興趣，積極自行研習，而且擁有超凡的記憶力，只要聽過、讀過的，他都能毫無錯漏的放在腦袋裡。1842年，聖桑開始跟隨卡米爾•瑪麗•斯坦蒂習琴。\n\n1848年，聖桑進入巴黎音樂學院，並進修管風琴及師隨阿萊維學習作曲。聖桑曾贏得多個獎項，但卻無緣於1852年及1864年贏取知名的羅馬大獎。聖桑的天分及名氣讓他與知名鋼琴家李斯特結緣，並且成為要好的朋友。聖桑十六歲時完成了他的第一交響曲；他的第二交響樂則以降E大調第一交響樂之名面世，並且於1853年公演，令到不少作曲家及評論家驚訝。音樂家白遼士曾這樣稱許聖桑：「他懂得所有事物，只是缺少經驗而已。」白遼士後來更成為聖桑的好友之一。\n\n【動物狂歡節】創作於1886年，並於1886年3月9日非正式的演出，當時只有幾位好友參與。聖桑原本只把這個作品當作平常和朋友交流所演奏的小作品，並沒有把他當作正式的作品。除了《天鵝》以外，一生都沒有公開其他作品。直到1921年聖桑過', 1, '2025-06-12 13:19:20'),
(125, '沙丘 第二部\nDune: Part Two', '2025-06-12 10:28:44', 2180, 1, 6, 26, 127, 1, 1, '2024-07-26', 24, 2, '0', 'Mutant, in partnership with WaterTower Music, is proud to present the physical release of the soundtrack to Dune: Part Two, featuring a score by Academy Award®-winning composer Hans Zimmer. Hans Zimmer’s score to Dune: Part Two is a majestic and sweeping masterpiece, befitting one of the year\'s best films. Hans Zimmer is a master of contemplative and epic themes, delivering both equally here. The love themes are beautiful and tender, while the battle cries are bolder and more significant than ev', 1, '2025-06-12 13:19:20'),
(126, '凱吉²\nCage²', '2025-06-12 10:28:54', 1280, 1, 1, 1, 128, 1, 1, '2024-05-31', 35, 1, '0', '法國鋼琴家舒馬尤透過最新專輯《凱吉²》匯集了美國作曲家約翰‧凱吉受舞蹈啟發而為鋼琴創作的20首作品，此黑膠版本則是精選出其中的15首。它延續了舒馬尤對特定作曲家的探索，這樣的想法始於2023年舒馬尤發行的專輯，那張專輯是專注於法國作曲家薩提而發的《給薩提的信Letter(s) to Erik Satie》。那張專輯將凱吉與薩提的音樂並陳，因為凱吉在20世紀中葉推廣與發揚光大作曲家薩提的作品。而《給薩提的信》這張專輯在當時也被《衛報》讚譽為「收藏中的瑰寶」。\n\n這張專輯的名稱《凱吉²》取自過去一場舞台上的演出，該表演是凱吉在1940-1945年間為該演出在法國各地一起巡迴演出這套作品。出於演出的需要，舞台上需要有4台鋼琴，每台鋼琴都以不同的方式「預備」在舞台上。此張專輯名稱為使用作曲家凱吉的名字，再加上數學中的二次方，既是指兩位表演者（鋼琴家舞者）的互補關係，也是指舞台上由4台鋼琴組成的正方形。', 1, '2025-06-12 13:19:20'),
(127, '布魯克納：第九號交響曲〈四樂章版〉\nBRUCKNER: Symphony No. 9 in D minor', '2025-06-12 10:29:02', 980, 1, 1, 5, 129, 1, 1, '2024-08-23', 53, 2, '0', '★2012年2月7-9日，柏林愛樂廳現場演出錄音！\n★拉圖帶領柏林愛樂演出四樂章的布魯克納第九號交響曲，以嶄新的詮釋帶領聽者以另一種不同的聆賞角度進入傳統德奧樂派的世界！\n★2024年9月4日是布魯克納200歲生日，以此黑膠發行紀念他。\n\n布魯克納的第9號交響曲是他生前不停再創作的，直到他過世為止。他留下的作品架構鮮明與宏大，標誌著19世紀交響曲的結束，不過他也留下為樂曲的第4樂章所創作而遺留下來的片段與草稿，為他的一生畫下句點。這是布魯克納歷時20幾年最終未能完成的最後的作品。在他所遺留下的樂譜中，能感受出布魯克納預計在終樂章以強烈而富有遠見的輝煌燦爛為他的音樂遺願及遺囑畫上圓滿的句號。指揮家賽門‧拉圖爵士說：「這個終樂章的所有奇怪之處都是100%的布魯克納，人們可以看到他當時生活中所經歷的恐懼、害怕與熱情。」\n\n這份第九號交響曲，賽門‧拉圖爵士選擇呈現了一首大家非常不熟悉的第九號交響曲型式：四樂章。但布氏在死前深知自己來不及完成此樂章，因此就聽旁人建議，指示可以用他的感恩讚歌當作第四樂章，效法貝多芬第九交響曲「合唱」那樣，用合唱樂章結束全曲。但是拉圖不願意採用這樣的建議，他採用根據', 1, '2025-06-12 13:19:20'),
(128, 'Romance Latino vol.1', '2025-06-12 10:29:06', 1180, 1, 5, 21, 130, 1, 1, '2024-11-06', 29, 1, '0', 'Bossa Nova女王，小野麗莎黑膠盤發行！\n\n以「Sophisticate／Estilo（洗鍊）」為主題，與OSCAR CASTRO-NEVES合作製作。將Bossa Nova融入懷舊的拉丁曲目。', 1, '2025-06-12 13:19:20'),
(129, 'Romance Latino vol.2', '2025-06-12 10:29:11', 1180, 1, 5, 21, 131, 1, 1, '2024-11-06', 29, 1, '0', 'Bossa Nova女王，小野麗莎黑膠盤發行！\n\n以「Romantico」為主題，拉丁抒情曲為中心的選曲。獻給戀人們', 1, '2025-06-12 13:19:20'),
(130, 'Romance Latino vol.3', '2025-06-12 10:29:17', 1180, 1, 5, 21, 132, 1, 1, '2024-11-06', 29, 1, '0', 'Bossa Nova女王，小野麗莎黑膠盤發行！\n\n以「Caliente（溫暖）」為主題。與在日本live house演奏古巴音樂的樂手們，演奏原汁原味的拉丁音樂，是一張歡樂且備受各世代喜愛的專輯。', 1, '2025-06-12 13:19:20'),
(131, 'Amy Winehouse 傳記電影《Back to Black》配樂\nBack To Black: Music By Nick Cave & Warren Ellis', '2025-06-12 10:34:12', 1080, 1, 6, 26, 133, 1, 1, '2024-09-13', 1, 1, '1', '2024年Amy Winehouse傳記電影《Back to Black》配樂由Nick Cave & Warren Ellis製作，除了根據劇情創作以外，也融合憂鬱的弦樂和環境音，深刻捕捉她一生的動蕩和具有情感的藝術創作，這個封面太美了。', 1, '2025-06-12 13:19:20'),
(132, '青い森 Ⅲ -蔦屋書店の音楽', '2025-06-12 10:34:20', 1180, 1, 5, 20, 134, 1, 1, '2024-10-03', 24, 1, '0', '音楽家 haruka nakamuraが2023年-2024年、蔦屋書店の全国のいくつかの店内音楽を1年間 担当します。楽曲は全て蔦屋書店プロジェクトのための書き下ろし曲。本を扱う書店のコンセプト、またピアノや楽器の生まれる地でもある「森」をテーマに、ナカムラの故郷の青森と繋がった「青い森」と題し2024年夏までの期間中、全4作品のアルバムを制作予定。第一弾では初のシンセサイザーのみの音楽で話題となり、多くのリスナーに愛聴されている。第二弾はピアノ・アンビエントの世界。リスナー待望の音楽世界観で好評を博した。\n今作は川内倫子のジャケット写真にも表現されている夜明けのようなblueの世界。三作目となり最も深く内なる声へ潜っていくような、深淵な青い音。青い森シリーズのトータルなコンセプチュアルにより、手元に残したい美しい装丁としても展開される。', 1, '2025-06-12 13:19:20'),
(133, '傑利莫里根與班韋伯斯特超絕聯演\nGerry Mulligan Meets Ben Webster', '2025-06-12 10:34:55', 1680, 1, 2, 10, 135, 1, 1, '2024-07-26', 39, 1, '1', '如果低音薩克斯風的大師與高音（Tenor）薩克斯風的強將相遇，會是多麼光華奪目的一場音樂饗宴？傑瑞．穆勒根與班．韋伯斯特這兩位薩克斯風界的英雄在一九五九年，以馬拉松式的競技切磋錄音，滿足了爵士迷的狂想。新數位錄音科技更將兩人鋼管口浮溢的氣流抖動都呈現纖毫畢現。美國（Down Beat）雜誌將這套錄音譽為爵士史上最偉大的錄音，並給予五顆星的最高評價，誠然當之無愧。\n ', 1, '2025-06-12 13:19:20'),
(134, '威爾第與董尼采替:詠嘆調選曲(彩膠)\nArias By Verdi & Donizetti', '2025-06-12 10:36:35', 878, 1, 1, 4, 136, 1, 1, '2024-07-30', 7, 1, '0', '威爾第和董尼采替的《詠嘆調選曲》最初於1968 年發行，開頭選自威爾第四部歌劇中的詠嘆調：《路易莎•米勒》、《福斯卡利父子》、《假面舞會》和《馬克白》。接下來是董尼采替四部歌劇中的詠嘆調：《拉美莫爾的露西亞》、《阿爾巴公爵》、《最愛》和《唐•塞巴斯蒂亞諾》，收錄在專輯的AB第二面。這張唱片可以說包含了帕華洛帝整個職業生涯中最自然、最完美的演唱，這次以黃色膠片呈現他在歌劇界引人注目的永恆地位術。', 1, '2025-06-12 13:19:20'),
(135, '孟德爾頌\nMendelssohn', '2025-06-12 10:36:56', 1378, 1, 1, 1, 137, 1, 1, '2024-07-30', 7, 2, '0', '★依莎塔•坎納－梅森，鋼琴\n☆布洛克瑟姆，指揮 / 倫敦莫札特演奏家樂團\n \n這張專輯匯集了孟德爾頌姐弟的音樂：菲利克斯華麗的第一鋼琴協奏曲和姐姐芬妮‧孟德爾頌的失傳之作《復活節奏鳴曲》，以及其他作曲家改編的孟德爾頌著名作品。\n\n鋼琴家依莎塔。坎納－梅森表示：「對我來說，將芬妮和菲利克斯的作品同時納入這張專輯是非常重要的。近幾十年來，我們才開始聽到芬妮的作曲，這是令人驚嘆的音樂」，「我對芬妮‧孟德爾頌非常著迷，她在受拘束的環境中生活，但她的音樂卻充滿了火焰和激情。」十九世紀女性的生活受到許多限制，芬妮因性別原因被父親禁止追求音樂事業，只能將音樂視為一種「裝飾」。然而，芬妮私下創作了近五百部作品，許多作品至今仍在繼續被發掘。\n\n這張專輯不僅包括芬妮‧孟德爾頌《復活節奏鳴曲》的首度錄音，還收錄了李斯特改編的《乘著歌聲的翅膀》、拉赫曼尼諾夫改編的《仲夏夜之夢》序曲，以及菲利克斯的《無言歌》和芬妮的《夜曲》。伊莎塔希望通過這張專輯，讓人們重新認識和欣賞芬妮的音樂成就。\n\n孟德爾頌姐弟童年時期經常一起演奏音樂，並在成年後保持親密的關係，甚至在一年內相繼去世。伊莎塔與大提琴家弟弟謝庫•坎納─梅森多', 1, '2025-06-12 13:19:20'),
(136, 'No More Water: the Gospel of James Baldwin', '2025-06-12 10:38:34', 1480, 1, 2, 8, 138, 1, 1, '2024-08-02', 49, 2, '0', 'Meshell Ndegeocello, insigne bassista, pluristrumentista, cantante e compositrice vincitrice insignita di GRAMMY®, arriva con il secondo album per Blue Note Records: NO MORE WATER: THE GOSPEL OF JAMES BALDWIN è un omaggio al grande scrittore, in uscitaproprio il giorno del centesimo anniversario della sua nascita. Opera visionaria, esperienza musicale, servizio religioso, celebrazione,testimonianza, e anche un invito all\'azione. Spalleggiata dai fidati collaboratori (il vocalist Justin Hicks, il', 1, '2025-06-12 13:19:20'),
(137, 'The Duets (30th Anniversary)', '2025-06-12 10:39:18', 1180, 1, 1, 4, 139, 1, 1, '2024-10-25', 30, 1, '0', 'Marking his 30th anniversary, beloved tenor Andrea Bocelli, the most celebrated classical singer in modern history, celebrates his iconic career with ‘Duets’. This new careerspanning duets collection includes classic duets with Ed Sheeran, Pavarotti, Celine Dion, Zucchero, Matteo Bocelli, Stevie Wonder, Jennifer Lopez, Dua Lipa, Giorgia, Lang Lang and Cecilia Bartoli, alongside brand new tracks featuring superstar collaborations.\n\nThis ‘Highlights’ LP features all the biggest tracks from Andrea', 1, '2025-06-12 13:19:20'),
(138, 'Walkin After Midnight', '2025-06-12 10:39:32', 1380, 1, 4, 17, 140, 1, 1, '2024-12-13', 54, 1, '1', 'Eva Cassidy\'s After Midnight collection is literally a ticket back to Eva\'s accidental Western Swing Night. A small gig at the King of France Tavern, downtown Annapolis. The 2nd of November, 1995, two months prior to her now famous Live At Blues Alley recordings. When two of Eva\'s usual four band mates were unavailable, she improvised via an impromptu invite to musician friend Bruno Nasta.\n\nProving the old adage, less can be more, the resulting violin/ lead guitar/bass combo, together with Eva\'s', 1, '2025-06-12 13:19:20'),
(139, 'Wonderful World: The Best Of Louis Armstrong', '2025-06-12 10:40:04', 1180, 1, 2, 8, 141, 1, 1, '2024-09-24', 39, 1, '1', '★16億次的全球播放聆聽!!!-多麼美好的世界!What a Wonderful World!-音樂史上最重要的微笑歌神音樂巨人，以美國爵士文化的代名詞來形容他一點都不為過！此張微笑歌神最新金曲全精選為您呈現最讓人懷念的歌神經典完美精選\n\n★收錄包括-What a Wonderful World-全球至今累計16億次播放聆聽(僅指數位時代有大數據可循/未含實體時代數據)，美國太空總署NASA選用，將其向無垠外太空做無限光年放送期待與其它生命體發生接觸，因為這是最能夠代表全人類和平美好世界期待的一首歌....       \n\n這個世界最重要的一首歌- 「What a Wonderful World」，就是出自於此位音樂史上最重要的微笑歌神音樂巨人- 路易斯‧阿姆斯壯，他在爵士樂上的卓越成就，以美國爵士文化的代名詞來形容他一點都不為過！他歌唱時宛若邊琢磨著細石顆粒的沙啞嗓音，辨識度極高的獨有聲線，再加上好似和煦陽光般的溫暖唱腔，所蘊含之真誠敦睦質感更是無人能及...\n\n  正如同爵士名伶比莉‧哈樂黛所言：「阿姆斯壯如此親切的演唱方式，真的足以化解了人與人之間的藩籬！」，其真摯歌聲真正地闡揚', 1, '2025-06-12 13:19:20'),
(140, 'The Man With the Horn (Gold Vinyl)', '2025-06-12 10:40:23', 1080, 1, 2, 8, 142, 1, 1, '2024-09-27', 27, 1, '1', 'Ｍiles’nephew Vince Wilburn was responsible for getting the trumpeter out of the suicidal withdrawal in which he had enclosed himself since 1975. Wilburn, a drummer in a Chicago group that played music that combined funk, soul, and fusion jazz, persuaded his uncle in New York to join them in the studio. Miles, however, no longer had the same technical facility and had to record his trumpet parts later. He also met the saxophonist Bill Evans, the bass guitarist Marcus Miller, and called the drumme', 1, '2025-06-12 13:19:20'),
(141, 'UTAU', '2025-06-12 10:40:28', 3680, 1, 5, 20, 143, 1, 1, '2024-07-03', 55, 3, '0', '2010年にリリースされた大貫妙子とのコラボレーション・アルバムのLP盤\n\n2010年にリリースされた坂本龍一と大貫妙子のコラボレーション・アルバム『UTAU』の初アナログ・レコード盤。坂本龍一の過去の楽曲に大貫妙子が新たに詞をつけたもの、以前のふたりでの共同作品、童謡の「赤とんぼ」、「a life」で構成されている。\nピアノと歌だけというシンプルな表現だからこそ、1970年代初期から続くふたりの豊かな歴史が伝わってくる、究極のミニマル空間で「うた」を追求した作品。\n\nCD発売時に付属したボーナス・ディスクの内容も網羅されている。', 1, '2025-06-12 13:19:20'),
(142, '東尼瀧谷 電影原聲帶\nTony Takitani', '2025-06-12 10:40:33', 2380, 1, 6, 25, 144, 1, 1, '2024-09-25', 55, 2, '0', '村上春樹の短編小説を市川準監督が映画化した『トニー滝谷』のサウンドトラック・アルバム、初LP化！\n2005年に公開された村上春樹の短編小説を市川準監督が映画化した『トニー滝谷』のサウンドトラック・アルバム初LP化！！\n \nコンサートでよく演奏される「Solitude」などピアノ演奏のみの静謐で美しい世界が構築されている。\n映画公開当時はサウンドトラック・アルバムはCDやレコードで発売されず、iTunes Storeでのダウンロード販売のみが行われて話題になった。\nこのCDは2007年になってあらためて発売、LP化は本作が初めてとなる。\n \n■LP2枚組カラーヴァイナル', 1, '2025-06-12 13:19:20'),
(143, '德弗札克：第九號交響曲「新視界」&美國組曲\nDvorak: Symphony No. 9 \"\"From the New World\"\", American Suite', '2025-06-12 10:41:33', 1080, 1, 1, 5, 145, 1, 1, '2024-08-30', 35, 1, '0', '娜妲莉．史都茲曼指揮的第一張專輯收錄了德弗札克著名的第九號交響曲「新世界」和較不為人所知的美國組曲。娜妲莉．史都茲曼(Nathalie Stutzmann) 師從芬蘭指揮大師喬瑪‧潘努拉(Jorma Panula) 學習指揮，並受益於賽門‧拉圖(Simon Rattle) 和已故小澤徵爾(Seiji Ozawa) 的指導。她在美國擔任兩個重要職務：亞特蘭大交響樂團的音樂總監，和費城交響樂團的首席客座指揮，並曾與倫敦交響樂團、巴黎交響樂團、拜魯特音樂節等樂團進行客座演出。賽門‧拉圖 (Simon Rattle) 告訴《紐約時報》：“娜塔莉是真實地存在。如此多的愛、熱情和純粹的技巧。”', 1, '2025-06-12 13:19:20'),
(144, '美國公路之旅\nAmerican Road Trip', '2025-06-12 10:41:39', 1180, 1, 1, 3, 146, 1, 1, '2024-08-23', 35, 1, '0', '在這張最新專輯中，小提琴家奧古斯汀‧哈德利希踏上了美國公路之旅，在鋼琴家歐林．魏斯的陪伴下，穿越音樂的高速公路並途經他的第二個家。兩人演奏的作品來自於美國作曲家大熔爐，創作於 19、20 和 21 世紀，並借鏡了多種習慣用語、影響力和靈感……從歐洲浪漫主義到復興主義讚美詩；從藍調、爵士樂到草根音樂；從班鳩琴到烏克麗麗再到吉米‧罕醉克斯的吉他；從墨西哥「小星星」到精緻的日本雕刻。科普蘭(Aaron Copland)、伯恩斯坦(Leonard Bernstein)、查爾斯‧艾伍士(Charles Ives) 和約翰‧亞當斯(John Adams) 與艾米•比奇(Amy Beach)、科爾里奇─泰勒‧柏金森(Coleridge-Taylor Perkinson)、艾迪‧索斯(Eddie South)、豪迪‧弗雷斯特(Howdy Forrester)、曼努埃爾‧M‧龐塞(Manuel M. Ponce) 並排，以及與亞當斯一起併排違當今指標性作曲家的丹尼爾‧伯納德‧魯曼(Daniel Bernard Roumain)和史蒂芬‧哈特克(Stephen Hartke)。\n\n奧古斯丁‧哈德里奇出生於', 1, '2025-06-12 13:19:20'),
(145, '葛利格、法朗克、紹爾/普雷特涅夫改編、蕭士塔高維奇：作品集\nGrieg, Franck, Shor-Pletnev, Shostakovich', '2025-06-12 10:41:45', 1080, 1, 1, 1, 147, 1, 1, '2024-08-30', 35, 1, '0', '丹尼爾‧洛薩科維契，一位擁有完美技巧與深度音樂性的小提琴家。在華納古典所發行的第一張專輯，是與普雷特涅夫合作，由普雷特涅夫擔任鋼琴演奏，帶來豐富而高貴的演奏與深刻的詮釋。\n\n洛薩科維契13歲在韋爾比音樂節上第一次聽到普雷特涅夫的鋼琴演奏，因而留下深刻得印象。幾年後，透過音樂節總監的介紹，洛薩科維契因而有機會結識普雷特涅夫，並一起演奏了柴可夫斯基的三重奏作品。他們兩位說，從那時候起，他們就建立的跨越世代的友誼。\n\n在這張專輯中，兩位音樂家的音樂表現十分和諧。曲目除了作曲家葛利格和法朗克的奏鳴曲之外，還有普雷特涅夫根據1970年出生於烏克蘭的阿列謝克‧紹爾所創作的小提琴協奏曲改編的小提琴奏鳴曲，獨具風采。同時身為數學家的紹爾，在作為作曲家的身分雖然大器晚成，但他的作品卻大受好評，並被世界知名的音樂家所演譯，作品擁有優美的旋律，並包含對和平的祈禱，而洛薩科維契與普蕾特涅夫的演奏，充分表達了音樂創作的喜悅和希望。\n\n專輯以葛利格的皮爾金組曲中的「蘇爾維格之歌」開場，也以葛利格的作品「第3號小提琴奏鳴曲，作品45」作為結尾，在結尾的奏鳴曲中，兩人將樂曲中充滿活力與憂鬱表現得淋漓盡致。中間則有蕭士', 1, '2025-06-12 13:19:20'),
(146, '薩爾達傳說 電玩配樂選輯\nMusic From the Legend of Zelda', '2025-06-12 10:41:51', 2180, 1, 6, 28, 148, 1, 1, '2024-10-18', 48, 3, '0', '', 1, '2025-06-12 13:19:20'),
(147, '《心之谷》電影原聲帶', '2025-06-12 10:41:57', 1080, 1, 6, 27, 149, 1, 1, '2024-11-03', 56, 1, '1', '《心之谷》（耳をすませば）原聲帶專輯，重新以管弦樂形式錄製，帶來前所未有的細緻音樂體驗。本專輯是以原先發行的印象專輯為基礎，重新編曲並由完整的管弦樂團演奏與錄音，為經典動畫注入新的生命與層次。\n\n除了精彩的配樂外，專輯亦收錄了本片最廣為人知的主題曲〈Country Road（鄉村路）〉日文版，由女主角所演唱的動人旋律將青春的悸動與夢想再次喚醒，極具收藏價值。\n\n無論您是吉卜力的忠實影迷，還是熱愛電影配樂的樂迷，這張專輯都能帶您重新走進《心之谷》的純真世界，體會那段屬於青春、夢想與音樂交織的美好時光。', 1, '2025-06-12 13:19:20'),
(148, '《心之谷》印象專輯', '2025-06-12 10:42:03', 1080, 1, 6, 27, 150, 1, 1, '2024-11-03', 56, 1, '1', '本專輯為《心之谷》（耳をすませば）的印象音樂集，是根據宮崎駿親自擔任製作與編劇所創作的分鏡圖與文字草稿所構思出的音樂作品。透過作曲家的詮釋，將影像尚未完成時的世界觀與情感，提前以音樂的形式呈現，深具藝術與想像力。\n專輯中收錄了豐富的樂曲，並特別加入 4 首主唱歌曲，使整體氛圍更具感染力與故事感。這些音樂既有獨立欣賞的價值，也能讓人更深入體會《心之谷》所描繪的青春、夢想與成長歷程。\n對於喜愛吉卜力動畫與宮崎駿創作風格的樂迷而言，這張印象專輯不僅是聆聽的享受，更是一段通往動畫靈魂深處的聲音旅程。', 1, '2025-06-12 13:19:20'),
(149, 'イリュージョン\nIllusions: Escape From the Busy Commition of the City', '2025-06-12 10:42:22', 1380, 1, 5, 22, 151, 1, 1, '2024-07-24', 24, 1, '0', 'クニモンド瀧口のプロジェクトの流線形がヴォーカリストにシンガーソングライターのSincere（シンシア）をメンバーに迎えて<RYUSENKEI>としての第1作をアナログ盤化！', 1, '2025-06-12 13:19:20'),
(150, 'At the Hickory House, Volume 1 (Mono)', '2025-06-12 10:42:39', 1180, 1, 2, 9, 152, 1, 1, '2024-09-20', 49, 1, '1', '期待已久，德國爵士女鋼琴家Jutta Hipp的作品再度釋出，偕同鼓手Ed Thigpen以及貝斯Peter Ind組成三重奏的現場錄音。本次Blue Note挖出老母帶交由Kevin Gray以全類比的方式重新後製，再交給德國Optimal壓製。\n ', 1, '2025-06-12 13:19:20'),
(151, '復仇者聯盟：終局之戰 電影原聲帶\nAvengers: Endgame OST (Purple Vinyl)', '2025-06-12 10:43:49', 1380, 1, 6, 26, 153, 1, 1, '2024-09-06', 33, 1, '1', '★全球狂掃26億美元、台灣影史票房第二名【復仇者聯盟】系列最終章電影原聲帶\n★【復仇者聯盟】、【美國隊長】配樂大師Alan Silvestri回歸打造漫威電影最終樂章，劃下11年完美句號 【電影入座】 復仇者聯盟系列最終章！灰飛煙毀後的世界該如何走下去，是否還有逆轉結局的機會？一切都將在此揭曉。\n\n歷經11年、21部超級英雄電影的累積，醞釀出漫威電影宇宙的總結 —【復仇者聯盟：終局之戰】，一上映，台灣首日即吸金8000萬，至今已經飄破8億，而全球也已狂掃26億美元，擠下【鐵達尼號】成為全球影史票房第二，成為2019年最賣座電影。 【音樂開始】 轟動全球影壇的超級賣座系列【復仇者聯盟】，配樂無疑的佔有非常舉足輕重的地位，【復仇者聯盟：終局之戰】的導演羅素兄弟（Russo Brothers）找回擔綱前作【復仇者聯盟：無限之戰】的配樂大師亞倫‧席維斯崔(Alan Silvestri)回歸操盤，他曾獲得2次奧斯卡提名、2次金球獎提名，並擁有葛萊美獎及艾美獎肯定，先前也已為【復仇者聯盟】、【美國隊長】操刀配樂，過去代表作包括:【回到未來】三部曲、【阿甘正傳】、【博物館驚魂夜】、【走鋼索的人】]，', 1, '2025-06-12 13:19:20'),
(152, '你在我心上 30周年紀念專輯 (紅黑大理石紋彩膠)\nAlways On My Mind: CoCo s 30th Anniversary Album', '2025-06-12 10:43:54', 1658, 1, 4, 17, 154, 1, 1, '2024-09-27', 2, 1, '0', '★CoCo李玟 《Always On My Mind》 經典翻唱專輯，紅黑大理石紋彩膠紀念版\n★Made In Germany德國壓片製作180g重磅彩膠，33 1/3轉\n\n收錄8首CoCo李玟親自監製摯愛金曲 堅持高品質錄音製作\n對音樂、對家庭、對歌迷們的愛 CoCo李玟永遠放在心上\n\n2024年是CoCo李玟出道30周年，雖然她已離開我們，對她的思念及追想從未間斷，粉絲也衷心期盼可以聽見更多CoCo未曾釋出的作品。就在今年，CoCo生前已錄製完畢的經典翻唱歌曲錄音，集結成專輯《Always On My Mind》出版 。\n\n這些經典歌曲是由CoCo自己親任監製，從2016年開始陸續製作，CoCo挑選自己與家人喜愛的歌、抒發自己心情的歌，以及對當代有深刻影響的經典歌曲，以自己的想法重新詮釋，從近40首預選歌單中進行討論、試唱，最終濃縮出8首完成品。CoCo很清楚這些老歌原本的曲風與背後故事，每一首她都用了很多心血去加入創意重新編排跟領悟歌詞的故事。歌單有抒情經典「夜夜夜夜」、「我真的受傷了」、「你怎麼捨得我難過」，CoCo兒時在香港長大喜歡的粵語歌「疾風」，CoCo媽媽的偶像貓王代表', 1, '2025-06-12 13:19:20'),
(153, '音樂圖鑑 (附贈七吋盤)', '2025-06-12 10:44:39', 1680, 1, 5, 20, 155, 1, 1, NULL, 24, 2, '1', '首度日本海外授權發行，1984年坂本龍一的專輯，由東京 Saidera Mastering 重製，並再附贈的七吋盤裡額外收錄兩首曲目。', 1, '2025-06-12 13:19:20'),
(154, '世界\nWorld', '2025-06-12 10:46:36', 1180, 1, 4, 18, 156, 1, 1, NULL, 24, 1, '1', '數字搖滾樂團⼤象體操⾃ 2013 年推出⾸張作品，曾踏上⽇本 Fuji Rock、美國 Camp Flog Gnaw 萬⼈⾳樂節、SXSW 南⽅⾳樂節、韓國 Pentaport Rock Festival、英國 ArcTanGent 等國際⼤型舞台，累積超過百場海外演出，與舞蹈、戲劇、影像等多次跨界合作經驗，⼗年 間持續突破搖滾樂框架，在不同樂風間⾃由穿梭。 「時間總在不知不覺中流逝，我們的⾳樂卻依舊延伸。」⼤象體操已經走過⼗年的路程，經 歷了無數起伏。2023 年末，⼤象體操將發⾏樂團的第四張創作專輯《世界 World》，展開 逾 40 場的世界巡迴旅程，向全球的樂迷展⽰他們的⾳樂世界和信仰。 專輯收錄與⽇本傳奇搖滾樂團「東京事變」⾙斯⼿⿔⽥誠治合作，⾸次挑戰雙⾙斯編曲、共 創歌曲〈名字 Name〉，兩把⾙斯別具⼀格⼜交織對話；⾸次與印度歌⼿ Shashaa Tirupati 合作譜寫繚繞神秘魔⼒的歌曲〈Jhalleyaa〉，為專輯第⼀⾸釋出的單曲；與歌⼿林以樂 YILE LIN 合作〈快樂王⼦〉，舒暢明快的搖滾風格，搭配細膩的詞曲和直率的嗓⾳，相互 輝映；新曲〈⽻⽑〉分別邀請壞特 ', 1, '2025-06-12 13:19:20'),
(155, '平成狸合戰 印象專輯', '2025-06-12 10:46:56', 1080, 1, 6, 27, 157, 1, 1, '2024-11-03', 56, 1, '0', '大好評発売中のスタジオジブリ作品のアナログ盤シリーズに、高畑勲監督作品「平成狸合戦ぽんぽこ」、近藤喜文監督作品「耳をすませば」が登場。\n各作品共イメージアルバム、サウンドトラックのリマスタリングを行い、ジャケットも新絵柄を採用、解説やライナーノーツも充実した豪華仕様。\nジャケットの美しさ、アナログならではの、音の豊かさを、お楽しみ下さい。\n※4タイトル共通：通常黒盤１枚組、シングルジャケット、帯＆ライナーノーツ付、アートワーク制作中。\n\n多摩で暮らすタヌキたちを主人公にした高畑勲監督のコンセプト、“さまざまな要素からなる日本的な音楽”を念頭に作られたアルバム。\n（CD発売日1994.6.25）音楽：八草楽団　全12曲\n\n総天然色漫画映画 平成狸合戦ぽんぽこ\n1994年7月公開 ／ 原作・脚本・監督：高畑勲 ／ 企画：宮﨑駿 ／ 音楽：八草楽団\nエンド・テーマ「いつでも誰かが」歌：上々颱風', 1, '2025-06-12 13:19:20'),
(156, 'Nha Sentimento', '2025-06-12 10:50:35', 1480, 1, 4, 17, 158, 1, 1, '2024-06-14', 27, 2, '0', '★180 gram audiophile vinyl\n★Includes 4-page booklet with lyrics\n★Features \"Serpentina\", \"Verde Cabo di Nhas Odjos\"\n★Contains the bonus track \"Gaivota Pa Voa\"\n★For the first time available on vinyl\n★15th anniversary edition of 500 numbered copies on crystal clear vinyl\n\nNha Sentimento is the eleventh and final studio album released by Cape Verdean singer Cesaria Evora. The album consists of 14 songs, most of them written by Cesaria\'s well-known writers Teófilo Chantre and Manuel de Novas. For the', 1, '2025-06-12 13:19:20'),
(157, '生命\nLIFE', '2025-06-12 10:50:42', 1068, 1, 1, 3, 159, 1, 1, '2024-08-29', 7, 1, '0', '瑪麗‧薩穆爾森是近年頗受矚目的小提琴家。她出生於挪威哈馬爾，三歲開始向著名挪威小提家亞佛‧泰勒弗森學習小提琴，接著前往奧斯陸巴萊特─杜音樂學校師事史蒂芬‧巴萊特─杜，接著在蘇黎士師從俄羅斯著名小提琴家查哈‧布隆，與也在大提琴界擁有一片天地的大提琴家哥哥霍孔‧薩穆爾森被挪威視為當前音樂界的榮耀。\n\n雖然有堅實的古典基礎，但是薩穆爾森兄妹熱愛並且勇於嘗試各種不同類型的音樂，以《鐵達尼號》、《勇敢的心》、《美麗心靈》、《阿凡達》等電影配樂廣受喜愛與熟悉的美國作曲家詹姆斯•霍納曾經為兩人量身打造的複協奏曲《雙人舞》；瑪麗‧薩穆爾森也多次與英國作曲家馬克斯‧李希特合作。\n\n這張《生命》專輯是瑪利‧薩穆爾森在成為母親之後，用音樂探索將我們連繫在一起的原始情感，作品中反映了每個人都能引發共鳴的情感與事物，如好奇心、失敗、愛與幸福等，將這些情感與經驗透過音樂表現出來。專輯結尾以美國著名獨立搖滾樂團《The National(國民樂團)》吉他手Bryce Dessner為其子創作的搖籃曲《Octave之歌》。', 1, '2025-06-12 13:19:20'),
(158, '帕格尼尼：小提琴協奏曲 & 薩拉沙泰：卡門幻想曲\nPaganini: Violin Concerto No. 1 & Sarasate: Carmen Fantasy', '2025-06-12 10:50:59', 980, 1, 1, 3, 160, 1, 1, '2024-11-01', 35, 1, '1', '小提琴鬼才帕格尼尼一直到27歲才展開他的巡迴音樂會旅程，1813年，他成功征服義大利的音樂重鎮米蘭，從此聲名大噪。不過帕格尼尼一直要到1828年才離開義大利，真正打開國際知名度。第一號小提琴協奏曲是在1817-18年間完成的。據說，帕格尼尼有自己專屬的指法與弓法，別的小提琴家不一定模仿得來。這首協奏曲可想而知是帕格尼尼為了自己演奏會用途而創作，炫技是必然的，可是難得的是，他在這首樂曲充份展現他的旋律長才，優雅動人的歌唱性，很明顯受到當時義大利歌劇（特別是羅西尼）的作品所影響。 自幼就展現不凡音樂才華的帕爾曼，克服肢體障礙，憑著過人毅力，站上頂尖演奏家的席位。帕爾曼曾接受一代名師葛拉米安與狄蕾女士的指導，盡得真傳。上個世紀的70年代開始，帕爾曼從征服卡內基、贏得列文垂特大賽，一路過關斬將，並且開始簽下唱片合約，真正讓世人認識這位正在發光發熱的明日之星。早在1969年，帕爾曼就曾經在紐約舉辦一場解說式的音樂會，曲目正是帕格尼尼的第一號小提琴協奏曲，他在音樂會上分析樂曲，說明演奏家如何「微調」以完美表現這首全面展現小提琴演奏藝術的曠世傑作。專輯中的薩拉沙泰「卡門幻想曲」改編自比才歌劇「卡門」', 1, '2025-06-12 13:19:20'),
(159, 'Orang-utan', '2025-06-12 10:51:20', 1380, 1, 4, 16, 161, 1, 1, '2024-10-23', 23, 1, '0', ' ★「ブロー・アップ」以降、一曜人気ベーシストとなった、鈴木勲のTBM第4弾。\n\n★鬼才・森剣治らと捻出する重厚なグルーヴィー・サウンドは時代を経ても決して色褪せない。（シリーズ監修：塙耕記氏より）\n\n※ SMEからのTBMレーベル市販CD,LP商品としては2007年以来の発売となる”three blind mice プレミアム復刻コレクション”シリーズ第I期第3回発売分。\n\n鈴木 勲 (bass,cello,el-piano)\n森 剣治 (as,fl,b-cl)\n渡辺 香津美 (guitar)\n河上 修 (bass)\n守 新治 (drums)\n中本 マリ (vocal)', 1, '2025-06-12 13:19:20'),
(160, 'NEO GEO (完全生產限定盤黑膠)', '2025-06-12 10:51:31', 1328, 1, 5, 20, 162, 1, 1, '2024-08-30', 23, 1, '0', '這張專輯於1987年首次發行，是坂本龍一的第七張個人專輯，並由Bill Laswell共同製作，成為他首張全球發行的專輯。專輯中匯聚了來自不同音樂流派的頂尖音樂家，如Sly Dunbar、Bootsy Collins和Tony Williams等。錄音工作在東京和紐約之間進行，該專輯在超過20個國家發行，成為他個人職業生涯中的一個重要里程碑。這次再版由Bernie Grundman進行最新的數位重製，將以高品質格式推出。', 1, '2025-06-12 13:19:20'),
(161, 'Midnight Crusin (COBALT BLUE VINYL)', '2025-06-12 10:53:30', 1280, 1, 5, 20, 163, 1, 1, '2025-08-02', 24, 1, '0', '1982年リリースの濱田金吾の4thアルバム『midnight cruisin\'』がクリア・カラー・ヴァイナルでリプレス決定!\n\n日本のAORシーンの代表格、濱田金吾が浜田金吾名義でアルファ・ムーン在籍時にリリースしたオリジナルアルバム『midnight cruisin\'』がリイシュー。\n\n近年海外での人気も著しく上昇中の盟友松下誠をはじめ実力派ミュージシャンたちが参加の極上メロウ傑作です。', 1, '2025-06-12 13:19:20'),
(162, '與克里斯汀的對話\nConversations With Christian', '2025-06-12 10:54:01', 1880, 1, 4, 16, 164, 1, 1, NULL, 57, 1, '1', '由知名貝斯手Christian McBride集結13組二重奏和一群重量級合作嘉賓，聯手展現精湛演出。專輯中呈現出多元化的樣貌，樂風觸及爵士、流行和古典。其中，Christian McBride和小提琴家Regina Carter更以超脫的演譯來詮釋巴哈的曲目。另外; Christian McBride也與當代爵士樂大師小號手Roy Hargrove、中音薩克斯手Ron Blake和吉他手Russell Malone，以及美國知名爵士鋼琴家Chick Corea、 George Duke、已故鋼琴家Dr. Billy Taylor和Hank Jones合作，其合作陣容之堅強，絕對是不可錯過的雋永珍藏。', 1, '2025-06-12 13:19:20'),
(163, '《我推的孩子》Idol', '2025-06-12 10:57:14', 1180, 1, 5, 22, 165, 1, 1, '2024-11-15', 51, 1, '0', 'Dive into the world of stardom with Idol by YOASOBI, the opening theme for the anime sensation Oshi no Ko. Inspired by Aka Akasaka’s short story “45510,” this track blends Japanese idol pop, hip-hop, rock, and video game vibes into an unforgettable piece of music. The song captures the highs and lows of fame through Ai Hoshino’s journey, from fan adoration to groupmate jealousy. It’s no wonder this hit ruled the Billboard Japan Hot 100 for 22 non-consecutive weeks!', 1, '2025-06-12 13:19:20'),
(164, 'FIXER', '2025-06-12 11:00:55', 1580, 1, 5, 21, 166, 1, 1, '2023-12-13', 29, 2, '0', '中森明菜黑膠發行第2彈、原創專輯初LP化！！\n2017年紀念中森明菜出道35週年，環球音樂發行的《FIXER》[UHQCD]首次黑膠化！', 1, '2025-06-12 13:19:20'),
(165, '7情6慾', '2025-06-12 11:03:39', 1580, 1, 4, 17, 167, 1, 1, '2024-12-20', 25, 1, '0', '★限量600張\n★獨立編號版\n全球限量黑膠版 ~極品珍藏~\n\n李翊君同時精通國語歌和台語歌的「雙聲帶」見稱。為多部瓊瑤電視連續劇演唱過主題曲、片尾曲、插曲。\n\n十三歲第一次登台演出《蘇三起解》的蘇三。出道作品為1987年出版的《萍聚》專輯，源自救國團歌曲，每每活動時傳唱。李翊君推出第一張個人專輯《萍聚》，銷量超過四白金。\n1989年發行的《再回首》專輯，與同時間的發片男歌手姜育恆主打同一首歌曲，創下兩位歌手同時主打同一首歌的紀錄。1990年，《風中的承諾》以國語翻唱香港電影《英雄本色III》粵語片尾曲梅豔芳《夕陽之歌》，KTV創下點唱率前3名。同年，李翊君為瓊瑤電視連續劇《婉君》演唱主題曲，及為《雪珂》演唱主題曲及插曲。\n\n90年代中期到2000年初，與許美靜和許茹芸同為上華唱片公司的三大天后。\n ', 1, '2025-06-12 13:19:20'),
(166, '殘夢', '2025-06-12 11:05:08', 1580, 1, 5, 21, 168, 1, 1, '2024-12-11', 29, 2, '0', '初出場した紅白歌合戦でも披露した大ヒット曲「唱」、アニメ「SPY×FAMILY」Season 2オープニングの主題歌「クラクラ」、\nTBSドラマ「18／40～ふたりなら夢も恋も～」の主題歌「向日葵」、2024年初のリリースとなったロッテ チョコレート 60周年記念CMソング「ショコラカタブラ」など\n多数のタイアップ楽曲に加え、未発表の新録音源を含む全16曲を収録。', 1, '2025-06-12 13:19:20'),
(167, 'VOCALIST 2', '2025-06-12 11:05:23', 1880, 1, 5, 20, 169, 1, 1, '2025-01-21', 29, 2, '1', '2005年から2015年にかけて発売された初のカバーアルバム『VOCALIST』シリーズ(女性アーティストの名曲をカバー)。\nそのラストアルバム「VOCALIST 6」(2015年1月21日発売)から10年目となる2025年1月21日より、『VOCALIST』シリーズ 全6タイトルのアナログレコード盤が3ヶ月連続で発売。(「VOCALIST 4」「VOCALIST VINTAGE」「VOCALIST 6」は初アナログレコード化)', 1, '2025-06-12 13:19:20'),
(168, 'VOCALIST', '2025-06-12 11:05:27', 1880, 1, 5, 20, 170, 1, 1, '2025-01-21', 29, 2, '1', '『VOCALIST』シリーズのラストアルバム「VOCALIST 6」(2015年1月21日発売)から10年目となる2025年1月21日より、『VOCALIST』シリーズ 全6タイトルをLP化、3ヶ月連続リリース。\n（「VOCALIST 4」「VOCALIST VINTAGE」「VOCALIST 6」は初LP化）', 1, '2025-06-12 13:19:20'),
(169, 'VOCALIST 3', '2025-06-12 11:05:51', 1880, 1, 5, 20, 171, 1, 1, '2025-02-26', 29, 2, '0', '2005年から2015年にかけて発売された初のカバーアルバム『VOCALIST』シリーズ（女性アーティストの名曲をカバー）。そのラストアルバム「VOCALIST 6」(2015年1月21日発売)から10年目となる2025年1月21日より、『VOCALIST』シリーズ 全6タイトルのアナログレコード盤が3ヶ月連続で発売。（「VOCALIST 4」「VOCALIST VINTAGE」「VOCALIST 6」は初アナログレコード化）', 1, '2025-06-12 13:19:20'),
(170, 'VOCALIST 4', '2025-06-12 11:05:55', 1880, 1, 5, 20, 172, 1, 1, '2025-02-26', 29, 2, '0', '2005年から2015年にかけて発売された初のカバーアルバム『VOCALIST』シリーズ（女性アーティストの名曲をカバー）。そのラストアルバム「VOCALIST 6」(2015年1月21日発売)から10年目となる2025年1月21日より、『VOCALIST』シリーズ 全6タイトルのアナログレコード盤が3ヶ月連続で発売。（「VOCALIST 4」「VOCALIST VINTAGE」「VOCALIST 6」は初アナログレコード化）', 1, '2025-06-12 13:19:20'),
(171, 'VOCALIST VINTAGE', '2025-06-12 11:06:52', 1880, 1, 5, 20, 173, 1, 1, '2025-03-26', 29, 2, '0', '2005年から2015年にかけて発売された初のカバーアルバム『VOCALIST』シリーズ（女性アーティストの名曲をカバー）。そのラストアルバム「VOCALIST 6」(2015年1月21日発売)から10年目となる2025年1月21日より、『VOCALIST』シリーズ 全6タイトルのアナログレコード盤が3ヶ月連続で発売。（「VOCALIST 4」「VOCALIST VINTAGE」「VOCALIST 6」は初アナログレコード化）', 1, '2025-06-12 13:19:20'),
(172, 'VOCALIST 6', '2025-06-12 11:06:55', 1880, 1, 5, 20, 174, 1, 1, '2025-03-26', 29, 2, '0', '2005年から2015年にかけて発売された初のカバーアルバム『VOCALIST』シリーズ（女性アーティストの名曲をカバー）。そのラストアルバム「VOCALIST 6」(2015年1月21日発売)から10年目となる2025年1月21日より、『VOCALIST』シリーズ 全6タイトルのアナログレコード盤が3ヶ月連続で発売。（「VOCALIST 4」「VOCALIST VINTAGE」「VOCALIST 6」は初アナログレコード化）\n ', 1, '2025-06-12 13:19:20'),
(173, 'The Essential (Black Vinyl)', '2025-06-12 11:07:26', 1680, 1, 4, 17, 175, 1, 1, '2024-12-13', 30, 2, '1', 'The Essential is a testament to Melody Gardot\'s enduring artistry. This collection spans 14 years of her career and includes 25 tracks that showcase the breadth of her musical abilities. Featuring selections from her six studio albums, remixes, live recordings and previously unreleased tracks, the album captures the essence of Gardot\'s talent. Highlights include her multilingual performances, emotive renditions of classics like Elton John\'s \"Love Song,\" and live recordings that convey the raw ho', 1, '2025-06-12 13:19:20'),
(174, 'Sent (彩膠)', '2025-06-12 11:11:42', 1300, 1, 4, 17, 176, 1, 1, '2024-11-06', 58, 1, '1', '【規格】日壓彩膠、重量370g\n\n和「愛 Sent 時代」共舞，9m88 要用 8 首歌淨化「Sent 男 Sent 女」心中的苦！\n\n在這個「愛 Sent 時代」裡，我們每天收發上萬條通知，放任手機佈滿紅點，可最快的通訊軟體，也追不上最在乎的那個他。太害怕錯過，太不耐寂寞。明明身處自由表達的年代，卻學會用貼圖拖延尷尬，「笑死」、「愛心」、「哈哈哈」已是學校沒教的社交日常。\n\n籌備第三張專輯《Sent》時，9m88 遂從「訊息」發想，整理那些藏在備忘錄裡，打完又刪掉的筆記暫存檔。她分享心事，寄出清倉，自癒癒人，只求身心健康。\n\n《Sent》距離前作《9m88 Radio》僅一年，成全與國際 beatmakers 合作的夢想後，9m88 回歸華語流行本位，再度搭檔 YELLOW黃宣、余佳倫（阿涼）共同製作。創作方式卻不同於往，陸續邀請到——陳綺貞 X 馬念先 X YELLOW黃宣 X 百合花奕碩 X 羅妍婷 X 陳冠亨——齊力訂造數首詞曲；與他們親密連線，一首首逼出自己意料之外的音樂能量。\n\n\n\n【歌曲介紹】\n01 頭髮 Hair\n在愛情裡裝作沒事的我們，其實都很有事。《Sent》的專輯', 1, '2025-06-12 13:19:20'),
(175, 'I Know Nigo (Light Blue Vinyl)', '2025-06-12 11:12:48', 1480, 1, 5, 20, 177, 1, 1, '2022-12-16', 24, 1, '0', 'Nigo is a Japanese fashion designer, disc jockey, record producer and entrepreneur. He is best known as the creator of the urban clothing line \'A Bathing Ape\' and currently serves as creative director for Kenzo. \'I Know Nigo\' was released on 25th March 2022.', 1, '2025-06-12 13:19:20'),
(176, 'Just No Other Way', '2025-06-12 11:13:34', 1418, 1, 4, 17, 178, 1, 1, '2025-01-17', 2, 1, '0', '★CoCo李玟1999年第三張英文專輯，紀念CoCo出道30周年，全新黑膠紀念版本\n★專輯收錄全美告示榜舞曲榜No.49動感傑作 \"Do You Want My Love\"，澳洲排行榜No.29單曲\"Wherever You Go\"，以及收錄於電影\"Runaway Bride落跑新娘 \"原聲帶專輯之單曲\"Before I Fall in Love\"\n★Made In Germany德國壓片製作12吋180g重磅黑膠，33 1/3轉\n\n此張”Just No Other Way”專輯為CoCo李玟生涯第三張的錄音室專輯，同時也是首張進軍國際市場的雄心之作，專輯由李玟在加拿大溫哥華以及美國洛杉磯兩地製作完成，富有與一般華語音樂專輯不同的動感與能量。單曲「Do You Want My Love」找來來自紐約的嘻哈團體Natural Elements成員A-Butta合唱; 「Wherever you go」更找來Celine Dion, Mariah Carey, Whitney Houston等天后御用葛萊美獎製作人Ric Wake親手打造; 與R&B 福音歌手Kelly Price合唱的中', 1, '2025-06-12 13:19:20'),
(177, '任賢齊精選', '2025-06-12 11:13:39', 1499, 1, 4, 16, 179, 1, 1, '2025-02-14', 46, 1, '0', '有情有淚才能成就一條真漢子\n有情有義才能完整一個任賢齊\n\n本黑膠專輯為限量版發行，首批無限量流水號，日本字體書腰，\n180g  331/3轉，日本壓片進口，雙開封套， \n極具珍藏價值 ! 欲購從速 !', 1, '2025-06-12 13:19:20'),
(178, '偏偏我卻都記得(限量湖水藍透明膠)', '2025-06-12 11:21:41', 1480, 1, 4, 17, 180, 1, 1, '2024-12-13', 7, 1, '0', '唱作天后 艾怡良 Eve Ai \n《偏偏我卻都記得》\n  2021全創作專輯\n\n「不放過我們的，永遠都是回憶。」\n艾怡良 懺悔後的吿解\n\n唱而優則演  金曲金馬雙料肯定\n艾怡良Ｘ陳建騏  全新懺悔之作  與回憶搏鬥的過程\n\n\n艾怡良睽於2021年發表之專輯作品《偏偏我卻都記得》。回想起從2018年的《垂直活著，水平留戀著。》深獲各界肯定，〈Forever Young〉也讓艾怡良首獲最佳作曲人殊榮。\n\n2019和2020則是以不同形式跨足電影界，2019演唱施立導演的《野雀之詩》電影主題曲〈愛比死更寂寞〉令人驚艷，2020年更發表由自己出演女主角並自己創作的電影《我沒有談的那場戀愛》主題曲〈我這個人〉，再度入圍金曲獎最佳作曲人之外，演技與歌曲也雙獲金馬獎入圍肯定，同時入圍最佳新演員和最佳原創電影歌曲獎。〈我這個人〉也一舉奪下金馬獎最佳原創電影歌曲。\n\n接著，艾怡良即將再從電影女主角身份，回歸創作歌手，2021年交出全新創作專輯《偏偏我卻都記得》，包含〈我這個人〉在內的十一首歌曲，把生活裡的每個部分經過她細心的詮釋後，成為歌曲以音樂形式發表。這次的專輯依舊與熟悉的製作人－陳建騏再度聯手打造', 1, '2025-06-12 13:19:20'),
(179, '慕情', '2025-06-12 11:24:07', 1380, 1, 4, 16, 181, 1, 1, '2025-02-26', 23, 1, '0', 'ピアノの魔術師と謳われる菅野邦彦が TBM に残した唯一のリーダー作品。(TBM 主催 5 DAYS IN JAZZ コンサート録音盤)。エロール・ガーナー直系の”天才クニ”ここにあり。（シリーズ監修：塙耕記氏より）', 1, '2025-06-12 13:19:20'),
(180, '是你', '2025-06-12 11:26:25', 1280, 1, 4, 17, 182, 1, 1, '2024-12-25', 25, 1, '0', '在乎過、堅持過、沮喪過、隱藏過\n現在，我們知道，潘美辰還是我們熟悉的潘美辰\n一如她沒變的聲音、沒變的情感\n以及始終如一的溫度\n\n潘美辰（1969年6月30日—），台灣創作女歌手，以〈我想有個家〉，〈我曾用心愛著你〉等曲廣為人知，至2008年為出道滿20年之周年，發行的專輯與所獲獎項無數。才華不僅是創作，還包括樂器演奏和現場表演，除了於台灣，演藝版圖遍及中國大陸、香港、新加坡和馬來西亞等華語地區。', 1, '2025-06-12 13:19:20'),
(181, '鬥牛場上的鑽石與灰燼 (45轉)\nDiamonds and Rust in the Bullring', '2025-06-12 11:27:38', 2280, 1, 4, 17, 183, 1, 1, NULL, 26, 2, '0', '這張原始僅限量發行的小廠牌黑膠，是 Joan Baez 為數不多的珍貴現場錄音作品之一。1988 年，她在西班牙畢爾包（Bilbao）的鬥牛場演出，雖然當日天候不佳，市民卻依然熱情前來支持，也讓這場演出成為一次難以忘懷的音樂盛會。現場錄音聲音純淨，音質之佳使本專輯成為發燒友間私藏的口耳相傳之作，亞洲原盤行情不斷飆升。\n專輯中除了經典的《Diamonds and Rust》與《Famous Blue Raincoat》兩首廣為人知的名曲，Baez 也特別以西班牙語演唱多首作品，包含巴斯克語歌曲〈Txoria Txori〉，展現她對當地文化的敬意，與觀眾間溫柔的共鳴。\n由 Joan Baez 親自繪製封面插圖，阿根廷傳奇歌手 Mercedes Sosa 亦友情獻聲，堪稱一張結合音樂、文化與歷史意義的極品現場錄音。', 1, '2025-06-12 13:19:20'),
(182, '鬥牛場上的鑽石與灰燼 (33轉)\nDiamonds and Rust in the Bullring', '2025-06-12 11:27:53', 1480, 1, 4, 17, 184, 1, 1, NULL, 26, 1, '0', '這張原始僅限量發行的小廠牌黑膠，是 Joan Baez 為數不多的珍貴現場錄音作品之一。1988 年，她在西班牙畢爾包（Bilbao）的鬥牛場演出，雖然當日天候不佳，市民卻依然熱情前來支持，也讓這場演出成為一次難以忘懷的音樂盛會。現場錄音聲音純淨，音質之佳使本專輯成為發燒友間私藏的口耳相傳之作，亞洲原盤行情不斷飆升。\n專輯中除了經典的《Diamonds and Rust》與《Famous Blue Raincoat》兩首廣為人知的名曲，Baez 也特別以西班牙語演唱多首作品，包含巴斯克語歌曲〈Txoria Txori〉，展現她對當地文化的敬意，與觀眾間溫柔的共鳴。\n由 Joan Baez 親自繪製封面插圖，阿根廷傳奇歌手 Mercedes Sosa 亦友情獻聲，堪稱一張結合音樂、文化與歷史意義的極品現場錄音。', 1, '2025-06-12 13:19:20'),
(183, 'Birth Of The Blue', '2025-06-12 11:27:59', 1480, 1, 4, 16, 185, 1, 1, '2024-12-13', 26, 1, '0', 'Miles Davis《Birth of the Blue》——劃時代爵士巨作《Kind of Blue》的傳奇序章！\n這張備受矚目的專輯是劃時代作品《Kind of Blue》的前奏，收錄了與經典陣容一同錄製的四首珍稀曲目，是探索「模態爵士」誕生與演變的關鍵之作。Miles Davis 率領的創新樂團在本作中率先嘗試離經叛道的即興風格，為往後爵士樂的走向奠定了深遠基礎。\n全新 30 ips 母帶轉錄自原始 3 聲道錄音帶，經 Matthew Lutthans（The Mastering Lab）精心母帶處理，確保每一絲聲音細節都栩栩如生。180 克高品質黑膠唱片由 Quality Record Pressings 製作壓片，保證音質純淨無瑕；採用 Stoughton Printing 經典 tip-on 工藝製作的厚磅開頁封套，搭配抗刮霧面加工，外觀與音質同樣卓越。', 1, '2025-06-12 13:19:20'),
(184, '森林中的小孩\nBabes In The Wood', '2025-06-12 09:50:01', 1180, 1, 3, 13, 186, 1, 1, NULL, 59, 1, '0', '★ 瑪莉黑生涯中最精緻的一張專輯，忠實粉絲不可錯的經典！ ★ AMG（All Music Guide）音樂網站四星半高度推薦！ ★ 演繹民謠天后Joni Mitchells的經典名曲《Urge for Going》，感人至深！ 1991年發行的「森林中的小孩」是愛爾蘭民謠女歌手瑪莉黑繼1989年的經典專輯「No Frontiers」之後，再度讓樂迷留下深刻印象的一張專輯，一推出就盤據愛爾蘭排行榜的冠軍達六週之久，可見她在當地受歡迎的程度。不但銷售成績屢創新高，這張專輯在樂評之間也獲得極高的評價，普遍認為「森林中的小孩」是瑪莉黑演唱生涯中的顛峰之作。專輯由老搭檔Declan Sinnott 擔任製作人，伴奏的樂手也都是瑪莉黑的老班底，曲風格也將更多的流行元素融入以往的克爾特民謠風格中，更顯得多元與豐富。專輯中選了不少新進詞曲創作人Noel Brazil的作品，還有民謠歌手Richard Thompson的《Dimming of the Day》，最後一曲還特別選了民謠天后Joni Mitchells的《Urge for Going》，更顯得意味深長。「森林中的小孩」不但是認識這位民謠女歌', 1, '2025-06-12 13:20:00'),
(185, '美夢成真 與皇家愛樂管弦樂團\nIf I Can Dream: Elvis Presley with the Royal Philharmonic Orchestra', '2025-06-12 09:59:09', 1480, 1, 3, 12, 187, 1, 1, NULL, 2, 2, '0', '★進口黑膠典藏版\n★風靡全球的皇家愛樂管弦樂團與搖滾樂之王的劃時代跨界合作全新冠軍專輯\n★美國亞馬遜音樂銷售榜第2名，iTunes英國專輯榜第3名\n★4座葛萊美獎肯定流行樂巨星麥可布雷跨時空合唱金曲\n★義大利新世代美聲組合美聲少年虛擬和聲演唱\n\n「新專輯為貓王的十四首難忘的演唱帶來史詩般的轉折。」-People雜誌\n\n2015年是貓王80歲冥誕，貓王企業與RCA唱片公司展開系列慶祝活動，像是全新設計的官方網站www.ElvisTheMusic.com上線，自2014年12月至2016年1月間於倫敦東南區的格林威治半島上的娛樂專區O2展覽館進行歐洲史上最大型的貓王特展，貓王的1960年代系列專輯「The Complete ’60s Albums Collection Vol. 1 and Vol. 2」在iTunes上架銷售，而2015年10月底登場的專輯【If I Can Dream: Elvis Presley With The Royal Philharmonic Orchestra】也是其中的矚目焦點。  \n\n  貓王的遺孀普莉西拉普里斯萊，在聊到邀請英國著名的皇家愛樂管弦樂團，', 1, '2025-06-12 13:20:00'),
(186, '昨日重現 (7吋黑膠單曲)\nHier Encore', '2025-06-12 10:01:55', 428, 1, 3, 14, 188, 1, 1, '2015-11-17', 2, 1, '0', '◎走著復古懷舊風的法國奇情雙姝主打單曲 ◎節選自空降法國流行榜第7名+白金唱片銷售認證專輯《A Bouche Que Veux-Tu》 ◎收藏錄音室原曲，追入馬利共和國的傳統世界音樂名團BKO Quintet合作版本 (無附原文歌詞)', 1, '2025-06-12 13:20:00'),
(187, '蝴蝶\nPapillon', '2025-06-12 10:02:01', 948, 1, 3, 12, 189, 1, 1, '2015-11-17', 2, 1, '1', '內附數位下載碼+原文歌詞 ◎來自法國鄉村民謠樂界老頑童第七張專輯 ◎專輯創作靈感來自胸口紋有蝴蝶刺青，綽號Papillon的Henri Charriere逃獄經驗寫成的傳記小說「Papillon」 ◎加入小提琴、班鳩琴、大提琴、手風琴、曼陀林等樂器輔佐，增添耐人尋味的動聽誘因', 1, '2025-06-12 13:20:00'),
(188, '蔚藍海岸\nShores', '2025-06-12 10:02:06', 948, 1, 3, 14, 190, 1, 1, '2015-11-17', 2, 1, '1', '內附數位下載碼+原文歌詞 ◎來自法國的五人奇幻電音團隊首張力作 ◎送上9首英文+1首法文歌謠，充滿詩意的文藻，對外物與內在情懷觸及的瞬間，引發諸多連想空間 ◎電子加嘻哈混搭的首波主打〈The Shark〉，時唸時唱的詮釋，相當值得玩味，入選媒體的「十大獨立單曲」名單', 1, '2025-06-12 13:20:00'),
(189, '首張同名EP\nBig Grams', '2025-06-12 10:02:12', 848, 1, 3, 14, 191, 1, 1, '2015-11-17', 2, 1, '1', '內附數位下載碼+原文歌詞+180-GRAM黑膠唱片 ◎嘻哈超級大團OutKast成員Big Boi+男女獨立電子搭檔Phantogram合組實驗嘻哈電子部隊2015首張EP ◎請來超級製作/DJ 9th Wonder(Jay-Z、Destiny’s Child、De La Soul)+6座葛萊美獎得主，電音界鬼才Skrillex(Justin Bieber、Usher、Madonna)合力掌舵 ◎Killer Mike和El-P兩位黑白雙雄組成的Run The Jewel饒舌團體站台〈Born To Shine〉', 1, '2025-06-12 13:20:00'),
(190, '珍稀作品-巴布狄倫私藏錄音第12集(超值珍藏版)\nThe Cutting Edge 1965-1966: The Bootleg Series Vol.12', '2025-06-12 10:03:42', 2948, 1, 3, 12, 192, 1, 1, NULL, 2, 3, '0', '★3LP+ 2CD超值珍藏版 ★搖滾傳奇巴布狄倫 1965-1966年間未曝光錄音 珍藏史料呈現 ★包括, , 錄音音軌 ★收錄傳世名曲完整錄音室音軌紀錄', 1, '2025-06-12 13:20:00'),
(191, '活出自我\nWe Sing. We Dance. We Steal Things', '2025-06-12 10:05:47', 1480, 1, 3, 12, 193, 1, 1, '2015-06-18', 4, 2, '0', '「音樂大玩童」傑森瑪耶茲Jason Mraz，於2002年、2005年分別推出了其個人的首張專輯“Waiting For My Rocket To Come”與第二張原創大碟“Mr. A-Z”，便以他隨性的創作態度、擅長把玩文字的創意，吸引了許多跨界樂迷，當中的「The Remedy (I Won’t Worry)」、「You and I Both」、「Wordplay」等也都成為傳唱度極高的單曲，讓他展開無數場現場表演以及一連串的宣傳行程。結束行程後原本想休息一年的他，卻在稍作休息之後，奇妙地產生了源源不絕的創作靈感，並讓他在這休息的過程裡，慢慢地從自我了解到自我強化，一直到自我成長，而這些嶄新的音樂能量，自然而然地匯集結成其第三張原創專輯“活出自我（We Sing, We Dance, We Steal Things）”！\n\n“活出自我” 專輯以「Make It Mine」一曲略具戲劇化地開場，那積極的喜悅、真摯的熱情、無慮的自在，我們都感受到了；如果說，想把大自然寫成一首歌，「I`m Yours」就是最好的問候語，而Jason Mraz則會是最佳的翻譯官；至於部落格女孩Colbi', 1, '2025-06-12 13:20:00'),
(192, 'Live', '2025-06-12 10:06:14', 848, 1, 3, 12, 194, 1, 1, NULL, 1, 2, '0', '', 1, '2025-06-12 13:20:00'),
(193, 'CODA', '2025-06-12 10:06:57', 1280, 1, 3, 14, 195, 1, 1, NULL, 60, 1, '1', '', 1, '2025-06-12 13:20:00'),
(194, '歐提斯藍調：獻唱靈魂\nOtis Redding Sings Soul (Blue Vinyl)', '2025-06-12 10:08:24', 980, 1, 2, 8, 196, 1, 1, '2012-10-11', 4, 1, '1', '1967年12月因飛機失事驟逝的 Otis Redding，和 James Brown、Sam Cooke 兩位巨匠並列為靈魂樂之王，是這種音樂類型最重要的核心人物之一；他 26 年的短暫生命，卻以充滿熱情能量的歌聲和寫曲功力，讓靈魂樂也打入白人流行市場，連 Jay Z 和 Kanye West 這樣的嘻哈天王都做了一首〈Otis〉向他致敬。這張專輯原發行於 1965 年，是他的第三張錄音室專輯，翻唱了他的偶像 Sam Cooke、BB King 等人的作品，以及滾石合唱團名曲 ”Satisfaction” 等多首名曲，加入 Redding 獨特的演繹風格，成為令人難忘的一張靈魂／節奏藍調經典！', 1, '2025-06-12 13:20:00'),
(195, '彤彩 水晶膠限量紀念版', '2025-06-12 10:28:21', 1278, 1, 4, 17, 197, 1, 1, '2015-12-02', 58, 1, '0', '鳳飛飛專輯唱片──彤彩之旅 延伸了「彩虹」、飛躍過「夏艷」，鳳飛飛再度把我們帶進一片彤彩， 她獨特、圓潤地傾述期待、歡愉、黯然和離愁， 於是那些我們曾經擁有的年少夢幻、煙霞往事， 悲喜交織成光影，一時都來眼前浮動， 鳳飛飛最新作品─瀟洒的走、午夜的街頭， 音韻迴盪，引導您我尋向記憶更深處...... 瀟洒的走‧午夜的街頭‧漂泊 *美國製水晶膠片 *防灰塵及抗靜電 *紀念版限量典藏', 1, '2025-06-12 13:20:00'),
(196, '彤彩 彩膠限量紀念版', '2025-06-12 10:28:26', 1998, 1, 4, 17, 198, 1, 1, '2015-12-02', 58, 1, '0', '鳳飛飛專輯唱片──彤彩之旅 延伸了「彩虹」、飛躍過「夏艷」，鳳飛飛再度把我們帶進一片彤彩， 她獨特、圓潤地傾述期待、歡愉、黯然和離愁， 於是那些我們曾經擁有的年少夢幻、煙霞往事， 悲喜交織成光影，一時都來眼前浮動， 鳳飛飛最新作品─瀟洒的走、午夜的街頭， 音韻迴盪，引導您我尋向記憶更深處...... 瀟洒的走‧午夜的街頭‧漂泊 *美國壓製200克重盤 *高品質雙面紀念彩膠 *多幀彩頁寫真歌詞本 *獨立編號的限量珍藏 *大雙套唱片封面+側條', 1, '2025-06-12 13:20:00'),
(197, '伊斯坦堡的天空\nIstanbul Sky', '2025-06-12 10:42:27', 1678, 1, 4, 19, 199, 1, 1, NULL, 61, 1, '1', '★ 丹麥極具知名度、功力深厚的歐陸爵士小喇叭手！ ★ 結合人聲、電子、低音大提琴、吉他等豐富樂音 ★ 為您帶來充滿新鮮感、意境悠遠之發燒錄音饗宴！ ★ 音響論壇劉漢盛先生「總編私房軟體」強力推薦 ~ 2015 十一月號 326 期雜誌 德國著名錄音師兼音樂家、作曲家戴戈貝治．伯姆（Dagobert Bohm）所創辦的發燒音樂廠牌「奧塞勒 (Ozella)」，樂風近似 ECM，囊括歐陸爵士、Lounge 音樂、現代音樂等多元化的風格，在錄音上則更為 貼近音響迷的喜好，以極為精緻、發燒的音效，帶來最高傳真的體驗；這張《伊斯坦堡的天空》，由來自丹麥哥本哈根音樂學院的小喇叭手兼鍵盤樂器手古納．霍爾演出，他在其中展現了小喇叭、鍵盤樂器等深厚的功力，甚至自己獻聲演唱，乍聽之下顯得非常獨特奇異，但卻擁有深邃的旋律美感，給您前所未聞的嶄新聽覺體驗。 除了音樂本身的創新與迷人，本專輯共動用了多達十名的樂手，包括貝斯、低音大提琴、吉他、打擊樂器等等的演奏也都非常精采，無論是貝斯輕撥的細微弦振聲、 彷彿有著真實接觸感的鼓聲、令人心房顫動，血管收縮的小喇叭聲，都在在考驗著您的音響系統解析力；而各式各樣多元化的', 1, '2025-06-12 13:20:00'),
(198, '蕭士塔高維契：第二號大提琴協奏曲\nShostakovich：Cello Concerto No. 2', '2025-06-12 11:03:15', 1480, 1, 1, 2, 200, 1, 1, NULL, 62, 1, '0', '★ 法國唱片大獎推薦 ★ 德國黑膠唱片名廠 Speakers Corner 經典重刻，高品質 180g 壓片', 1, '2025-06-12 13:20:00'),
(199, '巴哈：大提琴無伴奏組曲全套 (1983年錄音)\nBach: Unaccompanied Cello Suites', '2025-06-12 11:10:47', 1680, 1, 1, 2, 201, 1, 1, '2020-11-06', 27, 3, '0', '葛萊美最佳古典演奏。\n\n巴哈的六首無伴奏大提琴組曲，是音樂史的一個奇異現象，在於他 的時代，大提琴還是項爭論中的樂器，而選擇它寫作獨奏的樂器，則更是大膽的嘗試；在他的時代或更早，有許多作曲家也曾嘗試寫過提琴家族的演奏作品，這些作 品，都在樂曲的舖陳和和聲特性上受到限制，如何展現複旋律之美，是這個時代美的準則，這就是巴哈創作此六首作品難度之所在。對於提琴家族，大提琴家尤甚， 同時驅動兩條弦以上來進行對位弦律是不可能做到的，可是，如何藉著單弦律的進行，暗示對位弦律的存在，則在巴哈的大、小提琴無伴奏組曲中明白昭示給後人。 馬友友在此六曲中的演奏，自面世以來即廣為人注目，這些他自小親近的作品，對思考空間自由的馬友友而言，尋找樂曲的啟發性是比遵守傳統溫雅風格重要得，這 也是此版之所以為人稱道之處。', 1, '2025-06-12 13:20:00'),
(200, '海邊音樂會\nThe Complete Concert by the Sea', '2025-06-12 11:11:05', 848, 1, 2, 8, 202, 1, 1, '2015-12-25', 2, 2, '0', '厄羅．加納Erroll Garner (鋼琴) 這張唱片被Allmusic選為五星經典，認為這是加納畢生錄音作品中最出色。 CD3收錄音樂會後台的採訪，紐約時報認為，在原本就被認為是加納畢生傑作的錄音中，更揭露了整場音樂會的原貌。 厄 羅加納的海邊音樂會是1956年發行的暢銷專輯，在1958年時，該專輯就已經銷售超過一百萬美金，成為知名的金唱片。這張專輯之所以名為「海邊音樂會」 是因為其錄音地點選在加州海邊的一間學校禮堂中進行。這個錄音地點其實不僅僅被厄羅加納錄音團隊相中，也是另一個當時知名的＂日落音樂會系列＂的場地，這 個系列音樂會成為日後知名的＂蒙特雷爵士音樂節＂的前身。 加納這場音樂會是採用三重奏的方式演出，除了加納的鋼琴外，還有貝斯手 Eddie Calhoun和鼓手Denzil Best。但是因為錄音的佈置方式，這張專輯整體聽來幾乎就像是只有加納的鋼琴主奏，整場錄音效果可以說不盡理想，中間的鼓掌聲也有壓扁的情形，之所以會 這樣，是因為這場音樂會本來並沒有想要灌錄下來，而是在演出時經紀人發現台下有人用錄音機錄音，詢問之後得知錄音者是一名爵士樂迷兼學者，他服役於美國陸 軍廣播電台', 1, '2025-06-12 13:20:00'),
(201, '愛慕\nAmore', '2025-06-12 11:13:53', 1580, 1, 4, 16, 203, 1, 1, '2015-11-19', 33, 2, '0', '上帝之子 永恆深情 音樂史上最磅礡的跨界天碟 肯尼吉、胡立歐、史提夫汪達、克莉絲汀、大衛佛斯特愛慕跨刀\n\n史上最暢銷古典跨界藝人重新演繹世上最動人的情歌 收錄2006冬季奧運會歌\"Because We Believe\" 以及\"Can`t Help Falling In Love\"、\"Besame Mucho\"等情歌經典\n全美流行專輯榜亞軍 空降古典跨界榜冠軍 網路專輯榜Top 3 美/加等5國白金唱片 英/澳/港/台等10國金唱片\n\n世界上只有一個嗓音可以同時詮釋流行樂的浪漫，古典樂的聖潔，歌劇的激情；他的歌聲能夠超越語言直入人心、傳達對生命的熱情，他藉由歌聲自在地將情感灌注於古典與流行音樂，他是上天賦予人類的寶藏，他是獨一無二的波伽利。 義大利歌劇與男高音前輩的傳奇點燃了波伽利對歌唱的熱情，1996-97年，與莎拉布萊曼合唱的\"Time To Say Goodbye\"沸騰他在歐陸的人氣。1999年，波伽利開始在美國樂壇攻城掠地：年初入圍葛萊美獎最佳新進藝人，成為38年來首位提名此一獎項的古典藝人，接著與席琳狄翁合唱「魔劍奇兵」主題曲\"The Prayer\"獲金球獎肯定；3月發', 1, '2025-06-12 13:20:00'),
(202, '烈愛無悔\nCurrency Of Man', '2025-06-12 11:30:00', 1480, 1, 2, 9, 204, 1, 1, '2015-11-12', 33, 2, '1', '*新世代魅爵女帝，最新烈愛無悔真我宣言….\n*21世紀時尚爵士第一人，近10年最為言之有物的全面向專輯，以爵士、藍調、節奏藍調為底蘊，透過創作及獻唱勾勒出宏觀視野的生涯里程碑…\n\n美樂蒂‧佳朵，一個集創作天賦及迷人歌聲於一身的傳奇性全方位音樂人，出道後急速竄起，以時尚璀璨之姿成為新世代魅爵女聲，完美勾勒出時尚經典的摩登況味，透過成熟洗鍊的魅力聲線無盡揮灑，席捲全世界樂迷們芳心，更是經常與諾拉‧瓊絲、戴安娜．克瑞兒等相提並論；從佳朵2006年以細膩低吟心靈灰暗角落的「悸動芳心」（Worrisome Heart）、2009年精準刻畫都會女子情緒的「為你情狂」（My One And Only Thrill）到2012年巧妙融合熱帶風情語彙的「意亂情迷」（The Absence），歷經多時醞釀、每隔三年推出的專輯都代表著她不停前進的音樂旅程及不斷蛻變的音樂思維。以世界公民自詡的佳朵，暌違樂壇三年的音樂大碟則是以她落腳於加州洛杉磯時的所聽、所見、我聞為根柢，從最基本的日常生活為起點，漸而擴及弱勢團體、種族問題、宗教爭議、環保議題、資源匱乏及戰爭禍害等均為其關心重點及研究範疇，也因此在本輯藉由最熟', 1, '2025-06-12 13:20:00'),
(203, '歡樂頌：馬友友與友人的音樂禮讚\nSongs of Joy and Peace', '2025-06-12 11:30:30', 1380, 1, 1, 2, 205, 1, 1, '2024-11-01', 27, 2, '1', '★ 收錄22首馬友友與音樂好友們的聖誕與新年感恩祝福\n★ 葛萊美最佳古典跨界專輯，美國告示排行榜Top 20\n★ 大提琴家馬友友最為暢銷專輯之一，首度黑膠唱片發行\n★ 歐陸最大經典黑膠唱片發行廠牌之一 Music On Vinyl 高品質 180g 壓片\n\n大提琴家馬友友從不將自己的風格給設限，聖誕專輯《歡樂頌：馬友友與友人的音樂禮讚》邀請許多好友音樂家前來助陣，包括 Diana Krall 、 Alison Krauss 、 James Taylor 、 Dave Brubeck 、 Chris Botti ……等，也只有馬友友的魅力能將各路人馬聚集在一塊，除了熟悉的古典樂音之外，更多了流行、爵士及世界音樂的韻味。此外，這張專輯並非只收錄一般尋常的聖誕歌曲，馬友友與好友們重新詮釋了一些平常大家都相當熟悉的經典，例如〈Here Comes the Sun〉、〈My Favorite Things〉、〈My One and Only Love〉及〈Happy Xmas (War is Over)〉，並將這些耳熟能詳的歌曲賦予新意。馬友友希望大家對於專輯裡的歌曲不會感到太陌生外，也能認識一', 1, '2025-06-12 13:20:00'),
(204, '旅行\nTravels', '2025-06-12 12:25:01', 1480, 1, 2, 10, 206, 1, 1, NULL, 63, 2, '0', '★ 兼具技巧和個性的吉他天才組團後首張現場專輯，1983年葛萊美獎最佳融合爵士演奏獎！ ★ 多重民俗音樂元素衝擊您的想像、挑戰爵士樂迷聽覺習慣，AMG四顆星高評價！ 本專輯為派特．麥席尼樂團於1982年發行的首張現場專輯，收錄他們遍佈達拉斯、費城、哈特佛等地的演出，隨時求新求變的派特．麥席尼在其中融入了巴西風格、民俗樂器、甚至是峇里島傳統音樂、虛無飄渺的吟唱等等異國元素，但也紮實地展現了精湛的吉他演奏技巧，充分展現出藝高人膽大的創意，對熟悉他的樂迷來說也是一次全新的挑戰；如今以雙黑膠完整重發，是您認識大師的不二途徑。', 1, '2025-06-12 13:20:00'),
(205, '端午節快樂', NULL, 1515, 0, 4, 16, 207, 2, 1, '2025-06-12', 66, 3, NULL, '吃可愛粽子', 1, '2025-06-12 17:03:31');

-- --------------------------------------------------------

--
-- 資料表結構 `status`
--

CREATE TABLE `status` (
  `id` int(11) NOT NULL,
  `name` varchar(20) NOT NULL
) ENGINE=InnoDB DEFAULT CHARSET=utf8mb4 COLLATE=utf8mb4_general_ci;

--
-- 傾印資料表的資料 `status`
--

INSERT INTO `status` (`id`, `name`) VALUES
(1, '上架'),
(2, '下架'),
(3, '售出');

-- --------------------------------------------------------

--
-- 資料表結構 `sub_category`
--

CREATE TABLE `sub_category` (
  `id` int(11) NOT NULL,
  `title` varchar(20) NOT NULL,
  `main_category_id` int(11) DEFAULT NULL
) ENGINE=InnoDB DEFAULT CHARSET=utf8mb4 COLLATE=utf8mb4_general_ci;

--
-- 傾印資料表的資料 `sub_category`
--

INSERT INTO `sub_category` (`id`, `title`, `main_category_id`) VALUES
(1, '鋼琴', 1),
(2, '大提琴', 1),
(3, '小提琴', 1),
(4, '歌劇/跨界美聲', 1),
(5, '其他類型樂器', 1),
(6, '交響樂', 1),
(7, '多重奏', 1),
(8, '男藝人', 2),
(9, '女藝人', 2),
(10, '團體/合輯', 2),
(11, '其他', 2),
(12, '男藝人', 3),
(13, '女藝人', 3),
(14, '團體/合輯', 3),
(15, '其他', 3),
(16, '男藝人', 4),
(17, '女藝人', 4),
(18, '團體/合輯', 4),
(19, '其他', 4),
(20, '男藝人', 5),
(21, '女藝人', 5),
(22, '團體/合輯', 5),
(23, '其他', 5),
(24, '華語電影/電視', 6),
(25, '日韓電影/電視', 6),
(26, '歐美電影/電視', 6),
(27, '動畫卡通', 6),
(28, '電玩配樂', 6);

-- --------------------------------------------------------

--
-- 資料表結構 `tags`
--

CREATE TABLE `tags` (
  `id` int(11) NOT NULL,
  `name` varchar(50) DEFAULT NULL,
  `description` text DEFAULT NULL,
  `color` varchar(20) DEFAULT NULL
) ENGINE=InnoDB DEFAULT CHARSET=utf8mb4 COLLATE=utf8mb4_general_ci;

--
-- 傾印資料表的資料 `tags`
--

INSERT INTO `tags` (`id`, `name`, `description`, `color`) VALUES
(1, '新品上市', '最新發行的黑膠唱片', '#FF5733'),
(2, '二手專區', '二手黑膠唱片專區', '#33FF57'),
(3, '限時優惠', '限時特價活動', '#3357FF'),
(4, '音樂活動', '音樂相關活動資訊', '#F333FF'),
(5, '市集限定', '市集限定商品', '#FF33F3'),
(6, '滿額贈品', '滿額贈送活動', '#33FFF3'),
(7, '黑膠保養', '黑膠唱片保養相關', '#F3FF33'),
(8, '音質評測', '音質評測報告', '#FF3333'),
(9, '收藏指南', '收藏相關指南', '#33FF33'),
(10, '市場分析', '市場趨勢分析', '#3333FF');

-- --------------------------------------------------------

--
-- 資料表結構 `users`
--

CREATE TABLE `users` (
  `id` int(11) NOT NULL COMMENT '使用者ID',
  `name` varchar(100) NOT NULL COMMENT '使用者姓名',
  `account` varchar(100) NOT NULL COMMENT '帳號(使用信箱)',
  `password` varchar(100) NOT NULL COMMENT '密碼（要加密）',
  `email` varchar(100) DEFAULT NULL COMMENT '聯絡或驗證信箱',
  `phone` varchar(20) DEFAULT NULL COMMENT '手機號碼',
  `birthday` date DEFAULT NULL COMMENT '會員生日',
  `gender` enum('男','女') DEFAULT NULL COMMENT '性別',
  `level` enum('一般會員','VIP會員','黑膠收藏家') DEFAULT NULL COMMENT '會員等級',
  `created_at` datetime DEFAULT current_timestamp() COMMENT '註冊日期',
  `updated_at` datetime DEFAULT current_timestamp() ON UPDATE current_timestamp() COMMENT '資料更新日期',
  `is_valid` tinyint(4) NOT NULL DEFAULT 1
) ENGINE=InnoDB DEFAULT CHARSET=utf8mb4 COLLATE=utf8mb4_unicode_ci;

--
-- 傾印資料表的資料 `users`
--

INSERT INTO `users` (`id`, `name`, `account`, `password`, `email`, `phone`, `birthday`, `gender`, `level`, `created_at`, `updated_at`, `is_valid`) VALUES
(1, '王小明', 'ming@example.com', '12345678', 'ming@example.com', '0912-345678', '1990-05-01', '女', 'VIP會員', '2025-06-06 10:00:00', '2025-06-12 23:55:01', 1),
(2, '陳美麗', 'mei@example.com', 'abc12345', 'mei@example.com', '0922-333444', '1988-08-15', '女', '黑膠收藏家', '2025-06-06 10:00:00', '2025-06-06 10:00:00', 1),
(3, '王方如', 'hermann.john@mueller.info', '2Z45A7Yn', 'hermann.john@mueller.info', '0967-762774', '1970-04-18', '男', '一般會員', '1993-03-24 22:34:30', '2003-12-29 23:00:52', 1),
(4, '江致羽', 'daniel.ashtyn@gerhold.org', 'S4Mwpv65', 'daniel.ashtyn@gerhold.org', '0947-754406', '2004-05-26', '男', 'VIP會員', '2023-04-07 10:23:19', '2024-09-08 00:01:56', 1),
(5, '侯辰然', 'adolf99@bailey.com', 'bJ7eXF7T', 'adolf99@bailey.com', '0974-959408', '1994-04-19', '男', '黑膠收藏家', '2002-12-07 12:40:58', '2009-02-13 01:44:13', 1),
(6, '陳淑美', 'larry.konopelski@yahoo.com', 'T5nR59H3', 'larry.konopelski@yahoo.com', '0920-659007', '1968-11-13', '男', '一般會員', '1994-10-07 09:32:58', '1997-09-09 18:46:48', 1),
(7, '張明翰', 'gaylord.ora@gmail.com', '82Z9X5k5', 'gaylord.ora@gmail.com', '0966-662533', '1960-06-06', '男', 'VIP會員', '1994-03-06 02:00:52', '2007-10-11 06:31:54', 1),
(8, '黃雅玲', 'benny08@yahoo.com', 'Arf7s32n', 'benny08@yahoo.com', '0947-019162', '1960-07-09', '女', '黑膠收藏家', '1998-04-17 05:28:26', '2008-10-10 20:49:44', 1),
(9, '沈士哲', 'amina06@larkin.net', '4bTFR2U6', 'amina06@larkin.net', '0916-648976', '1978-02-06', '男', '一般會員', '1989-03-08 18:51:39', '1993-04-26 08:18:08', 1),
(10, '李佳正', 'goyette.perry@yahoo.com', '7vd3zH2T', 'goyette.perry@yahoo.com', '0915-731096', '1991-06-09', '女', 'VIP會員', '1997-04-01 23:31:21', '2002-11-10 06:58:15', 1),
(11, '蔡哲嘉', 'nrodriguez@mcdermott.net', 'pxgeZMM8', 'nrodriguez@mcdermott.net', '0959-259038', '2000-03-19', '女', '黑膠收藏家', '1989-12-07 11:47:04', '2013-06-19 11:28:46', 1),
(12, '陳思涵', 'murray.raphaelle@gmail.com', '7GE65649', 'murray.raphaelle@gmail.com', '0963-932743', '1977-07-27', '男', '一般會員', '1996-01-09 11:54:24', '2025-04-30 13:20:24', 1),
(13, '林怡希', 'euna.krajcik@yahoo.com', '434sa9Bp', 'euna.krajcik@yahoo.com', '0983-913281', '1970-11-28', '男', 'VIP會員', '1996-01-24 15:13:42', '1998-07-25 16:05:23', 1),
(14, '張苑宏', 'clangworth@ondricka.com', 'AZe4mn6t', 'clangworth@ondricka.com', '0945-226558', '1978-03-18', '男', '黑膠收藏家', '2008-03-24 09:53:17', '2022-03-28 19:12:43', 1),
(15, '張育和', 'amacejkovic@yahoo.com', '9rNW5wAB', 'amacejkovic@yahoo.com', '0962-969699', '1966-02-25', '女', '一般會員', '2013-02-04 04:56:24', '2018-01-05 01:38:45', 1),
(16, '韓夙能', 'zwalker@runolfsson.com', '2Qpy2q6W', 'zwalker@runolfsson.com', '0946-417040', '1998-05-05', '女', 'VIP會員', '1993-01-17 04:02:28', '2019-03-02 20:44:09', 1),
(17, '陳孟君', 'eugenia.dubuque@blick.com', 'x4cx3sU9', 'eugenia.dubuque@blick.com', '0900-089265', '1986-04-17', '男', '黑膠收藏家', '1994-12-16 20:28:15', '2014-04-04 16:12:23', 1),
(18, '朱怡婷', 'nyah41@klein.com', '7cDw38aK', 'nyah41@klein.com', '0908-713851', '1983-12-09', '女', '一般會員', '2018-01-10 16:09:45', '2019-12-17 13:19:44', 1),
(19, '楊淑真', 'keebler.katherine@pfeffer.com', 'qVAbXwys', 'keebler.katherine@pfeffer.com', '0951-080844', '1981-07-01', '女', 'VIP會員', '1996-03-22 07:28:09', '2008-05-12 07:16:35', 1),
(20, '林俊育', 'hoppe.robyn@okon.com', 'Rth5hH9D', 'hoppe.robyn@okon.com', '0982-689009', '1977-03-13', '女', '黑膠收藏家', '1994-12-24 11:22:21', '2008-11-23 13:33:58', 1),
(21, '鄭恆辛', 'weimann.beaulah@kuhlman.com', '6Jt86546', 'weimann.beaulah@kuhlman.com', '0910-565155', '1974-12-28', '女', '一般會員', '1996-05-08 00:12:37', '2015-05-24 15:38:12', 1),
(22, '盧木秋', 'paxton88@hotmail.com', 'GF7vr47p', 'paxton88@hotmail.com', '0910-822094', '1972-08-06', '女', 'VIP會員', '1999-10-16 07:50:27', '2007-12-16 22:17:06', 1),
(23, '江嘉慧', 'lluettgen@yahoo.com', 'kD4rea2y', 'lluettgen@yahoo.com', '0978-259664', '1997-07-08', '男', '黑膠收藏家', '1991-05-31 01:50:21', '1992-10-17 06:17:01', 1),
(24, '陳佳達', 'uklein@yahoo.com', '3A6c65Fz', 'uklein@yahoo.com', '0955-827225', '1962-03-27', '男', '一般會員', '1992-11-19 10:45:49', '2015-08-09 20:22:48', 1),
(25, '阮孟君', 'celine.kerluke@klein.org', '89756Y5y', 'celine.kerluke@klein.org', '0908-943624', '1980-12-18', '男', 'VIP會員', '2013-09-01 07:18:06', '2023-02-18 08:24:34', 1),
(26, '曾裕仁', 'hester11@schaden.com', 'c4s24dZR', 'hester11@schaden.com', '0920-987945', '1992-05-09', '男', '黑膠收藏家', '1999-04-20 23:52:55', '2000-11-26 23:18:20', 1),
(27, '林博仁', 'freda40@pollich.info', 'x9K77H2q', 'freda40@pollich.info', '0976-863157', '1969-12-08', '男', '一般會員', '2010-04-06 03:55:28', '2021-01-17 03:14:43', 1),
(28, '陳歡玫', 'king.neoma@cremin.com', '97SN7M5B', 'king.neoma@cremin.com', '0938-027631', '1981-06-30', '女', 'VIP會員', '1996-03-18 18:25:15', '2022-06-21 02:23:58', 1),
(29, '黃湖玄', 'parisian.norwood@wilkinson.com', 'xJy79J4g', 'parisian.norwood@wilkinson.com', '0933-965911', '1965-01-03', '男', '黑膠收藏家', '2023-01-28 23:50:08', '2024-06-30 01:01:51', 1),
(30, '陳雅琳', 'pouros.bulah@yahoo.com', 'apntR3SE', 'pouros.bulah@yahoo.com', '0925-542954', '2003-07-29', '女', '一般會員', '2007-03-02 07:12:19', '2010-01-22 11:18:41', 1),
(31, '郭明倫', 'christina48@hotmail.com', 'QT5hct2m', 'christina48@hotmail.com', '0912-875034', '1992-10-24', '女', 'VIP會員', '2003-12-08 17:22:28', '2008-04-30 09:16:27', 1),
(32, '吳孟琬', 'mattie.monahan@yahoo.com', 'h35gxYx3', 'mattie.monahan@yahoo.com', '0945-083136', '1969-08-25', '女', '黑膠收藏家', '1995-05-25 20:31:55', '2008-09-04 04:26:25', 1),
(33, '郭允揚', 'maegan71@predovic.com', '83hVt28c', 'maegan71@predovic.com', '0986-113391', '1978-06-30', '男', '一般會員', '2018-09-19 23:56:22', '2023-08-23 22:05:13', 1),
(34, '黃俞義', 'mills.talon@cummerata.net', '74sfbKD5', 'mills.talon@cummerata.net', '0999-505240', '1962-03-28', '男', 'VIP會員', '1989-04-12 03:02:21', '2021-11-25 02:02:48', 1),
(35, '黃靜如', 'nrodriguez@ferry.com', '9F64RH6V', 'nrodriguez@ferry.com', '0972-470817', '1983-12-16', '男', '黑膠收藏家', '2000-01-20 21:47:56', '2001-05-12 08:14:34', 1),
(36, '李泰欣', 'ryan.shane@gmail.com', 'XFZet958', 'ryan.shane@gmail.com', '0907-518933', '1978-06-17', '男', '一般會員', '1996-05-23 07:25:03', '2021-02-14 18:10:08', 1),
(37, '劉志鴻', 'jacobi.afton@hoeger.biz', '5e7CG22D', 'jacobi.afton@hoeger.biz', '0978-779333', '2006-01-12', '男', 'VIP會員', '2016-05-07 07:47:30', '2024-09-20 01:03:07', 1),
(38, '馬伯英', 'hillary.hyatt@yahoo.com', '3S45495N', 'hillary.hyatt@yahoo.com', '0999-363655', '1992-01-07', '男', '黑膠收藏家', '2011-01-22 21:25:18', '2016-08-22 11:21:04', 1),
(39, '李弘德', 'gerhold.haley@yahoo.com', '24k39Sv2', 'gerhold.haley@yahoo.com', '0961-359223', '1974-09-30', '女', '一般會員', '1995-08-26 10:35:19', '2008-03-28 01:31:51', 1),
(40, '倪新娟', 'ankunding.roxane@kirlin.com', 'S7k3fn2D', 'ankunding.roxane@kirlin.com', '0933-711013', '1991-12-16', '女', 'VIP會員', '2020-03-27 12:46:20', '2022-07-08 14:57:56', 1),
(41, '陳筱妤', 'ayden.huels@hotmail.com', 'v6JgG373', 'ayden.huels@hotmail.com', '0983-613364', '1965-05-30', '女', '黑膠收藏家', '1992-03-18 21:20:58', '2019-01-18 15:34:11', 1),
(42, '楊旭恭', 'bashirian.rosetta@yahoo.com', '6486W398', 'bashirian.rosetta@yahoo.com', '0941-970776', '2003-06-03', '男', '一般會員', '1996-12-03 10:44:33', '2009-02-25 19:27:27', 1),
(43, '李艾裕', 'connelly.sally@white.com', 'CZBNzmuq', 'connelly.sally@white.com', '0952-501673', '1991-08-25', '女', 'VIP會員', '1998-05-17 17:00:09', '2023-12-01 16:46:24', 1),
(44, '謝元春', 'millie.oberbrunner@mohr.com', 'GGzK7Cx4', 'millie.oberbrunner@mohr.com', '0904-802184', '1972-06-29', '女', '黑膠收藏家', '1989-02-22 10:45:59', '2001-10-29 16:02:22', 1),
(45, '陳禎凱', 'jayden.baumbach@hotmail.com', 'C577ZUgV', 'jayden.baumbach@hotmail.com', '0909-893276', '1977-08-11', '男', '一般會員', '2000-11-22 05:41:00', '2003-05-23 16:38:41', 1),
(46, '簡容康', 'vleuschke@hotmail.com', 'D62u6vZ9', 'vleuschke@hotmail.com', '0910-821436', '1981-08-19', '男', 'VIP會員', '2025-02-14 04:54:09', '2025-05-30 13:52:42', 1),
(47, '宗耀文', 'ahane@friesen.biz', 'KGMNg678', 'ahane@friesen.biz', '0900-064089', '1972-05-22', '女', '黑膠收藏家', '2012-06-08 03:05:05', '2019-07-04 21:54:32', 1),
(48, '黃佳谷', 'kellen34@yahoo.com', '4565KfAg', 'kellen34@yahoo.com', '0953-550803', '1972-01-24', '男', '一般會員', '1997-06-16 04:08:21', '2012-09-22 17:27:24', 1),
(49, '溫婉君', 'bergstrom.vaughn@yahoo.com', 'saHGLRA2', 'bergstrom.vaughn@yahoo.com', '0980-853046', '1993-04-06', '女', 'VIP會員', '1999-03-24 01:20:58', '2016-10-26 16:19:00', 1),
(50, '林筱雯', 'heidenreich.teresa@hotmail.com', 'uZ34N53R', 'heidenreich.teresa@hotmail.com', '0919-360921', '1961-09-15', '男', '黑膠收藏家', '1989-10-13 04:30:22', '2024-01-25 09:07:55', 1),
(51, '林淑婷', 'kevon37@yahoo.com', 'HDgmCBsq', 'kevon37@yahoo.com', '0929-474914', '1980-09-19', '女', '一般會員', '2005-07-12 18:04:31', '2017-10-13 01:12:10', 1),
(52, '徐艾綺', 'chelsey.howe@mohr.org', '6x8LNA3p', 'chelsey.howe@mohr.org', '0977-132739', '1974-03-19', '男', 'VIP會員', '2020-04-05 17:24:46', '2022-09-26 02:03:04', 1),
(53, '陳惠弘', 'ida73@hotmail.com', '5L28fFGB', 'ida73@hotmail.com', '0969-235962', '1964-01-08', '男', '黑膠收藏家', '1996-03-26 16:34:47', '2010-11-25 20:59:46', 1),
(54, '宋建宏', 'obailey@trantow.info', 'n8e5w238', 'obailey@trantow.info', '0930-606258', '1978-02-19', '女', '一般會員', '1998-05-17 11:09:12', '2000-06-27 01:31:10', 1),
(55, '王宗毅', 'abbigail.labadie@haley.com', 'X4F6Y6Mt', 'abbigail.labadie@haley.com', '0960-380841', '1991-10-25', '男', 'VIP會員', '1989-05-08 16:43:13', '1997-06-15 03:09:22', 1),
(56, '張佩為', 'ana.wyman@hotmail.com', 'u824NRg7', 'ana.wyman@hotmail.com', '0973-311614', '1997-06-26', '男', '黑膠收藏家', '2009-03-08 00:52:35', '2015-11-04 22:53:23', 1),
(57, '謝明梅', 'narciso08@dooley.info', '82VH92X5', 'narciso08@dooley.info', '0926-776069', '1986-04-14', '男', '一般會員', '1994-06-22 07:35:09', '2014-08-28 15:33:36', 1),
(58, '何東平', 'bernier.marlen@yahoo.com', '72nt9Ld2', 'bernier.marlen@yahoo.com', '0971-091829', '2002-10-16', '男', 'VIP會員', '1999-04-07 09:19:59', '2024-04-22 11:56:29', 1),
(59, '林士伯', 'gonzalo.kuhn@bernhard.com', '2nd2443z', 'gonzalo.kuhn@bernhard.com', '0943-978004', '2007-01-04', '男', '黑膠收藏家', '2007-07-26 17:16:25', '2020-08-08 17:05:40', 1),
(60, '鄧琦山', 'wgleason@gmail.com', 'Gp52a6Et', 'wgleason@gmail.com', '0915-403797', '1981-09-07', '女', '一般會員', '2013-02-15 03:02:09', '2018-02-25 09:40:57', 1),
(61, '周綠諭', 'melba.barrows@yahoo.com', '9E6242Ev', 'melba.barrows@yahoo.com', '0975-237893', '1977-04-27', '女', 'VIP會員', '1990-01-06 12:06:05', '2005-03-28 12:40:23', 1),
(62, '許紹韻', 'jay.dickinson@schmidt.org', 'x2c8zEMh', 'jay.dickinson@schmidt.org', '0999-394550', '1977-07-17', '女', '黑膠收藏家', '1996-12-04 15:56:50', '2000-12-15 16:40:48', 1),
(63, '林嘉慧', 'littel.kyra@schmitt.com', 'g352cUY6', 'littel.kyra@schmitt.com', '0917-517343', '1982-11-17', '男', '一般會員', '2002-04-05 13:33:15', '2024-10-01 04:34:26', 1),
(64, '蘇志峰', 'lstoltenberg@yahoo.com', 'qu9LSmAB', 'lstoltenberg@yahoo.com', '0917-662099', '1976-03-11', '女', 'VIP會員', '2008-09-06 19:15:42', '2024-03-08 01:54:54', 1),
(65, '陳建銘', 'billie34@hotmail.com', '26eUn3P7', 'billie34@hotmail.com', '0990-914876', '1959-10-24', '女', '黑膠收藏家', '1999-09-08 04:35:33', '2006-09-18 10:03:18', 1),
(66, '林曉香', 'schulist.kieran@gmail.com', '5XgvwLBZ', 'schulist.kieran@gmail.com', '0982-213664', '2006-09-03', '女', '一般會員', '2001-04-21 16:27:43', '2022-11-22 12:07:59', 1),
(67, '陳偉哲', 'lennie58@mante.com', 'sH6kR98z', 'lennie58@mante.com', '0943-625442', '1969-05-04', '女', 'VIP會員', '2009-09-05 09:41:33', '2019-09-01 00:05:55', 1),
(68, '郭秋萍', 'berry.stracke@predovic.net', '3GfQv62X', 'berry.stracke@predovic.net', '0961-946810', '2000-02-20', '男', '黑膠收藏家', '1999-11-27 03:47:00', '2020-06-13 18:24:35', 1),
(69, '蔡明珠', 'cummings.cortez@yahoo.com', 'c4ysJr8C', 'cummings.cortez@yahoo.com', '0970-539136', '1985-05-15', '男', '一般會員', '2023-10-02 08:29:25', '2023-12-29 04:51:45', 1),
(70, '蔡健恩', 'kpouros@jacobs.com', '8d997Ggr', 'kpouros@jacobs.com', '0944-626580', '1968-06-01', '男', 'VIP會員', '2011-08-08 13:06:55', '2022-11-17 19:50:12', 1),
(71, '林盈梅', 'fparisian@hotmail.com', 'R67ys974', 'fparisian@hotmail.com', '0976-965213', '2004-01-24', '男', '黑膠收藏家', '1993-03-14 05:18:49', '2020-01-23 09:03:53', 1),
(72, '王靜怡', 'mauricio22@ernser.biz', 'QedDk449', 'mauricio22@ernser.biz', '0953-004695', '1983-04-08', '男', '一般會員', '2024-11-20 23:40:53', '2024-12-17 10:45:42', 1),
(73, '張維心', 'kiley26@schroeder.net', 'f8q6eBPA', 'kiley26@schroeder.net', '0921-566997', '1996-07-25', '男', 'VIP會員', '2005-11-25 01:08:56', '2012-02-01 20:12:18', 1),
(74, '柯倩學', 'tnolan@connelly.com', '3vh254Xr', 'tnolan@connelly.com', '0925-799661', '1989-01-27', '女', '黑膠收藏家', '2003-01-20 09:29:29', '2024-08-27 17:24:30', 1),
(75, '陳建彰', 'vesta10@hotmail.com', 'YfJ3f2Wn', 'vesta10@hotmail.com', '0904-805258', '1973-04-04', '男', '一般會員', '2005-01-16 11:17:20', '2015-01-08 23:32:19', 1),
(76, '李佳慧', 'joshua.lemke@gmail.com', 'b67vHFZq', 'joshua.lemke@gmail.com', '0915-120949', '1967-02-19', '男', 'VIP會員', '1989-04-19 15:12:47', '2023-03-21 19:50:19', 1),
(77, '吳婷瑤', 'hilpert.haleigh@hotmail.com', 'LH8dEwc3', 'hilpert.haleigh@hotmail.com', '0950-961029', '1987-07-01', '女', '黑膠收藏家', '2023-03-13 15:08:32', '2023-10-26 12:20:01', 1),
(78, '陳怡紹', 'reese.hermiston@hotmail.com', 'u9KzyQT5', 'reese.hermiston@hotmail.com', '0911-260257', '2001-12-14', '女', '一般會員', '2020-05-31 05:36:28', '2021-09-14 10:49:44', 1),
(79, '楊文白', 'yolanda28@schmidt.org', '7k7X5b63', 'yolanda28@schmidt.org', '0927-466052', '1992-01-18', '男', 'VIP會員', '1993-01-22 15:24:55', '2013-11-11 21:55:26', 1),
(80, '謝雅琳', 'loyce.lynch@hotmail.com', 'cv3cbcU5', 'loyce.lynch@hotmail.com', '0956-047446', '1969-10-25', '男', '黑膠收藏家', '1996-12-21 14:20:07', '2015-12-01 22:30:02', 1),
(81, '魯祐誠', 'barrows.jarret@hotmail.com', '65S4Lm7p', 'barrows.jarret@hotmail.com', '0917-633886', '1986-09-25', '男', '一般會員', '1998-01-29 00:47:28', '2006-04-29 20:14:48', 1);

-- --------------------------------------------------------

--
-- 資料表結構 `user_addresses`
--

CREATE TABLE `user_addresses` (
  `id` int(11) NOT NULL COMMENT '地址ID',
  `user_id` int(11) NOT NULL COMMENT '使用者ID',
  `city` varchar(20) NOT NULL COMMENT '縣市',
  `district` varchar(20) NOT NULL COMMENT '區域',
  `address` varchar(255) NOT NULL COMMENT '詳細地址',
  `is_default` tinyint(4) NOT NULL DEFAULT 0 COMMENT '是否為預設地址',
  `created_at` datetime DEFAULT current_timestamp() COMMENT '建立日期',
  `updated_at` datetime DEFAULT current_timestamp() ON UPDATE current_timestamp() COMMENT '更新日期'
) ENGINE=InnoDB DEFAULT CHARSET=utf8mb4 COLLATE=utf8mb4_unicode_ci;

--
-- 傾印資料表的資料 `user_addresses`
--

INSERT INTO `user_addresses` (`id`, `user_id`, `city`, `district`, `address`, `is_default`, `created_at`, `updated_at`) VALUES
(1, 1, '台北市', '大安區', '復興南路一段390號', 1, '2025-06-12 22:56:59', '2025-06-12 22:56:59'),
(2, 2, '新北市', '板橋區', '文化路一段32號', 1, '2025-06-12 22:56:59', '2025-06-12 22:56:59'),
(3, 3, '桃園市', '中壢區', '中央西路二段30號', 1, '2025-06-12 22:56:59', '2025-06-12 22:56:59'),
(4, 4, '台中市', '西屯區', '台灣大道三段99號', 1, '2025-06-12 22:56:59', '2025-06-12 22:56:59'),
(5, 5, '台南市', '東區', '中華東路二段46號', 1, '2025-06-12 22:56:59', '2025-06-12 22:56:59'),
(6, 6, '高雄市', '前鎮區', '中山四路8號', 1, '2025-06-12 22:56:59', '2025-06-12 22:56:59'),
(7, 7, '基隆市', '中正區', '信一路177號', 1, '2025-06-12 22:56:59', '2025-06-12 22:56:59'),
(8, 8, '新竹市', '東區', '光復路二段101號', 1, '2025-06-12 22:56:59', '2025-06-12 22:56:59'),
(9, 9, '嘉義市', '西區', '民生北路1號', 1, '2025-06-12 22:56:59', '2025-06-12 22:56:59'),
(10, 10, '新竹縣', '竹北市', '光明六路10號', 1, '2025-06-12 22:56:59', '2025-06-12 22:56:59'),
(11, 11, '苗栗縣', '苗栗市', '中正路123號', 1, '2025-06-12 22:56:59', '2025-06-12 22:56:59'),
(12, 12, '彰化縣', '彰化市', '中正路二段461號', 1, '2025-06-12 22:56:59', '2025-06-12 22:56:59'),
(13, 13, '南投縣', '南投市', '中興路660號', 1, '2025-06-12 22:56:59', '2025-06-12 22:56:59'),
(14, 14, '雲林縣', '斗六市', '大學路二段123號', 1, '2025-06-12 22:56:59', '2025-06-12 22:56:59'),
(15, 15, '嘉義縣', '太保市', '祥和一路東段1號', 1, '2025-06-12 22:56:59', '2025-06-12 22:56:59'),
(16, 16, '屏東縣', '屏東市', '自由路527號', 1, '2025-06-12 22:56:59', '2025-06-12 22:56:59'),
(17, 17, '宜蘭縣', '宜蘭市', '中山路二段462號', 1, '2025-06-12 22:56:59', '2025-06-12 22:56:59'),
(18, 18, '花蓮縣', '花蓮市', '中正路590號', 1, '2025-06-12 22:56:59', '2025-06-12 22:56:59'),
(19, 19, '台東縣', '台東市', '中山路276號', 1, '2025-06-12 22:56:59', '2025-06-12 22:56:59'),
(20, 20, '澎湖縣', '馬公市', '中正路7號', 1, '2025-06-12 22:56:59', '2025-06-12 22:56:59'),
(21, 21, '金門縣', '金城鎮', '民生路7號', 1, '2025-06-12 22:56:59', '2025-06-12 22:56:59'),
(22, 22, '連江縣', '南竿鄉', '介壽村76號', 1, '2025-06-12 22:56:59', '2025-06-12 22:56:59'),
(23, 23, '台北市', '信義區', '松仁路100號', 1, '2025-06-12 22:56:59', '2025-06-12 22:56:59'),
(24, 24, '新北市', '新店區', '北新路三段200號', 1, '2025-06-12 22:56:59', '2025-06-12 22:56:59'),
(25, 25, '桃園市', '桃園區', '中正路1247號', 1, '2025-06-12 22:56:59', '2025-06-12 22:56:59'),
(26, 26, '台中市', '北屯區', '崇德路三段1號', 1, '2025-06-12 22:56:59', '2025-06-12 22:56:59'),
(27, 27, '台南市', '安平區', '永華路二段6號', 1, '2025-06-12 22:56:59', '2025-06-12 22:56:59'),
(28, 28, '高雄市', '左營區', '博愛二路777號', 1, '2025-06-12 22:56:59', '2025-06-12 22:56:59'),
(29, 29, '基隆市', '仁愛區', '愛三路49號', 1, '2025-06-12 22:56:59', '2025-06-12 22:56:59'),
(30, 30, '新竹市', '北區', '北大路166號', 1, '2025-06-12 22:56:59', '2025-06-12 22:56:59'),
(31, 31, '嘉義市', '東區', '中山路199號', 1, '2025-06-12 22:56:59', '2025-06-12 22:56:59'),
(32, 32, '新竹縣', '竹東鎮', '東寧路三段135號', 1, '2025-06-12 22:56:59', '2025-06-12 22:56:59'),
(33, 33, '苗栗縣', '頭份市', '自強路二段166號', 1, '2025-06-12 22:56:59', '2025-06-12 22:56:59'),
(34, 34, '彰化縣', '員林市', '中山路二段240號', 1, '2025-06-12 22:56:59', '2025-06-12 22:56:59'),
(35, 35, '南投縣', '埔里鎮', '中正路1000號', 1, '2025-06-12 22:56:59', '2025-06-12 22:56:59'),
(36, 36, '雲林縣', '虎尾鎮', '光復路222號', 1, '2025-06-12 22:56:59', '2025-06-12 22:56:59'),
(37, 37, '嘉義縣', '朴子市', '海通路6號', 1, '2025-06-12 22:56:59', '2025-06-12 22:56:59'),
(38, 38, '屏東縣', '潮州鎮', '延平路88號', 1, '2025-06-12 22:56:59', '2025-06-12 22:56:59'),
(39, 39, '宜蘭縣', '羅東鎮', '興東路6號', 1, '2025-06-12 22:56:59', '2025-06-12 22:56:59'),
(40, 40, '花蓮縣', '鳳林鎮', '中正路二段1號', 1, '2025-06-12 22:56:59', '2025-06-12 22:56:59'),
(41, 41, '台東縣', '成功鎮', '中山路176號', 1, '2025-06-12 22:56:59', '2025-06-12 22:56:59'),
(42, 42, '澎湖縣', '湖西鄉', '湖西村1號', 1, '2025-06-12 22:56:59', '2025-06-12 22:56:59'),
(43, 43, '金門縣', '金湖鎮', '太湖路二段218號', 1, '2025-06-12 22:56:59', '2025-06-12 22:56:59'),
(44, 44, '連江縣', '北竿鄉', '塘岐村135號', 1, '2025-06-12 22:56:59', '2025-06-12 22:56:59'),
(45, 45, '台北市', '中山區', '南京東路二段1號', 1, '2025-06-12 22:56:59', '2025-06-12 22:56:59'),
(46, 46, '新北市', '三重區', '重新路三段1號', 1, '2025-06-12 22:56:59', '2025-06-12 22:56:59'),
(47, 47, '桃園市', '平鎮區', '振興西路99號', 1, '2025-06-12 22:56:59', '2025-06-12 22:56:59'),
(48, 48, '台中市', '南屯區', '文心路一段289號', 1, '2025-06-12 22:56:59', '2025-06-12 22:56:59'),
(49, 49, '台南市', '永康區', '中正南路301號', 1, '2025-06-12 22:56:59', '2025-06-12 22:56:59'),
(50, 50, '高雄市', '鳳山區', '光復路二段132號', 1, '2025-06-12 22:56:59', '2025-06-12 22:56:59'),
(51, 1, '新北市', '淡水區', '中正東路二段27號', 0, '2025-06-12 22:56:59', '2025-06-12 22:56:59'),
(52, 2, '台北市', '信義區', '松高路68號', 0, '2025-06-12 22:56:59', '2025-06-12 22:56:59'),
(53, 3, '台中市', '西區', '公益路68號', 0, '2025-06-12 22:56:59', '2025-06-12 22:56:59'),
(54, 4, '高雄市', '前鎮區', '中山四路8號', 0, '2025-06-12 22:56:59', '2025-06-12 22:56:59'),
(55, 5, '台南市', '安平區', '永華路二段6號', 0, '2025-06-12 22:56:59', '2025-06-12 22:56:59');

-- --------------------------------------------------------

--
-- 資料表結構 `user_img`
--

CREATE TABLE `user_img` (
  `id` int(11) NOT NULL COMMENT '頭像ID',
  `user_id` int(11) NOT NULL COMMENT '使用者ID',
  `img_path` varchar(255) NOT NULL COMMENT '頭像路徑',
  `img_name` varchar(255) NOT NULL COMMENT '原始檔名',
  `file_size` int(11) NOT NULL COMMENT '檔案大小(bytes)',
  `file_type` varchar(50) NOT NULL COMMENT '檔案類型',
  `created_at` datetime DEFAULT current_timestamp() COMMENT '上傳日期',
  `updated_at` datetime DEFAULT current_timestamp() ON UPDATE current_timestamp() COMMENT '更新日期'
) ENGINE=InnoDB DEFAULT CHARSET=utf8mb4 COLLATE=utf8mb4_unicode_ci;

-- --------------------------------------------------------

--
-- 資料表結構 `vinyl`
--

CREATE TABLE `vinyl` (
  `id` int(11) NOT NULL,
  `shs_id` varchar(20) DEFAULT NULL,
  `title` varchar(100) NOT NULL,
  `author_id` int(11) DEFAULT NULL,
  `price` int(11) DEFAULT 1000,
  `genre_id` int(11) DEFAULT NULL,
  `gender_id` int(11) DEFAULT NULL,
  `company` varchar(50) DEFAULT NULL,
  `release_date` date DEFAULT NULL,
  `format` varchar(10) DEFAULT NULL,
  `create_date` timestamp NOT NULL DEFAULT current_timestamp(),
  `stock` int(11) DEFAULT 1,
  `status_id` int(11) DEFAULT 1,
  `desc_text` text DEFAULT NULL,
  `playlist` text DEFAULT NULL
) ENGINE=InnoDB DEFAULT CHARSET=utf8mb4 COLLATE=utf8mb4_general_ci;

--
-- 傾印資料表的資料 `vinyl`
--

INSERT INTO `vinyl` (`id`, `shs_id`, `title`, `author_id`, `price`, `genre_id`, `gender_id`, `company`, `release_date`, `format`, `create_date`, `stock`, `status_id`, `desc_text`, `playlist`) VALUES
(1, '111455', '林姆斯基高沙可夫：天方夜譚組曲', 1, 1480, 1, 7, 'Analogue Productions', NULL, '1LP', '2025-06-09 01:11:12', 1, 1, '林姆斯基-高沙可夫的「天方夜譚」可說是發燒友最愛的曲目之一，裡面林姆斯基-高沙可夫以華麗的管弦樂技法刻畫出的大動態場面絕對是音響系統的大考驗，小提琴獨奏演出的主題旋律更是音質音色的試金石。「天方夜譚」的版本不計其數，不論是古典的詮釋或是現代的演繹，能名留青史、永垂不朽的只有由萊納指揮鼎盛時期的芝加哥交響樂團此一版本。', ''),
(2, '111426', '貝多芬：第18、27、28、31號鋼琴奏鳴曲', 2, 1180, 1, 1, 'Deutsche Grammophon', '2025-05-29', '2LP', '2025-06-09 01:11:12', 1, 1, '☆未發表錄音\n范．克萊本聽了李希特的演出，直言「這是我聽過的最震攝人心的鋼琴演奏。」如果有人認為關於李希特的唱片目錄已經沒有什麼新發現，那他就錯了！DG發現李希特1965年6月在圖爾的音樂節，以及1965年9月在琉森音樂節現場實況演出的紀錄，這是李希特琴藝到達巔峰的時期，曲目是貝多芬的四首鋼琴奏鳴曲：第18、27、28、31號。這份錄音由DG的錄音製作人Heinz Wildhagen錄製，並由柏林著名的Emil Berliner Studios進行最新修復的工作，其中的音調波動和干擾已被消除。\n除了珍貴的錄音本身之外，另外還包括一份最近對鋼琴家雷翁絲卡雅Elisabeth Leonskaja的採訪文字、一篇音樂作家迪斯特勒Jed Distler的一篇文章、凱特納Markus Kettner在執行這份錄音發行的編輯筆記，以及許多從未發表過珍貴照片。', 'LP1 – side 1\nPiano Sonata No. 18 in E-Flat Major, Op. 31 No. 3 \"The Hunt\"\nI. Allegro\nII. Scherzo. Allegretto vivace\nIII. Menuetto. Moderato e grazioso\nIV. Presto con fuoco\nLP1 – side 2\nPiano Sonata No. 27 in E Minor, Op. 90\nI. Mit Lebhaftigkeit und durchaus mit Empfindung und Ausdruck\nII. Nicht zu geschwind und sehr singbar vorgetragen\nLP2 – side 1\nPiano Sonata No. 28 in A Major, Op. 101\nI. Etwas lebhaft und mit der innigsten Empfindung. Allegretto ma non troppo\nII. Lebhaft, marschmäßig. Vivace alla marcia\nIII. Langsam und sehnsuchtsvoll. Adagio ma non troppo, con affetto\nIV. Geschwind, doch nicht zu sehr und mit Entschlossenheit. Allegro\nLP2 – side 2\nPiano Sonata No. 31 in A-Flat Major, Op. 110\nI. Moderato cantabile molto espressivo\nII. Allegro molto\nIII. Adagio ma non troppo\nFuga. Allegro ma non troppo'),
(3, '111407', '蕭士塔高維契：第一、二號鋼琴協奏曲&24首前奏曲與賦格，作品87等', 3, 880, 1, 1, '環球 UNI', '2025-05-09', '1LP', '2025-06-09 01:11:12', 1, 1, '☆王羽佳－鋼琴，尼爾森斯指揮波士頓交響樂團\n2025年是蕭士塔高維契逝世50週年，尼爾森斯與波士頓交響樂團呈現廣受好評且屢獲殊榮的蕭士塔高維契交響曲計劃。由於得益於波士頓交響音樂廳優異的音響效果所帶來的卓越音質，在錄製最後一首交響曲之前，他就已經決定擴展整個系列，包括演出作曲家的六首協奏曲，其中兩首鋼琴協奏曲即由王羽佳擔任。\n王羽佳在這張專輯裡以動感而富有表現力的方式，詮釋蕭士塔高維契這兩首對比鮮明的鋼琴協奏曲，它們的創作年代相隔了24年。另外在第一號鋼琴協奏曲的小號部分，則由波士頓交響樂團首席小號手羅爾夫斯吹奏。除了鋼琴協奏曲，王羽佳在這張新專輯還收錄了選自蕭士塔高維契《24首前奏曲與賦格》Op. 87與《24首前奏曲》Op. 34當中的六首鋼琴獨奏曲。', 'A side :\nPiano Concerto No. 1 in C Minor, Op. 35:\nI. Allegretto\nII. Lento\nIII. Moderato\nIV. Finale. Allegro con brio – Presto\nB side :\nPiano Concerto No. 2 in F Major, Op. 102:\nI. Allegro\nII. Andante\nIII. Allegro\n24 Preludes &amp; Fugues, Op. 87:\nPrelude No. 8 in F-Sharp Minor - Allegretto\nPrelude No. 2 in A Minor - Allegro\nFugue No. 2 in A Minor – Allegretto\n24 Preludes, Op. 34:\nNo. 5 in D Major - Allegro vivace\n24 Preludes &amp; Fugues, Op. 87:\nPrelude No. 15 in D-flat Major - Allegretto\nFugue No. 15 in D-Flat Major - Allegro molto'),
(4, '111406', '最受歡迎男高音詠嘆調', 4, 900, 1, 5, 'DECCA', '2025-05-09', '1LP', '2025-06-09 01:11:12', 1, 1, '☆帕華洛帝個人錄音生涯的里程碑。專輯發行週年紀念。\n原始母帶高解析重新製作母源\n為紀念帕華洛帝1975年經典專輯《最受歡迎男高音詠嘆調》發行五十週年，笛卡唱片公司隆重推出全新高音質版本。這是自1984年以來首度再版，並第一次採用原始母帶進行高解析度重新製作，為全球樂迷帶來耳目一新的聆聽體驗。\n本專輯收錄帕華洛帝詮釋多首最受歡迎的男高音詠嘆調，涵蓋普契尼、威爾第、比才等作曲大師的經典之作，包括〈穿上彩衣〉（雷翁卡瓦洛《丑角》）、〈恍如一夢〉（弗洛托《瑪塔》）、〈妳給我的那朵花〉（比才《卡門》）、〈妳那冰冷的小手〉（普契尼《波西米亞人》）、〈善變的女人〉（威爾第《弄臣》）、〈是什麼樣前所未有的情感填滿了我？⋯⋯聖潔的小屋，我向你致敬〉（古諾《浮士德》）、〈今夜星光燦爛〉（普契尼《托斯卡》）、〈若我成為那一個將軍⋯⋯聖潔的阿伊達〉（威爾第《阿伊達》）、〈公主徹夜未眠〉（普契尼《杜蘭朵》）、〈看那可怕的烈熖〉（威爾第《遊唱詩人》）等十首歌曲，全數展現其渾厚音色與情感張力，成為歌劇錄音中的不朽典範。合作的指揮家有馬吉耶拉、波寧吉、卡拉揚、梅塔、雷斯奇格諾，全面體現帕華洛帝的藝術巔峰。\n《最受歡迎男高音詠嘆調》不僅是帕華洛帝個人錄音生涯的里程碑，更是歌劇藝術普及的重要推手。本次再版，是對帕華洛帝聲音遺產的致敬，更是古典音樂愛好者珍藏的必備佳作。', 'A side\n01. Pialigacci : Recitar – Vesti la giubba\n02. Martha : M\'appari\n03. Carmen : La fleur que tu m\'avais jetée\n04. La Boheme : Che gelida manina\n05. Rigolette : La donna è mobile\nB side\n01. Faust : Quel trouble inconnu – Salut! Demeure chaste et pure\n02. Tosca : E lucevan le stelle\n03. Aida : Se quel guerrier io fossi! – Celeste Aida\n04. Turandot : Nessun dorma!\n05. Il Trovatore : Di quella pira'),
(5, '111344', '貝多芬：小提琴奏鳴曲 1-3號', 5, 1880, 1, 3, 'Stereo Sound', NULL, '1LP', '2025-06-09 01:11:12', 1, 1, '首度推出日本國內盤！Gidon Kremer & Martha Argerich 錄製《貝多芬：第一～三號小提琴奏鳴曲》經典之作，重現不經任何音色加工的原始母帶聲音。\n本次以黑膠形式首次發行的國內盤，精選廣受好評的 CD 名盤——由小提琴家基頓・克雷梅與鋼琴家瑪塔・阿格麗希合奏的《貝多芬小提琴奏鳴曲第1至3號》。本黑膠採用原始數位母帶訊號，完全不經任何後期音效處理，由日本哥倫比亞的頂尖刻盤工程師武澤茂使用 Neumann SX74 刻頭，進行極致直刻處理。\n在壓片方面，本作堅持使用**僅能從母盤壓製一次的「First Metal Master」**製作，完整保留母帶最原始的聲音細節。這是為了實現一個構想：透過黑膠展現數位母帶未經潤飾的生動聲音，並進一步探索黑膠音質的魅力。\n此盤旨在透過黑膠特有的音色——光澤、優雅與細膩柔和的音質——帶來耳目一新的聆聽體驗。無論與原始 CD 或其他音調調整過的黑膠版本對比，都將讓音響愛好者體會前所未有的深度與樂趣。', ''),
(6, '111340', '古諾：浮士德、比才：卡門組曲', 6, 1480, 1, 7, 'Analogue Productions', NULL, '1LP', '2025-06-09 01:11:12', 1, 1, '亞歷山大・吉布森 指揮／柯芬園皇家歌劇院管弦樂團錄音地點：倫敦 Kingsway Hall｜製作人：Ray Minshull｜錄音工程師：Kenneth Wilkinson\n本作被廣泛譽為 RCA 黃金時代的代表錄音之一，由指揮名家亞歷山大・吉布森領軍柯芬園皇家歌劇院管弦樂團，演奏古諾《浮士德》與比才《卡門》組曲中的經典芭蕾與管弦樂篇章。\n特別是 B 面後半段所選錄的《卡門》段落，音樂張力與現場臨場感令人讚嘆。錄音展現出傑出的音場清晰度與立體定位感，在音響性方面亦獲高度評價。無論是透明度、細節還原，或是樂器定位與空間感，皆堪稱頂級。\n由錄音大師Kenneth Wilkinson於倫敦傳奇錄音地點 Kingsway Hall 捕捉下的音響魔法，製作人為英國唱片業名人Ray Minshull，共同成就一張經得起時間考驗的經典之作。', 'Side 1\nBallet Must From “Faust”\n1. Waltz (Allegretto)\n2. Ensemble (Adagio)\n3. Dance of the Nubians\n4. Cleopatra’s Dance\n5. Dance of the Trojan Maidens\n6. Helen’s Dance\n7. Bacchanalia\n8. Funeral March Of A Marionette\nSide 2\nCarmen Suite\n9. Carmen Suite\n- Prelude; Entr’acte – Aragonaise\n- Habanera; Changing of the Guard\n- Intermezzo; Smugglers’ March\n- Entr’acte – Dragoons of Alcala'),
(7, '111316', '蕭士塔高維契：第一、二號大提琴協奏曲', 7, 1250, 1, 2, '環球 UNI', '2025-04-25', '2LP', '2025-06-09 01:11:12', 1, 1, '☉馬友友，大提琴\n★尼爾森斯，指揮／波士頓交響樂團\n第一號大提琴協奏曲創作於1959年，為蕭士塔高維契專為友人、大提琴家羅斯特羅波維奇所作，結構嚴謹、技術繁複，以尖銳的開場動機、高難度技巧著稱，融合黑暗諷刺與抒情段落，展現蕭士塔高維契對蘇聯壓迫的隱喻。第二號大提琴協奏曲誕生於1966年，是蕭士塔高維契六十歲生日的自贈之作，風格較為內省，融合街頭旋律與戲劇性的節奏設計，情感張力深沉，展現晚年反思。\n為紀念蕭士塔高維契逝世五十週年，大提琴家馬友友與指揮尼爾森斯攜手波士頓交響樂團錄製這兩部作品，兩人的合作被樂評人形容為「尼爾森斯引領樂團與馬友友共創輝煌」。馬友友以其深厚的音樂造詣和人文關懷賦予這兩部協奏曲新的生命。他認為蕭士塔高維契的音樂代表「無聲者的聲音」，並在演奏中展現對人類苦難與希望的深刻理解。他在第一號協奏曲中展現出晶瑩剔透的泛音與戲謔風格之間的張力，並與樂團法國號首席創造出極具對話感的音樂場景。第二號協奏曲方面，他則以細膩的音色與爆發力兼具的演奏，帶領聽眾穿越作品陰鬱、壓抑與反抗的情緒世界，讓指揮尼爾森斯讚嘆以「獨特的想像力與人性光輝，完美呈現蕭士塔高維契的複雜情感」。', 'LP 1\nA Side\nCello Concerto No. 1 in E-Flat Major, Op. 107:\nI. Allegretto\nII. Moderato\nB Side\nIII. Cadenza\nIV. Allegro con moto\nLP 2\nA Side\nCello Concerto No. 2 in G Major, Op. 126:\nI. Largo\nB Side\nII. Scherzo. Allegretto\nIII. Finale. Allegretto'),
(8, '111296', '貝多芬：第五號交響曲《命運》', 8, 980, 1, 7, 'Warner Classics', NULL, '1LP', '2025-06-09 01:11:12', 1, 1, '「這些詮釋並非一成不變，儘管 Rattle 顯然經過深思熟慮；他鼓勵維也納愛樂木管與法國號的出色獨奏家們在想像力與個人風格上彼此激盪，更增添了一種充滿喜悅的探索感。」——《Gramophone》\n貝多芬的九首交響曲被譽為音樂史上最偉大的遺產之一，也是每位指揮家曲目中不可或缺的經典。Simon Rattle 與維也納愛樂管弦樂團（Wiener Philharmoniker）在 2002 年 4 月 29 日至 5 月 17 日於維也納歷史悠久的金色大廳（Musikverein）進行現場演出，並由 EMI 錄音，完成了這套完整的貝多芬交響曲全集。', ''),
(9, '111253', '小提琴與管弦樂傑作選', 9, 1480, 1, 3, 'Analogue Productions', NULL, '1LP', '2025-06-09 01:11:12', 1, 1, '俄國小提琴家 Nathan Milstein 自 50 年代開始與 Capital 唱片合作，留下為數不少的經典錄音，本張專輯《Masterpieces for Violin and Orchestra》則為雙方於60年代合作錄製的唱片之一。在這份唱片錄音中，Milstein 與指揮家 Walter Susskind 以及 The Concert Arts Orchestra 共同演奏，除了收錄Mozart、Beethoven、Wieniawski、Nováček 以及 Saint-Saëns..等作曲家為小提琴與管弦樂所創作的樂曲外，另有取自 Stravinsky：The Firebird的〈Berceuse〉一曲。而正值壯年的 Milstein 在運弓與力道表現上，在 Saint-Saëns〈Introduction And Rondo Capriccioso〉此曲中更是表露無遺。\n演出者：Nathan Milstein (小提琴)\n指揮：Walter Susskind\n樂團：The Concert Arts Orchestra', 'Side A\n1. Adagio K. 261 (Wolfgang Amadeus Mozart)\n2. Rondo K. 373 (Wolfgang Amadeus Mozart)\n3. Romance In F, Op. 50 (Ludwig van Beethoven)\nSide B\n1. Legende (Henryk Wieniawski)\n2. Perpetual Motion (Ottokar Nováček)\n3. Berceuse ( The Firebird ) (Igor Stravinsky)\n4. Introduction And Rondo Capriccioso (Camille Saint-Saëns)'),
(10, '111236', '費爾德：《夜曲》全集', 10, 1380, 1, 1, 'Deutsche Grammophon', '2025-02-27', '2LP', '2025-06-09 01:11:12', 1, 1, '★愛麗絲‧紗良‧奧特，鋼琴\n「夜曲」因蕭邦而廣為人知，但是早在蕭邦之前，費爾德已經為鋼琴譜寫過多首夜曲。這位被譽為「夜曲之父」的愛爾蘭作曲家，把義大利歌劇的旋律美感與俄羅斯民間音樂相結合，為夜曲賦予自由、抒情且深具想像力的特質。他的夜曲充滿靈感與自由，曲調簡潔卻極具情感表達力，不僅在當時贏得廣泛讚譽，也對後來浪漫主義音樂產生了深遠影響，尤其是蕭邦，他在費爾德的基礎上，把夜曲發展至全新高度。\n儘管費爾德的作品在他去世後逐漸淡出主流曲目，他的夜曲仍被認為是浪漫主義音樂的奠基之作。愛麗絲‧紗良‧奧特在一次偶然的機會接觸到費爾德的夜曲，立即被其中的旋律與情感深深吸引。她形容費爾德的音樂既懷舊又親切，仿佛是一段深藏記憶中的旋律再度浮現。錄製這些夜曲的過程中，她不僅挖掘出費爾德音樂中蘊含的深層情感，還通過自己的詮釋為這些作品注入新生命。奧特表示：「費爾德的夜曲對我而言是一種深刻的心靈體驗，它們的優雅與美深深影響了我。我希望這張專輯能啟發更多聽眾去探索這位作曲家的作品，感受他留給世界的珍貴音樂遺產。」\n奧特在費爾德的夜曲中找到深厚的情感與豐富的性格，她形容這些旋律既熟悉又動人，彷彿與自己的童年記憶相連。透過這次專輯的錄音，她不僅重新演繹這些珍貴作品，也希望把費爾德的音樂重新帶回大眾視野。', 'Vinyl 1:\nSide A -  Nocturnes nos. 1-6\nSide B -  Nocturnes nos. 7-10\nVinyl 2:\nSide C - Nocturnes nos. 11-15\nSide D - Nocturnes nos. 16-18'),
(11, '111207', '拉威爾管弦樂作品輯', 11, 5780, 1, 7, '環球 UNI', '2025-03-28', '4LP', '2025-06-09 01:11:12', 1, 1, '☉小澤征爾，指揮 /波士頓交響樂團\n★限量編號、原始類比母帶remastering\n1973年至1976年，小澤征爾與波士頓交響樂團為DG錄製拉威爾多部管弦樂作品，包括《波麗露》、《西班牙狂想曲》、《圓舞曲》、《鵝媽媽》、《古風小步舞曲》、《庫普蘭之墓》、《高雅而憂傷的圓舞曲》、《小丑的晨歌》、《汪洋扁舟》、《死公主的孔雀舞》與芭蕾音樂《達孚尼與克羅埃》，這些錄音被普遍視為小澤征爾在波士頓時期的巔峰之作。評論界讚譽其對拉威爾音樂的深刻理解和細膩詮釋，以及波士頓交響樂團對這些音樂作品的色彩斑斕和精準演繹，展現了拉威爾音樂的迷人氛圍。\n為紀念拉威爾誕辰150周年及小澤征爾辭世一周年，DG以全新的黑膠唱片重新限量發行這一套經典錄音。\n這次發行的四張黑膠唱片特別使用原始的八軌母帶進行重新混音和製作（除了一面原為四軌錄製），保證純正的全類比聲音品質，以更清晰的音質、更多細節且更少的噪音，讓每一顆音符都如實呈現當年錄音的真實魅力。高品質180克純淨黑膠，搭配精美的雙開門封套設計，內頁附有錄音過程的文件與珍貴的照片，整體包裝精緻典雅，是每位古典音樂愛好者和黑膠唱片收藏家的夢幻逸品。\n《達孚尼與克羅埃》被認為是有史以來最佳錄音之一，這套唱片將帶領您再度領略小澤征爾對拉威爾音樂的獨特見解，以及波士頓交響樂團完美演繹下的拉威爾管弦樂之美。', 'LP 1  Boléro, M. 81; Rapsodie espagnole, M. 54; La valse, M. 72\nLP 2  Ma mère l\'oye, M. 60; Menuet antique, M. 7; Le Tombeau de Couperin, M. 68\nLP 3  Daphnis et Chloé, M. 57\nLP 4  Valses nobles et sentimentales, M. 61; Une Barque Sur L\'Ocean. M 43; Pavane\npour une infante défunte, M. 19, Alborada del gracioso, M. 43'),
(12, '111181', '布拉姆斯：第二、三號鋼琴四重奏', 12, 1280, 1, 7, 'Deutsche Grammophon', '2025-04-04', '2LP', '2025-06-09 01:11:12', 1, 1, '★鋼琴/齊瑪曼、大提琴/岡本侑也、小提琴/瑪麗亞•諾瓦克、中提琴/卡塔日娜•布德尼克\n☆「我認為沒有其他作曲家能在品質上擁有這樣的成就。…布拉姆斯所有的室內樂都非常出色——奏鳴曲、三重奏、單簧管五重奏，沒有一首是不佳的。」～齊瑪曼\n齊瑪曼對於室內樂的熱愛可以追溯到童年時期，這份熱情未曾消逝過。他表示：「幾乎每位偉大的作曲家都曾創作過某種形式的鋼琴四重奏。這是音樂史上豐富的寶藏，卻常常被低估。」\n雖然布拉姆斯的G小調第一號鋼琴四重奏是他三首鋼琴四重奏中最著名的，但齊瑪曼選擇聚焦於較少被關注的第二與第三號，以讓它們獲得應有的注視。他再補充道：「我特別要提個人非常熱愛的C小調第三號鋼琴四重奏。它太瘋狂了，並且充滿力量，擁有難以置信的推動力。」在這次錄音中，齊瑪曼與獲得2017年伊莉莎白王后大賽銀牌得主日本大提琴家岡本侑也（2024年加入艾班四重奏），及兩位波蘭同鄉小提琴家瑪麗亞・諾瓦卡克與中提琴家卡塔日娜・布德尼克攜手合作。', 'LP 1\nSide A\nQuartet for Piano, Violin, Viola and Cello No. 3 in C minor, Op. 60\n1.Allegro non troppo\n2.Scherzo. Allegro\nSide B\n3.Andante\n4.Finale. Allegro comodo\nLP 2\nSide A\nQuartet for Piano, Violin, Viola and Cello No. 2 in A major, Op. 26\n5.Allegro non troppo\n6.Poco Adagio\nSide B\n7.Scherzo. Poco Allegro\n8.Finale. Allegro'),
(13, '111127', '柴可夫斯基：第一號交響曲《冬之夢》', 13, 1000, 1, 7, '環球 UNI', '2025-02-27', '1LP', '2025-06-09 01:11:12', 1, 1, '★邁可．提爾森．湯瑪斯，指揮 / 波士頓交響樂團\n☆限量編號\n柴可夫斯基的第一號交響曲是他1866年剛進入莫斯科音樂院擔任作曲教授之際所譜寫的作品，後來柴可夫斯基在1874年重新改寫此曲，成為今日所有管弦樂團演出的版本。《今日經典》如此盛讚這張錄音：「邁可．提爾森．湯瑪斯錄製的柴可夫斯基第一交響曲，一直被認為是同曲錄音版本中最棒的之一，因為他對樂譜的『芭蕾舞式』處理獨樹一幟。確實，邁可．提爾森．湯瑪斯的節奏中帶有舞蹈元素，而在處理樂句過渡時又具有令人無法抗拒的自然與流暢。邁可．提爾森．湯瑪斯讓輕快的第二樂章聽起來像一首深情的搖籃曲，這在很大程度上得益於波士頓交響樂團質感豐富的弦樂演奏。', ''),
(14, '111126', '史克里亞賓：狂喜之詩、柴可夫斯基：《羅密歐與茱麗葉》幻想序曲', 14, 1000, 1, 7, '環球 UNI', '2025-02-27', '1LP', '2025-06-09 01:11:12', 1, 1, '★阿巴多，指揮 /波士頓交響樂團\n☆限量編號\n史克里亞賓的《狂喜之詩》可以說是他身為作曲家創作的一種總結。史克里亞賓專注在管弦樂的作曲與神秘主義，發展出以四度音堆疊的「神祕和弦」，而「狂喜之詩」便是他大量採用「神祕和弦」之作，此曲並不只描寫感官的慾念，也非宗教的狂喜，而是藝術創作的狂喜，大膽的作品技巧與華麗的音色，加上過於龐大的規模，令人震撼。至於柴可夫斯基在他早年譜寫的幻想序曲《羅密歐與茱麗葉》中描述了兩個世仇家族之間的鬥爭，以及這對情侶的柔情浪漫，其間對比強烈。巴拉基列夫帶領柴可夫斯基關注莎士比亞的悲劇，為了表達感謝，柴可夫斯基將此曲題獻給巴拉基列夫。', ''),
(15, '111089', '韋瓦第：四季', 15, 1000, 1, 3, 'ESOTERIC', '2025-05-24', '1LP', '2025-06-09 01:11:12', 1, 1, 'Felix Ayo, Violin\nI Musici\nRecorded on 29 April – 6 May 1959, in Wien\nRe-mastering\nProducer: Motoaki Ohmachi (Esoteric Mastering Center)\nAssociated Producer: Jo Yoshida (Esoteric Mastering Center)\nMastering Engineer: Masaya Tohno (Esoteric Mastering Center)', '[Side A]\nConcerto No. 1 for violin and strings in E major, RV 269 “La primavera”\n1.Allegro\n2.Largo\n3.Allegro (Danza pastorale)\nConcerto No. 2 for violin and strings in G minor, RV 315 “L’estate”\n4.Allegro non molto – Allegro\n5.Adagio – Presto – Adagio\n6.Presto (Tempo impetuoso d’estate)\n[Side B]\nConcerto No. 3 for violin and strings in F major, RV 293 “L’autunno”\n1.Allegro (Ballo, e canto de’villanelli)\n2.Adagio molto (Ubriachi dormienti)\n3.Allegro (La caccia)\nConcerto No. 4 for violin and strings in F minor, RV 297 “L’inverno”\n4.Allegro non molto\n5.Largo\n6.Allegro'),
(16, '111088', '穆索斯基：展覽會之畫', 16, 1000, 1, 7, 'ESOTERIC', '2025-05-24', '1LP', '2025-06-09 01:11:12', 1, 1, 'Recorded on 1-7 November 1959 (Mussorgsky), and 18-21 April 1959 (Liszt)\nat the Victoria Hall, Geneva\nRe-mastering\nProducer: Motoaki Ohmachi (Esoteric Mastering Center)\nAssociated Producer: Jo Yoshida (Esoteric Mastering Center)\nMastering Engineer: Masaya Tohno (Esoteric Mastering Center)', '[Side A]\nPictures at an Exhibition\n1.Promenade – Gnomus\n2.Promenade – Il vecchio castello\n3.Promenade – Tuileries\n4.Bydlo\n5.Promenade – Ballet of the chickens in their shells\n6.Samuel Goldenberg and Schmuyle\n7.The market-place at Limoges – Catacombae (Sepulcrum romanum) – Cum mortuis in lingua mortua\n[Side B]\nPictures at an Exhibition\n1.The hut on fowl’s legs (Baba Yaga) – The great gate at Kiev\nFranz Liszt\n2.Hunnenschlacht, Symphonic Poem\nOrchestre de la Suisse Romande\nConducted by Ernest Ansermet'),
(17, '111048', '魔鬼的顫音', 17, 1480, 1, 3, '音橋 ENRICH', '2011-06-25', '1LP', '2025-06-09 01:11:12', 1, 1, '★十首樂迷鍾愛的作品：隨想曲、常動曲、選自帕格尼尼 1-4 號小提琴協奏曲\n★人稱「魔鬼的顫音」\n十九世紀小提琴大師帕格尼尼，一生充滿傳奇色彩，其演奏會往往令在場觀眾瘋狂嘩然，以不可思議的技巧吸引無數追隨者，曾寫下多首旋律動人及華麗堂皇的作品，為後世小提琴家所尊崇。本片(LP)黑膠唱片收錄義大利國寶阿卡多顛峰其所錄下的帕格尼尼名曲精選。這位第一位灌錄帕格尼尼六首小提琴協奏曲有「帕格尼尼再世」之譽的小提琴家，技巧出神入化，舉凡跳弓、滑弦、頓弓、顫音、擦弦、雙泛音….等小提琴炫技，俱在名琴相佐之下，綻放天碟效果。\n如果說，人因為魔鬼的引誘，而享受到官能極大的快感，那麼這張阿卡多的「帕格尼尼精選」就是不折不扣的「魔鬼的聲音」。', 'Side A\n1. La Risata del Diavolo (tema)【0’34】\n2. La Campanella 【9’02】\nRondo dal Concerto per violino e orchestra n.2\n3. Capriccio per violino solo n.5 【2’21】\nAgitato\n4. Rondo galante . Andantino gaio 【11’13】\nDal Concerto per violino e orchestra n.4\n5. Introduzione e variazioni su【6’48】\nGod Save the King op.9\nSide B\n1. Capriccio per violino solo n.24【4’30】\nTema. Quasi Presto – Variazioni – Finale\n2. Polacca.Andantino vivace【11’37】\nDal Concerto per violino e orchestra n.3\n3. Capriccio per violino solo n.1【1’51】\nAndante\n4. Rondo.Allegro spirituoso【9’47】\nDal Concerto per violino e orchestra n.13\n5. Sonata Moto Perpetuo【3’11】\nAllegro vivace'),
(18, '111008', '2025維也納新年音樂會', 18, 2480, 1, 7, 'SONY MUSIC', '2025-01-24', '3LP', '2025-06-09 01:11:12', 1, 1, '    2025年為小約翰．史特勞斯250周年誕辰紀念。\n    新年音樂會首度加入女性作曲家曲目。\n    指揮大師慕提第七次指揮新年音樂會。\n1842年，指揮家奧圖．尼可萊與「帝國及皇家宮廷歌劇院管弦樂團的所有成員」共同演出的一場盛大音樂會，催生全球樂迷一致推崇的維也納愛樂管弦樂團。每年的維也納新年音樂會是全球樂迷矚目的年度音樂盛事，2025年的新年音樂會除了邀請與樂團持續多年密切合作關係的指揮家慕提之外，還標誌著小約翰．史特勞斯的200週年誕辰紀念。維也納愛樂今年特別挑選史特勞斯的女性音樂家友人康絲坦彩．蓋格譜寫的《費迪南德斯》圓舞曲。這也是史上第一次有女性作曲家作品在新年音樂會上演出，意義不凡。\n維也納愛樂與慕提合作始於1971年，演出音樂會至今已超過500 場次。1992 年，當慕提受邀指揮維也納愛樂創團150週年紀念音樂會時，樂團贈予他金指環 （Golden Ring），歷來僅有極少數指揮家獲贈。慕提在1993年、1997年、2000年、2004年和2018年、2021年指揮新年音樂會，今（2025）年則是第七度指揮維也納樂，與世人共度新年。\n史上第一場新年音樂會，可溯源自1939年，指揮是克萊門斯．克勞斯；從1955年到1979年，指揮家鮑斯考夫斯基指揮了25場新年音樂會。1959年首度電視轉播，維也納新年音樂會從此進入新紀元。維也納新年音樂會，一定會演出史特拉斯家族優美輕快的圓舞曲與波卡舞曲，而令全球樂迷興奮的焦點，就是每年音樂會的安可曲：《藍色多瑙河》圓舞曲和《拉黛斯基》進行曲，這是從1958年以來的慣例（只有兩年例外）。時至今日，維也納愛樂將新年音樂會，視為一種基於希望、友誼與和平的精神，透過音樂，向全世界祝賀新年的傳統。', 'Side A\n1. Freiheits-Marsch, Op. 226 老約翰．史特勞斯：自由進行曲，作品 226\n2. Dorfschwalben aus Österreich, Walzer, Op. 164  約瑟夫．史特勞斯：《奧地利的村燕》圓舞曲，作品 164\n3.Demolirer-Polka , Op. 269 小約翰．史特勞斯：《拆除者曲》法式波卡舞曲，作品 269\nSide B\n1. Lagunen-Walzer, Op. 411 小約翰．史特勞斯：《湖泊》圓舞曲，作品 411\n2.Luftig und duftig. Polka schnell, op. 206 愛德華．史特勞斯：《輕盈芬芳》快速波卡舞曲，作品 206\n3. Der Zigeunerbaron: Ouvertüre 小約翰．史特勞斯：歌劇《吉普賽男爵》序曲\nSide A\n1. Accelerationen, Walzer, Op. 234 小約翰．史特勞斯：《加速》圓舞曲，作品 234\n2. Das Veilchenmädel: Fidele Brüder 小約瑟夫．黑爾梅斯伯格：〈快樂兄弟進行曲〉，選自歌劇《紫羅蘭姑娘》\n3. Ferdinandus-Walzer (Arr. for Orchestra by Wolfgang Dörner) 康絲坦彩．蓋格：《費迪南德斯》圓舞曲（由沃夫岡．多爾納改編）\nSide B\n1. Entweder - oder!, Polka schnell, Op. 403. I.Allegro moderato 小約翰．史特勞斯：《到底要怎樣！》快速波卡舞曲，作品 403\n2.Transactionen, Walzer, Op. 184 約瑟夫．史特勞斯：《交易》圓舞曲，作品 184\n3.Annen-Polka, Op. 117 小約翰．史特勞斯：《安娜》波卡舞曲，作品 117\nSide A\n1. Tritsch-Tratsch Polka, Op. 214 小約翰．史特勞斯：《喋喋不休》快速波卡舞曲，作品 214\n2. Wein, Weib und Gesang, Walzer, Op. 333 小約翰．史特勞斯：《美酒、女人與歌聲》圓舞曲，作品 333\n3. Die Bajadere, Polka schnell, Op. 351  小約翰．史特勞斯：《舞姬》快速波卡\nSide B\n1. New Year\'s Address 新年賀辭\n2. An der schönen blauen Donau, Walzer, Op. 314 小約翰．史特勞斯：《藍色多瑙河》圓舞曲，作品314\n3. Radetzky-Marsch, Op. 228 老約翰．史特勞斯：《拉黛斯基》進行曲，作品228'),
(19, '110988', '霍爾斯特 : 行星組曲 (彩膠)', 19, 980, 1, 7, 'DECCA', '2025-01-03', '1LP', '2025-06-09 01:11:12', 1, 1, '★祖賓•梅塔，指揮 / 洛杉磯愛樂\n近代英國大作曲家霍爾斯特的代表作「行星組曲」，是一部結構、和聲與節奏三方面都極為完美的作品，作曲家曾特別指出欣賞的手法──只要把各曲的副題廣義的解釋即可。本曲演奏的樂器甚多，屬於大型管弦樂編制。梅塔對音樂的處理一向明快俐落，對樂團的掌握更有獨到手法，將這個組曲詮釋極具戲劇性。', 'Side A\n1. Holst: The Planets, Op. 32: I. Mars, the Bringer of War\n2. Holst: The Planets, Op. 32: II. Venus, the Bringer of Peace\n3. Holst: The Planets, Op. 32: III. Mercury, the Winged Messenger\n4. Holst: The Planets, Op. 32: IV. Jupiter, the Bringer of Jollity\nSide B\n1 Holst: The Planets, Op. 32: V. Saturn, the Bringer of Old Age\n2 Holst: The Planets, Op. 32: VI. Uranus, the Magician\n3. Holst: The Planets, Op. 32: VII. Neptune, the Mystic'),
(20, '110987', '艾爾加：謎語變奏曲(白膠)', 20, 880, 1, 7, 'DECCA', '2025-01-03', '1LP', '2025-06-09 01:11:12', 1, 1, '☉蕭提指揮，維也納愛樂\n英國作曲家艾爾加大器晚成，年近四十才有一些名氣。四十二歲那一年，艾爾加發表大受好評的《謎語變奏曲》。作曲家在休閒的時候，喜歡一邊抽煙，一邊在鋼琴上即興演奏，有時候會以音樂描述夫妻身邊的親友，這就是《謎語變奏曲》的創作靈感來源。艾爾加曾在樂譜上親自附註表示，這首樂曲描寫了十四位至親好友的性格，每一段的變奏都使用代表人物的姓名縮寫或暱稱，以音樂表達這些人物的個性、笑聲、最近發生的奇事、職業等等，是一部交織著熱情、表現力、精妙與感情的作品。\n蕭提爵士與維也納愛樂合作的情誼已久，他們在1958年開始錄製的華格納《尼伯龍的指環》全集，至今依然被認為是這套史詩鉅作的里程碑錄音。這一張唱片是蕭提與維也納愛樂於1996年四月在愛樂之友協會音樂廳的演出實況，基於多年的合作默契，蕭提爵士讓維也納愛樂的演出，有如該團是一個長年演出艾爾加作品的團體，對於這些英式的音樂語言表現得極自然流暢，細節微妙而且精緻，熱情但是又不顯得過度濫情。', 'Side A\n1.Andante\n2.04I (C.A.E.)\n3.05II (H.D.S-P.)\n4.06III (R.B.T)\n5.07IV (W.M.B.)\n6.08V (R.P.A)\n7.09VI (Ysobel)\n8.10VII (Troyte)\n9.11VIII (W.N)\nSide B\n1.12IX (Nimrod)\n2.13X (Dorabella):Intermezzo\n3.14XI (G.R.S.)\n4.15XII (B.G.N.)\n5.16XIII (***):Romanza\n6.17XIV (E.D.U.)-Finale'),
(21, '110986', '情感 (彩膠)', 21, 880, 1, 1, 'DECCA', '2025-01-03', '1LP', '2025-06-09 01:11:12', 1, 1, '網路爆紅的加拿大華裔鋼琴家及作曲家Tony Ann，於2024年在台灣首次舉辦演出，三場演出不僅座無虛席，也讓樂迷大呼過癮。Tony Ann以其精湛的鋼琴技巧和感人至深的音樂作品而廣受讚譽。他的音樂風格獨特，將古典音樂的優雅與現代流行音樂的元素巧妙結合，創造出具有強烈個人風格的作品。\n身為一位自己認為和諧音樂的鑑賞家，Tony Ann一直在思考如何不僅推動新古典和器樂音樂的界限，還包括流行音樂元素的結合。他成功地利用了鋼琴八十八個琴鍵，創作出充滿情感、技術的個人原創作品。2024年，Tony 與環球音樂集團發國分公司合作，發行一個三部曲數位 EP（《EMOTIONALLY BLUE》、《ORANGE》和《RED》），這 15 首曲目組合成一個彩膠做實體發行。他以時間做為基準，生活當中將踏上一段充滿憂鬱、歡樂和希望的旋律的情感之旅。這個旅程可以轉化為一天 24 小時， Emotion藍色 (#EP 1) 對應於深夜，這是一個不眠的時刻，我們所有的目標似乎都無法實現和不切實際，取而代之的是焦慮和孤獨的感覺。Orange橙色（#EP 2）可以當做重新開始的第一步。但如果沒有愛，這段旅程會變成怎樣呢？在Emotion紅色 (#EP 3) 中，希望不再是一種選擇；而是一種選擇。它以更多的流行旋律和夏日氛圍來詮釋，它對應著一天的開始，即我們充滿希望和熱情的日出。但如果沒有愛，這段旅程會變成怎樣呢？在Emotion紅色 (#EP 3) 中，希望不再只是一種選擇。因為人們有愛，我們變得更為正面積極，並準備營接世界的挑戰。這張彩膠透過一天的過程日出、日落和傍晚的情緒來呈現生命的表情。', 'Side A\n1.Grief\n2.Lost\n3.Anxiety\n4.Time\n5.Reflections\n6.Serein\n7.Euphoria\n8.Bliss\nSide B\n1.Hope\n2.Four Letters\n3.Love\n4.Desire\n5.Pulse\n6.Courage\n7.Memories'),
(22, '110985', '聲波之線', 22, 1328, 1, 6, '環球 UNI', '2025-01-03', '2LP', '2025-06-09 01:11:12', 1, 1, '★拉貝克姐妹、布萊斯‧戴斯納與大衛‧夏爾明合組夢幻之家四重奏\n夢幻之家四重奏成立於2018年，由拉貝克姐妹這兩位享譽國際的鋼琴家，還有葛萊美獲獎吉他手與作曲家布萊斯‧戴斯納、多才多藝的作曲家與音樂製作人夏爾明共同組成。四位音樂家各自擁有深厚的音樂造詣與跨界合作經驗，「夢幻之家四重奏」把他們的專長與創新精神完美結合，開創出獨具風格的音樂體系。\n專輯《聲波之線》是一張融合古典與當代音樂形式的創新力作，為樂迷帶來一次全新且前衛的音樂體驗。唱片收錄多首來自當代著名作曲家的作品，這些作品不僅充滿創意，還展現跨界融合的無限可能。專輯中包括賴奇、菲利浦‧格拉斯、布萊斯‧戴斯納、夏爾明以及蘇揚‧史蒂文等大師的作品，把古典音樂與當代風格巧妙融合，為聽眾帶來耳目一新的感受。\n重要的曲目包括由布萊斯‧戴斯納創作，充滿跳躍感和鋼琴深邃力量的作品的《Haven》，展現了樂團成員在不同樂器之間的巧妙配合。此外，夏爾明的《Particules n°5》和《Particules n°6》則以其學術與溫暖並存的風格，帶來理性且優雅的音樂體驗。這些作品皆以豐富的音樂層次和大膽的創新風格著稱，為當代音樂注入全新的活力。\n《聲波之線》是夢幻之家四重奏向當代音樂致敬的重要專輯，融合了豐富的音樂風格和創新元素，為聽眾呈現一場無與倫比的聽覺盛宴。', 'LP 1\nSide A\n1. Bryce Dessner: Nocturne 3:02\n2. Sufjan Stevens: Reflexion 3:22\n3. Caroline Shaw: Valencia 5:57\n4. Bryce Dessner: Nono Spirals 5:25\nSide B\n1-3. Steve Reich: Electric Counterpoint\nI. Fast 6:51 / II. Slow 3:23 / III. Fast 4:31\nLP 2\nSide A\n1. David Chalmin: Particule 5 2:35\n2. David Chalmin: Particule 6 3:19\n3. Timo Andres: Out of Shape 7:12\nSide B\n1. David Lang: Ever Present 5:04\n2. Anna Thorvaldsdottir: What Things Become 7:21\n3. Philip Glass: Closing 5:47\nKatia Labèque, piano\nMarielle Labèque, piano\nBryce Dessner, electric guitar\nDavid Chalmin, electric guitar, vocals (on 9) and electronics'),
(23, '110955', '頂尖對決', 23, 1080, 1, 3, 'Music On Vinyl', '2025-02-07', '1LP', '2025-06-09 01:11:12', 1, 1, '● 掀起網路點閱狂潮的「2CELLOS」簽約索尼音樂後，首張跨界專輯。\n● 打破傳統窠巢、發揮無限創意手法、以神乎其技的演繹功力，賦予十二首流行／搖滾歌曲全新生命。\n● 賦予流行天王麥可傑克森、槍與玫瑰、超脫合唱團、謬思合唱團、酷玩樂團、史汀、里昂王族、強尼凱許等經典好歌全新生命。\n顛覆你的想像空間，一次流行和古典的頂尖對決！兩把功力深厚的大提琴家，具備迷死人不償命的偶像外型，向各世代的搖滾經典前輩們致敬，打破傳統窠巢、跨越不可能的界線、發揮無限創意手法、精采併發最絢爛的火花！他們是火速竄紅崛起的「2CELLOS」!這兩位24歲的音樂系高材生，不當古典乖乖牌，在自製的音樂影片裡，以大提琴二重奏充滿創意的手法演繹麥可．傑克森（Michael Jackson）的名曲《Smooth Criminal》，席捲了網路平台，狂飆百萬點閱率進而受到唱片公司賞識而簽約，同時，他們也獲得流行歌手艾爾頓．強（Elton John）的邀請，預計今年夏天於歐洲一同巡迴演出。\n「2CELLOS提琴雙傑」是由蘇利克(Luka Sulic)和豪瑟(Stjepan Hauser)組成，來自克羅埃西亞的小鎮，幼年開始學習大提琴，擁有獲獎無數的傲人紀錄、世界巡迴演出的背景，更完成著名倫敦皇家音樂學院（Royal Academy In London）學位！蘇利克在倫敦的威格摩廳（Wigmore Hall），阿姆斯特丹的皇家大會堂（Concertgebouw），維也納的金色大廳（Musikverein）和音樂廳等著名殿堂演出過！豪瑟則曾經巡迴南非、紐西蘭、英國、荷蘭、美國等地的登台經驗，在短短幾年的演出生涯中贏得21座大小獎的加冕！\n首張同名專輯《頂尖對決》(2CELLOS) 問市前，早已累積超人氣，要用神乎其技的演繹功力，賦予流行/搖滾歌謠全新生命！一時之選的十二首作品，勾引各族群領域的美好回憶。開場的〈SMOOTH CRIMINAL〉，是他們一戰成名的關鍵，另外追加輕快動人的〈HUMAN NATURE〉；別以為古典小子不能駕馭重金屬/另類派系，就在狂放滿點的「槍與玫瑰」之〈WELCOME TO THE JUNGLE〉、「超脫合唱」的國歌〈SMELLS LIKE TEEN SPIRIT〉加壓下，雖然沒有吉他的飆奏、貝斯的躍動、鼓點的猛擊，卻營造相同的不羈感，讓人直呼過癮！聽過了美式的剽悍後，接續搞定英倫搖滾能量，讓詩篇般的「謬思合唱團」和「酷玩樂團」招牌〈THE RESISTANCE〉、〈VIVA LA VIDA〉，聚合出無與倫比的張力，流竄絢麗激情；偉大的搖滾英雄U2，延伸出〈WHERE THE STREETS HAVE NO NAME〉和〈WITH OR WITHOUT YOU〉無比驚艷音場！還有鄉村民謠大師強尼凱許與工業搖滾領導九吋釘的首腦崔特瑞茲諾、搖滾紳士史汀、美國衝浪搖滾先驅狄克戴爾、征服英美的超級樂團「里昂王族」的代表曲目，都在「2CELLOS」精緻細膩的處理下，揮灑原味古典色調，導入喧囂爽快聲波裡頭！', '1. Where the Streets Have No Name\n2. Misirlou (Theme From Pulp Fiction)\n3. Use Somebody\n4. Smooth Criminal\n5. Fragile\n6. The Resistance\n7. Hurt\n8. Welcome To the Jungle\n9. Human Nature\n10. Viva La Vida\n11. Smells Like Teen Spirit\n12. With or Without You'),
(24, '110940', 'Il Mare Calmo Della Sera', 24, 1480, 2, 8, 'DECCA', '2025-01-10', '2LP', '2025-06-09 01:11:12', 1, 1, 'The album that launched Andrea Bocelli\'s 30-year career, Il Mare Calmo Della Sera is now available for the first time on vinyl as a 2LP set. Originally only released in Italy in 1994, the album features 13 songs that would go one to become classics within Bocelli\'s repertoire including the title track, \"Il Mare Calmo Della Sera,\" \"Ave Maria\" and \"La Fleur Que Tu M\'avais Jetee\" from the opera Carmen.', '1. Il Mare Calmo Della Sera\n2. Rapsodia\n3. Ave Maria No Morro\n4. Vivere\n5. La Luna Che Non C\'E\n6. Caruso\n7. Miserere\n8. Panis Angelicus\n9. Ah, La Paterna Mano\n10. E Lucean Le Stelle (Tosca)\n11. La Fleur Que Tu M\'Avais Jetee (Carmen)\n12. L\'Anima Ho Stanca (Adriana Lecouvreur)\n13. Sogno'),
(25, '110904', 'Maria (Original Motion Picture)', 25, 1680, 1, 5, 'Warner Music', '2025-01-17', '2LP', '2025-06-09 01:11:12', 1, 1, 'The Original Motion Picture Soundtrack from the movie Maria, directed by Pablo Larraín, written by Steven Knight, which delves into the tumultuous final days of the iconic opera singer in 1970s Paris, interpreted by Angelina Jolie.', 'LP1\n1. Ave Maria\n2. Casta Diva\n3. Anvil Chorus\n4. O Mio Babbino Caro\n5. I Showed Him the Diary\n6. Ave Maria (Piano Version)\n7. La Traviata - Intermezzo\n8. Ebben? Ne Andro Lontana\n9. Medea - Intermezzo\n10. E Che Io Son Medea\n11. Why I Snort Cocaine\n12. That Will Be 100 Drachma\n13. Habanera\n14. Humming Chorus\n15. Qui La Voce Sua Soave\nLP2\n1. Parsifal - Prelude\n2. Sempre Libera\n3. I Believe I M Expected\n4. Habanera (Jazz Version)\n5. Last Night Before He Fell Asleep\n6. Addio Del Passato\n7. Ave Maria (Fully Orchestrated Version)\n8. Piangete Voi\n9. E Lucevan Le Stelle\n10. Vissi D Arte\n11. An Ending (Ascent)\n12. Va Pensiero (Introduction)\n13. Va Pensiero'),
(26, '110896', '聖桑 & 戴流士：大提琴協奏曲 (全球首刻)', 26, 980, 1, 2, 'Warner Classics', '2025-01-24', '1LP', '2025-06-09 01:11:12', 1, 1, '偉大的已逝大提琴家杜普蕾，如果不是因為42歲時因病去世，那麼2025年1月26日就是她的80歲生日。此張黑膠發行，包含了由杜普蕾的先生巴倫波因所指揮，聖桑的知名作品《聖桑：第一號大提琴協奏曲》；以及戴流士所創作較少為人所知的《戴流士：大提琴協奏曲》，這首作品則是請來沙堅特爵士擔任指揮，他與杜普蕾的演奏及精細度完美契合。\n幾年前華納古典重新發行1968年於EMI錄音室錄製的聖桑鋼琴協奏曲的黑膠，同樣由巴倫波因指揮，但樂團則是新愛樂管弦樂團。此次所發行的這張現場錄音黑膠專輯，是在3年後也就是1971年，在費城與費城管弦樂團合作錄製，並於90年代末期於Teldec廠牌以CD型式發行。這次是首度以黑膠型式發行。', 'SIDE A\n聖桑：A小調第1號大提琴協奏曲，作品33\n巴倫波因〈指揮〉費城管弦樂團\nSIDE B\n戴流士：大提琴協奏曲\n沙堅特爵士〈指揮〉皇家愛樂團弦樂團'),
(27, '110868', '威爾第 : 安魂彌撒(第二版)', 27, 1000, 1, 7, '環球 UNI', '2024-12-06', '2LP', '2025-06-09 01:11:13', 1, 1, '★卡拉揚，指揮 / 柏林愛樂\n☆限量編號', ''),
(28, '110867', '白遼士：幻想交響曲(第二版)', 11, 1000, 1, 1, '環球 UNI', '2024-12-06', '1LP', '2025-06-09 01:11:13', 1, 1, '☆小澤征爾，指揮　/ 波士頓交響樂團\n→無限量編號', 'A side\n1-2. 白遼士：幻想交響曲，第一、二樂章\nB side\n1-3. 白遼士：幻想交響曲，第三、四、五樂章'),
(29, '110865', '拉威爾：《達夫尼與克羅伊》、巴望舞曲 　德布西：夜曲 (第二版)', 14, 1000, 1, 7, '環球 UNI', '2024-12-06', '1LP', '2025-06-09 01:11:13', 1, 1, '☆阿巴多，指揮 /波士頓交響樂團\n→無限量編號', 'A side\n1-3. 德布西：夜曲\nB side\n1-3. 拉威爾：《達夫尼與克羅伊》第二號組曲\n4. 　拉威爾：巴望舞曲'),
(30, '110863', '《聖善夜》', 4, 1248, 1, 5, '福茂 DECCA', '2024-12-06', '2LP', '2025-06-09 01:11:13', 1, 1, '暢銷全球數十年，帕華洛帝這張《聖善夜》專輯，早已是聖誕專輯中經典錄音。環球唱片首次以黑膠形式再版這張珍貴的經典錄音。專輯收錄了多首永恆的聖誕歌曲，包括《聖善夜》、舒伯特的《聖母頌》、《齊來崇拜歌(O Come, All Ye Faithful)》等。\n《聖善夜》是法國作曲家亞當於1847年創作，連續進8年以來被Classic FM評選為最受歡迎的聖誕頌歌第一名，幾乎各類型歌者錄製聖誕專輯不可或缺的名曲。帕華洛帝在這首曲目上的詮釋無疑的最激勵人心的，展現這位傳奇男高音無與倫比的聲音才華。\n對於已經是帕華洛帝粉絲的樂迷以及首次接觸的新人來說，這張專輯都是一份最完美的佳節禮物。', 'Side A:\n1.    Adam:  O Holy Night\n2.    Stradella:  Pietà, Signore\n3.    Franck:  Panis angelicus, CFF 209\n4.    Mercadante:  Le sette ultime parole di nostro Signore sulla croce: Qual Giglio Candido\nSide B:\n5.    Schubert:  Ave Maria\n6.    Yon:  Gesù Bambino\n7.    Gluck:  Orfeo ed Euridice, Wq. 30, Act III: Che farò senza Euridice (Arr. Faris)\n8.    Rossini:  Stabat Mater: Cujus animam gementem\n9.    Verdi:  Messa da Requiem: Ingemisco\nSide C:\n10.    Gounod:  Ave Maria, CG 89a\n11.    Melichar:  Mille cherubini in coro\n12.    Bizet:  Agnus Dei (Arr. Guiraud After Intermezzo from L\'Arlésienne, WD 28)\n13.    Berlioz:  Requiem, Op. 5 (Grande Messe des Morts): Sanctus\nSide D:\n14.    Wade:  Adeste Fideles\n15.    O Jesu mi dulcissime\n16.    Schubert:  Ave verum corpus\n17.    Pavarotti, Benvenuti:  Ave Maria, Dolce Maria'),
(31, '111353', '追憶納京高 ～ 美空雲雀演唱爵士樂 (45轉)', 141, 2380, 2, 9, 'Stereo Sound', NULL, '2LP', '2025-06-09 01:11:13', 1, 1, '日本歌壇傳奇 × 爵士經典｜聲音細節極致重現！\n戰後最具代表性的國民歌姬美空ひばり，1965年發表的爵士名盤《懷念納京高～美空ひばり唱爵士》首度推出高品位45轉黑膠唱片，以前所未有的聲音質感，重現她獨特的聲線與情感詮釋。\n從 Nat King Cole（納京高）膾炙人口的曲目中嚴選12首經典，由原信夫與 Sharp & Flats 爵士樂團與Columbia Strings 管絃樂團聯手伴奏，打造兼具深度與感染力的絕美錄音。\n使用珍藏原版 1/4 吋模擬母帶進行全新製作\n不使用壓縮器、極限減少限制器，完整保留錄音原始動態與呼吸感\n全程由日本哥倫比亞錄音室資深工程師武澤茂操刀，聲音層次豐富、立體分明\n以高規格45轉黑膠形式刻製，忠實呈現美空ひばり細膩多變的聲音表情\n不僅是向爵士大師致敬的唱片，更是一張從錄音、混音、刻盤到壓片都追求極致音質的發燒級黑膠作品。', '●DISC1\n[Side A]\n01. スターダスト\n02. ラヴ\n03. 魅惑のワルツ\n[SIDE B]\n01. 歩いて帰ろう\n02. トゥ・ヤング\n03. ペイパー・ムーン\n●DISC2\n[SIDE C]\n01. 恋人よ我に帰れ\n02. プリテンド\n03. 月光価千金\n[SIDE D]\n01. 慕情\n02. ロンリー・ワン\n03. 夕日に赤い帆'),
(32, '111332', '獵頭者', 142, 1480, 3, 12, 'Analogue Productions', NULL, '1LP', '2025-06-09 01:11:13', 1, 1, '融合爵士鬼才鍵盤大師成名代表作。\n企鵝爵士評鑑四星皇冠＊＊＊＊（＊）必備推薦\n從一入樂壇就因傲人的演奏技巧與作品中的創意開發，而讓眾家樂評視做音樂天才的Herbie Hancock，自與著名前輩小喇叭手Freddie Hubberd合作並因之掘起開始，即令許許多多的同儕樂手驚豔於他以如此輕的年紀，在精煉演奏技巧間，又能綻放嶄新視野的大膽作風。出身鋼琴及其他鍵盤樂器演奏者的Herbie Hancock，或許是因陸續與幾位在融合爵士樂（Fusion）界拓展出許多革命性新疆域的樂手如：Miles Davis、Chick Corea...等人合作的關係，相對地亦引導出他打破音樂藩蘺、開創全新樂風的紮實觀念。也因此，我們可以在Herbie的音樂創作裡，咀嚼到爵士、放克、搖滾、節奏藍調、世界音樂、流行....等等各式各樣的繽紛元素，並行不悖地共生共容著。\n這張“Headhunter\"專輯，可說是近廿年來對當代爵士樂發展影響最深的專輯之一。除了自Miles Davis以降的眾家樂手為Fusion所樹立的標竿及前言之外，本張專輯對Fusion所帶來的影響亦頗為可觀。在Herbie兼容多樣節奏變化的複雜旋律建構體中，他的手指輕易地穿梭於屬於『音樂』這個範疇內的每一項可能因素。直接針對音樂本體屬性而做的分割解剖動作，承襲了Miles、Charles Mingus、Eric Dolphy等人的雄觀冒險精神，並且又十足充滿建設性地潑灑出屬於自己的語彙。此外，從專輯一開始即以炫耀生命動力的節奏線擄獲眾人注意力的貝斯手Paul Jackson，以及在「Sly」和「Vein Melter」兩首作品裡，以令人目不暇給的跋扈跳躍綻現他強勢穿透力的薩克斯風手兼長笛演奏者Bennie Maupin，均在本專輯中與Herbie交相纏織出精緻、和諧又帶前衛衝進力的精彩音樂麗錦。這張史上最佳銷售紀錄之一的爵士專輯，更形突顯了橫跨流行、放克與爵士界的這位鬼才音樂家無人匹敵的精靈魅力。', '1. Chameleon\n2. Watermelon Man\n3. SLY\n4. Vein Melter'),
(33, '111331', 'Waltz For Debby  (45 RPM 200 Gram Clarity Vinyl)', 143, 5780, 3, 12, 'Analogue Productions', NULL, '2LP', '2025-06-09 01:11:13', 1, 1, '「黛比的華爾滋」是Scott LaFaro猝逝前十天所留下的最後錄音，記錄了艾文斯三重奏一九六一年六月二十五日於紐約著名的前鋒村 俱樂部的精采現場演出，在Bill Evans第一代三重奏所留下為數不多的錄音作品中，「黛比的華爾滋」被公認是最登峰造極的絕美傑作，Bill Evans從容優雅的抒情旋律、Scott LaFaro堅實而明朗的暢快撥彈，以及Paul Motian以鋼刷為主所敲出的輕靈搖擺節奏，三位頂尖樂手的合奏無論是在均衡性、互動性及獨特性上皆達到了非凡絕倫的極致展現， 令爵士鋼琴三重奏型式昇華至彷彿此曲只應天上有的嶄新境界，加上錄音師的絕佳功力，細膩且清晰地捕捉住各項樂器饒富魅力的聲音質感，以及俱樂部裡聽眾杯觥 交錯互動熱絡的活生感，造就一場令人讚嘆不已的聲音饗宴，成為爵士樂百年歷史中最值得珍藏的鋼琴三重奏名盤典範。\n“My Foolish Heart”做為主要旋律線的艾文斯輕柔而和緩的觸鍵中盡是淡雅的芬芳，拉法洛像是在和鋼琴對話般專注且適時地撥彈出厚實有力的音符，伴隨著莫頓看似輕描 淡寫卻拿捏得恰到好處的刷鈸，悄然迴盪出略帶朦朧的迷人空間感，愈發烘托旋律裡憂喜交集的真摯情懷，也讓這首原本已經逐漸為世人所淡忘的情歌成為艾文斯日 後深受樂迷喜愛一演再演的人氣曲目。', ''),
(34, '111330', 'Sunday At The Village Vanguard  (45 RPM 200 Gram Clarity Vinyl)', 143, 5780, 3, 12, 'Analogue Productions', NULL, '2LP', '2025-06-09 01:11:13', 1, 1, '【前衛村俱樂部周日現場Sunday at the Village Vanguard】在爵士史上被公認為至為重要的一次無比倫比的現場紀實---比爾．艾文斯領軍的三重奏於1961年6月25日在紐約格林威治的前衛村俱樂部Village Vanguard 演出，這是美國紐約一家名聞遐邇且極具歷史意義的一間爵士樂俱樂部，難以勝數的歷史性錄音常常在這裡孕生，諸如桑尼羅林斯Sonny Rollins與約翰柯川John Coltrane等人的「Live at Vanguard」現場錄音等等...比爾．艾文斯三重奏在這歷史上的一天於前衛村演出的音樂菁華曾分別以「Sunday at the Village Vanguard前衛村俱樂部周日現場」及「Waltz For Debby黛比的華爾滋」二張專輯為名做錄音發行，這兩張作品在爵士樂的歷史軌跡中早已因其深邃鋪陳、雋永語彙及朦朧質感而成為全世界的核心爵士樂迷們以及所有對爵士樂有些許接觸的人他們心目中認定之必備的荒島銘盤；本張「Sunday at the Village Vanguard前衛村俱樂部周日現場」在維基定義上甚且被認為是爵士現場錄音中空前絕後的最佳史上名作，在一曲接著一曲的精彩詮釋中，我們不僅沈溺於伊文斯輕盈靈巧觸鍵所刻畫之柔美詩意，更浸淫於三重奏相互激盪時所描繪的幽情畫境......這張專輯也是已成傳奇的艾文斯三重奏當年最後留存的經典錄音，三重奏除艾文斯之外另兩位分別是指法精湛的Scott LaFaro史考特‧拉法洛- -被讚譽為「下一個查爾斯‧明格斯」的天才貝斯手，以及同樣才華洋溢而現場演出經驗豐富的鼓手之尊 Paul Motian保羅‧莫遜。在此場演出過後的10天，貝斯手拉法洛即因車禍而英年早逝，享年僅25歲。比爾．艾文斯和製作人奇普紐斯Orrin Keepnews因此特別親力挑選了此張錄音的選曲，其中為紀念拉法洛，特以他所寫的2首作品- Gloria`s Step 做為專輯的啟始，Jade Visions做為錄音的結語，更具令人動容的追思意境.....', ''),
(35, '111254', '蓋茲與吉芭托 (發燒45轉版)', 144, 2280, 3, 12, 'Analogue Productions', NULL, '2LP', '2025-06-09 01:11:13', 1, 1, '1963年史坦．蓋茲首度與來自巴西的樂手喬安．吉巴多（Joao Gilberto）、安東尼．卡洛．裘賓（Antonio Carlos Jobim）合作錄音。當時因為喬安完全不懂英文，所有演唱部份都得以葡萄牙文呈現，這對於美國聽眾而言實在太陌生了。於是錄音時，便由諾曼．金柏（Norman Gimbel）為“The Girl From Ipanema”這首主打歌填上部份英文歌詞，並由喬安的太太艾斯特臨時擔綱演唱英文的部份。一點也沒有出乎意料地，這張帶有濃厚異國色彩的錄音“Getz／Gilberto”不僅造成蟲動，連帶艾斯特的歌聲也紅遍整個美國。後來，艾斯特還留在美國灌錄不少個人專輯，這才是令人意想不到的。“Getz／Gilberto”專輯的意義相當深遠。一則是在1964年披頭合唱團如旋風式橫掃全球時，完全沒有影響到樂迷對該輯的狂熱喜愛；再則是巴西音樂經由這個錄音介紹給全球樂迷後，引起一連串回響，從此巴西音樂也奠定了國際地位。名曲”The Girl From Ipanema”先由吉它和人聲引出誘人的旋律，中段史坦‧蓋茲的薩克斯風一吹起，則立刻讓人陶醉在那隨興的情調當中。難怪日本名作家村上春樹也特別推薦這款名碟。', '1. The Girl from Ipanema\n2. Doralice\n3. P\'ra Muchucar\n4. Desafinado\n5. Corcovado\n6. So Dance Samba\n7. O Grande Amor\n8. Vivio Sonhando'),
(36, '111160', '節奏實驗 (45轉)', 145, 2280, 3, 14, 'Analogue Productions', NULL, '2LP', '2025-06-09 01:11:13', 1, 1, '這張大家肯定不陌生，但由美國發燒名廠 Analogue Productions 發行的45轉一定少見，不管是Allmusic音樂指南五顆星特別推薦，或是企鵝爵士唱片評鑑四星最高評價，Bernie Grundman精心後製，QRP最高品質壓製，特殊豪華折頁封套包裝，絕對值得再多入手一個版本。\n* Allmusic.com 音樂指南五顆星特別推薦，企鵝爵士唱片評鑑四星最高評價，酷派爵士最經典的代表作，爵士樂史上劃時代的節奏實驗。\n* 收錄經典名演〈Three To Get Ready〉、〈Take five〉標準曲目。\n戴夫布魯貝克出身於古典音樂學院，因此不論在鋼琴演奏或是在樂曲創作方面，均架構以嚴謹的思考線路。布魯貝克在爵士樂史上最大的貢獻，除了將古典音樂的特質注入爵士樂外，在爵士樂曲節拍上的各項實驗成，更為後輩樂手造成深遠的影響。\n戴夫布魯貝克在1958年，確定了日後被稱為「經典四重奏」的團員組合：鋼琴布魯貝克、薩克斯風手保羅戴斯蒙(Paul Desmond)、鼓手喬孟洛(Joe Morello)、貝斯手尤金萊特(Eugene Wright)。隔年錄製了代表作《節奏實驗Time Out》。\n《節奏實驗》是爵士樂歷史上非常奇特的一張專輯，不光是因為它在1959年那個搖滾興起的年代仍然大受歡迎，主要是因為其中融入了大量實驗色彩卻仍然大賣，專輯名稱被翻譯為「節奏實驗」，主要是因為裡面的曲子節拍大多很詭異：在當時絕大多數爵士樂曲都是採用4/4拍子的情況下，這張專輯裡有3/4、6/4拍，甚至還有9/4、5/4。這些聞所未聞的奇特節拍運用，不妨礙聽眾欣賞、擁抱這張專輯，其中的〈Three To Get Ready〉、〈Take Five〉等，都成為樂迷耳熟能詳、後輩樂手爭相學習分析的標準曲目，就像「All Music Guide」對他們的評價：「證明了高度原創性的音樂，一樣可以獲得聽眾歡迎。」', '1. Blue Rondo A La Turk\n2. Strange Meadow Lark\n3. Take Five\n4. Three To Get Ready\n5. Kathy\'s Waltz\n6. Everybody\'s Jumpin\'\n7. Pick Up Sticks'),
(37, '110948', '卡內基現場 (45轉)', 146, 5580, 2, 8, 'Analogue Productions', NULL, '5LP', '2025-06-09 01:11:13', 1, 1, '5LP 45RPM set includes bonus tracks previously unavailable on vinyl!\nMastered by Ryan K. Smith at Sterling Sound from the original 3-track analog tapes!\n180-gram LPs cut at 45 RPM, plating by Gary Salstrom, pressing at Quality Record Pressings and RTI!\nCustom designed slipcase box', 'Disc 1\nSide 1\nIntroduction/ Darlin’ Cora\nSylvie\nCotton Fields\nSide 2\nJohn Henry\nTake My Mother Home\nDisc 2\nSide 1\nThe Marching Saints\nDay O\nJamaica Farewell\nSide 2\nMan Piaba\nAll My Trials\nDisc 3\nSide 1\nMama Look A Boo Boo\nCome Back Liza\nMan Smart (Woman Smarter)\nSide 2\nHava Nadeela\nDanny Boy\nMerci Bon Dieu\nDisc 4\nSide 1\nCu Cu Ru Cu Cu Paloma\nShenandoah\nSide 2\nMatilda\nDisc 5\nSide 1\nHarry Belafonte (Spoken Intro) *previously unreleased on LP\nScarlet Ribbons *previously unreleased on LP\nSide 2\nOverture Medley (Instrumental) *previously unreleased on LP'),
(38, '110947', '卡內基現場', 146, 2280, 2, 8, 'Analogue Productions', NULL, '2LP', '2025-06-09 01:11:13', 1, 1, '★ 非常HIFI的一張碟，能找到古典現場感覺的一張流行音樂演唱會，錄音師的鬼斧神工……\n★「麥聲」很輕，雖然是流行音樂現場，但是卻像不插電的古典音樂現場，能感受到「大廳」的空間感同時，保留了醇厚豐滿的聲音。\n★ 細節非常非常的多，每一首歌曲，你都能感受到BELAFONTE背後的樂隊各種樂器的弱音細節，聽著不起眼，但又清晰可聞。\n★ 聲音的定位，BELAFONTE應該是調動現場聽眾情緒的好手，經常能感受他在台上的移動，而且是軌跡清晰的。\n★ 非常好聽的音樂，我特別不欣賞一些毫無音樂性可言的HIFI碟，但是聽聽「CU CU RU CU CU PALOMA」，聽聽全場聽眾參與的「MATILDA」，都是感人至深的好音樂。\n作為音響發燒友們爭相傳頌的測試人聲定位的經典之作、音響認知的重要一環，《貝拉方提在卡內基大廳》是現場演唱專輯的最佳範本。1959年，齊名貓王的即興之王貝拉方提在47人編制的大樂團伴奏之下，於卡內基音樂廳展現其南方民歌、世界民謠及加勒比海風情的畢生名曲，以精湛的演出征服了紐約。現場實況錄音專輯在公告牌上停留了三年多，被公認為是優秀現場演唱的範本之一。同時，此錄音是標誌著模擬錄音時代最高成就的發燒經典，沒有它的音響、音樂發燒友，一生的音響認知終究將欠缺重要的一環。 卡內基音樂廳，世界著名的藝術聖殿，其現場的音效被專業音響人士視為「原音重現」標準。本輯乃現場演唱專輯的最佳範本。1959年，與貓王齊名的偉大黑人歌手、卡里普索即興歌曲之王貝拉方特，在47人編制的大樂團伴奏之下，於卡內基音樂廳展現其南方民歌、世界歌謠及加勒比海風情的畢生名曲，以精湛的演出征服了紐約。而負責本專輯現場錄音製作的Bob Bolard表示「麥克風很機靈地在適當位置、適時時機出現，捕捉住舞台表演者演出精髓的現場錄音，真是少之又少，而這一張卻是萬中選一的極品。」歷年來專輯榮譽無數：CD聖經上榜天碟！美國TAS榜單唱片！《音響世界》十年十佳西洋流行音樂唱片等！成為音響發燒友們爭相傳頌的測試人聲定位的經典之作。', 'Act 1: The Moods of the American Negro\nIntroduction – Darlin’ Cora\nSylvie\nCotton Fields\nJohn Henry\nTake My Mother Home\nThe Marching Saints\nAct 2: In The Caribbean\nDay O\nJamaica Farewell\nMan Piaba\nAll My Trials\nMama Look A Boo Boo\nCome Back Liza\nMan Smart\nAct 3: Round The World\nHava Nageela\nDanny Boy\nCu Cu Ru Cu Cu Paloma\nShenandoah\nMatilda'),
(39, '110921', 'Birth Of The Blue', 147, 1480, 2, 8, 'Analogue Productions', '2024-12-13', '1LP', '2025-06-09 01:11:13', 1, 1, 'The once-in-a-generation lineup that recorded these tunes is the very same that would be immortalized for the enduring classic they would record almost a year later, Kind of Blue. Davis played trumpet sublime with his ensemble sextet featuring pianist Bill Evans, drummer Jimmy Cobb, bassist Paul Chambers, and saxophonists John Coltrane and Julian \"Cannonball\" Adderley.\nUndervalued since their recording, the tunes on this album reflect historial and musical significance. They offer early glimpses into the modal jazz that Kind of Blue would bring to the forefront. Using modes common in modern classical music, rather than the chords of popular songs, Miles had begun to experiment with the new approach on the Milestones recording sessions previously.', 'Side A\n1. On Green Dolphin Street\n2. Fran-Dance\nSide B\n1. Stella By Starlight\n2. Love For Sale'),
(40, '110920', '鬥牛場上的鑽石與灰燼 (33轉)', 148, 1480, 2, 9, 'Analogue Productions', NULL, '1LP', '2025-06-09 01:11:13', 1, 1, '收錄1988年在西班牙Bilbao鬥牛場中的現場演出實況，以英語和西班牙語分別演唱專輯內的十二首經典名曲，Kevin Gray 原始母帶重新後製，QRP高品質生產監製。', '(In English)\n1. Diamonds and Rust\n2. Ain\'t Gonna Let Nobody Turn Me Around\n3. No Woman No Cry\n4. Famous Blue Raincoat\n5. Swing Low Sweet Chariot\n6. Let It Be\n(In Spanish)\n7. El Preso Numero Nueve\n8. Llego Con Tres Heridas\n9. Txoria Txori\n10. Ellas Danzan Solas (Cueca Sola)\n11. Gracias A La Vida\n12. No Nos Moveran'),
(41, '110919', '鬥牛場上的鑽石與灰燼 (45轉)', 148, 2280, 2, 9, 'Analogue Productions', NULL, '2LP', '2025-06-09 01:11:13', 1, 1, '收錄1988年在西班牙Bilbao鬥牛場中的現場演出實況，以英語和西班牙語分別演唱專輯內的十二首經典名曲，Kevin Gray 原始母帶重新後製，QRP高品質生產監製。', '(In English)\n1. Diamonds and Rust\n2. Ain\'t Gonna Let Nobody Turn Me Around\n3. No Woman No Cry\n4. Famous Blue Raincoat\n5. Swing Low Sweet Chariot\n6. Let It Be\n(In Spanish)\n7. El Preso Numero Nueve\n8. Llego Con Tres Heridas\n9. Txoria Txori\n10. Ellas Danzan Solas (Cueca Sola)\n11. Gracias A La Vida\n12. No Nos Moveran'),
(42, '110876', '慕情', 149, 1380, 2, 8, 'Sony Music JP', '2025-02-26', '1LP', '2025-06-09 01:11:13', 1, 1, 'ピアノの魔術師と謳われる菅野邦彦が TBM に残した唯一のリーダー作品。(TBM 主催 5 DAYS IN JAZZ コンサート録音盤)。エロール・ガーナー直系の”天才クニ”ここにあり。（シリーズ監修：塙耕記氏より）', 'A1. 慕情\nA2. 枯葉\nB1. ブルース・フォー・ウィントン・ケリー\nB2. パーディド'),
(43, '110666', 'The Essential (Black Vinyl)', 150, 1680, 2, 9, 'DECCA', '2024-12-13', '2LP', '2025-06-09 01:11:13', 1, 1, 'The Essential is a testament to Melody Gardot\'s enduring artistry. This collection spans 14 years of her career and includes 25 tracks that showcase the breadth of her musical abilities. Featuring selections from her six studio albums, remixes, live recordings and previously unreleased tracks, the album captures the essence of Gardot\'s talent. Highlights include her multilingual performances, emotive renditions of classics like Elton John\'s \"Love Song,\" and live recordings that convey the raw honesty of her concerts. Each track offers a glimpse into the diverse emotional landscapes Gardot can traverse, making The Essential a rich and compelling portrait of an artist whose music speaks for itself.', '1. Baby I\'m a Fool\n2. If the Stars Were Mine\n3. C\'est Magnifique\n4. Morning Sun\n5. Sweet Memory\n6. Mira\n7. Over the Rainbow\n8. Worrisome Heart\n9. Our Love Is Easy\n10. Love Song\n11. La chanson des vieux amants\n12. Les étoiles [Live]\n13. La Vie En Rose\n14. First Song\n15. This Foolish Heart Could Love You\n16. Once I Was Loved\n17. Ain\'t No Sunshine\n18. Moon River\n19. Your Heart Is as Black as Night\n20. If I Tell You I Love You\n21. Who Will Comfort Me\n22. Love Me Like a River Does\n23. Bad News [Live]\n24. La Llorona'),
(44, '110665', 'The Essential (White Vinyl)', 150, 1680, 3, 13, 'DECCA', '2024-12-13', '2LP', '2025-06-09 01:11:13', 1, 1, 'The Essential is a testament to Melody Gardot\'s enduring artistry. This collection spans 14 years of her career and includes 25 tracks that showcase the breadth of her musical abilities. Featuring selections from her six studio albums, remixes, live recordings and previously unreleased tracks, the album captures the essence of Gardot\'s talent. Highlights include her multilingual performances, emotive renditions of classics like Elton John\'s \"Love Song,\" and live recordings that convey the raw honesty of her concerts. Each track offers a glimpse into the diverse emotional landscapes Gardot can traverse, making The Essential a rich and compelling portrait of an artist whose music speaks for itself.', '1. Baby I\'m a Fool\n2. If the Stars Were Mine\n3. C\'est Magnifique\n4. Morning Sun\n5. Sweet Memory\n6. Mira\n7. Over the Rainbow\n8. Worrisome Heart\n9. Our Love Is Easy\n10. Love Song\n11. La chanson des vieux amants\n12. Les étoiles [Live]\n13. La Vie En Rose\n14. First Song\n15. This Foolish Heart Could Love You\n16. Once I Was Loved\n17. Ain\'t No Sunshine\n18. Moon River\n19. Your Heart Is as Black as Night\n20. If I Tell You I Love You\n21. Who Will Comfort Me\n22. Love Me Like a River Does\n23. Bad News [Live]\n24. La Llorona'),
(45, '110497', 'Live At The Village Vanguard', 151, 1680, 3, 12, 'Mack Avenue', NULL, '2LP', '2025-06-09 01:11:13', 1, 1, 'There is no doubt that Christian McBride is one of the most versatile musicians on the scene today. His artistry has been documented in recordings and performances with the widest possible range of musicians in the most varied settings and genres one might imagine. While attending a show at the Village Vanguard in 2006, it occurred to McBride that he hadn’t played there in nearly 9 years, as he’d been touring the world over. In June of 2007, Christian returned to the Village Vanguard with a group consisting of Steve Wilson, Eric Reed, Carl Allen and a young vibraphonist whom he’d recently met, Warren Wolf. Due to prior commitments, Eric Reed could no longer be in the group, but pianist Peter Martin joined the group immediately upon the release of Christian McBride & Inside Straight’s first Mack Avenue recording, Kind of Brown, and Peter’s been in the piano chair ever since.', 'LP1.\nSide 1\n1. Sweet Bread\n2. Fair Hope Theme\n3. Ms. Angelou\n4. Shade Of The Cedar Tree\nLP2.\n1. Gang Gang\n2. Uncle James\n3. Stick &amp; Move'),
(46, '110469', 'Orang-utan', 152, 1380, 2, 8, 'Sony Music JP', '2024-10-23', '1LP', '2025-06-09 01:11:13', 1, 1, '★「ブロー・アップ」以降、一曜人気ベーシストとなった、鈴木勲のTBM第4弾。\n★鬼才・森剣治らと捻出する重厚なグルーヴィー・サウンドは時代を経ても決して色褪せない。（シリーズ監修：塙耕記氏より）\n※ SMEからのTBMレーベル市販CD,LP商品としては2007年以来の発売となる”three blind mice プレミアム復刻コレクション”シリーズ第I期第3回発売分。\n鈴木 勲 (bass,cello,el-piano)\n森 剣治 (as,fl,b-cl)\n渡辺 香津美 (guitar)\n河上 修 (bass)\n守 新治 (drums)\n中本 マリ (vocal)', 'Side A\n1.ブルー・ロード\n2.ホエア・アー・ユー・ゴーイング？\nSide B\n1.マイ・ワン・アンド・オンリー・ラヴ\n2.オランウータン'),
(47, '110457', 'Nha Sentimento', 153, 1480, 2, 9, 'Music On Vinyl', '2024-06-14', '2LP', '2025-06-09 01:11:13', 1, 1, '★180 gram audiophile vinyl\n★Includes 4-page booklet with lyrics\n★Features \"Serpentina\", \"Verde Cabo di Nhas Odjos\"\n★Contains the bonus track \"Gaivota Pa Voa\"\n★For the first time available on vinyl\n★15th anniversary edition of 500 numbered copies on crystal clear vinyl\nNha Sentimento is the eleventh and final studio album released by Cape Verdean singer Cesaria Evora. The album consists of 14 songs, most of them written by Cesaria\'s well-known writers Teófilo Chantre and Manuel de Novas. For the first time in 15 years, the album is being released on vinyl and includes the bonus track \"Gaivota Pa Voa\".\nNha Sentimento is available as a 15th anniversary edition of 500 numbered copies on crystal clear vinyl and includes a 4-page booklet with lyrics.', 'LP1\n1. Serpentina\n2. Verde Cabo Di Nhas Odjos\n3. Vento De Sueste\n4. Ligereza\n5. Zinha\n6. Fatalidade\n7. Esperanca Di Mar Azul\n8. Sentimento\nLP2\n1. Tchom Frio\n2. Noiva De Ceu\n3. Holandesa Co Certeza\n4. Resposta Menininhas De Monte Sossego\n5. Mam\'bia E So Mi\n6. Parceria E Irmandade\n7. Gaivota Pa Voa (Bonus Track)'),
(48, '110425', '十年精選', 154, 1000, 2, 9, 'YHM Indie', NULL, '1LP', '2025-06-09 01:11:13', 1, 1, '生於德州達拉斯的莎拉K.（Sara K）一生都與音樂為伴，豐富多彩的職業生涯使她在歐洲民謠及藍調音樂界中贏得了崇高的地位。這張獨特的歌曲集精選了莎拉K.多年來為Chesky唱片公司錄製的作品，展現了她作為一位眼光獨到的歌手和才華橫溢的詞曲作者的風采。她以自己的詮釋、情感天賦以及自己的原創曲目演繹了唐．麥克林 （Don McLean）的「Vincent」和歐曼兄弟樂團 （The Allman Brothers Band）的「Whipping Post」等經典歌曲。', '1.    What’s A Little More Rain\n2.    I Couldn’t Change Your Mind\n3.    Miles Away\n4.    Vincent\n5.    Whipping Post\n6.    Stop Those Bells\n7.    Horse I Used To Ride\n8.    He Got You\n9.    If I Don’t See You Later\n10.    Tell Me I’m Not Dreamin\n11.    If I Could Sing Your Blues'),
(49, '110311', 'Holiday gift from MOON (十吋)', 155, 1000, 2, 9, 'YHM IMPORT', '2024-10-02', '1LP', '2025-06-09 01:11:13', 1, 1, 'ジャズ評論家・オーディオ誌から高い評価を受け、初回プレス即完売を記録した前作『Midnight Sun』(SCLP1072)に引き続き、MOON(vo)が山本剛(p)とクリスマスを飾る10インチLP(1/3 33 RPM)でのみ限定発売!永遠のホリデースタンダード「White Christmas」は山本流のメロウなピアノにMOONの耳辺り柔らかな歌声が溶け合い、「TheChristmas Song」ではリバーブが効いたアレンジによって、クリスマスムードをより一層盛り上げていく。B面1曲目には前作未発表音源であった「Canadian Sunset」が選ばれた。ラテン仕立ての小気味良いトリオにリズミカルなヴォーカルがマッチし、セットリストにスパイスの効かせた必聴の一曲に。また、『Midnight Sun』CD(SCOL1072)・SACD(SCOL1074)限定曲の「In theMiddle of a Kiss」「Autumn Leaves」、MOONオリジナル「Look to the Moon」を本作にて初のLP化!曲の表情が異なるA/B面の仕掛けに加え、10インチの可愛らしい体裁にも“ギフト”になぞった遊び心が感じられる。艶やかで上質なクリスマスアルバム。', 'A1.White Christmas 未発表曲(新録)\nA2.The Christmas Song 未発表曲(新録)\nA3.In the Middle of a Kiss 初LP化曲\nB1.Canadian Sunset 未発表曲(新録)\nB2.Autumn Leaves 初LP化曲\nB3.Look to the Moon 初LP化曲'),
(50, '110258', '安全地帶 40th ANNIVERSARY CONCERT “Just Keep Going!” Tokyo Garden Theater', 156, 3680, 2, 8, 'Stereo Sound', NULL, '2LP', '2025-06-09 01:11:13', 1, 1, '安全地帯40周年記念コンサート\n感動の千秋楽公演を永遠に刻む\n特別なアナログレコード誕生！\n2022年11月、湾岸エリア”有明”で繰り広げられた安全地帯の40周年記念コンサート「40th ANNIVERSARY CONCERT “Just Keep Going!” Tokyo Garden Theater」の感動が、最高品質のアナログレコードによって蘇ります。\n●真摯なる音楽への探求心\n安全地帯が40年にわたり歩み続けた音楽の旅。その真髄が3枚組のアナログレコードに詰まっています。千秋楽公演で奏でられた音楽の宝石を、最高の音質でお楽しみください。\n●最高の音質を追い求めた制作手法\nカッティングマスターの制作では、公演当日の48kHzサンプリング/24ビットのデジタルマルチレコーディング音源をベースにこのレコードのためにフルリミックスしたマスター音源を、アナログならではの深みを再現すべくいまや最高に贅沢な制作手法といえるハーフインチのアナログテープに録音。安全地帯の演奏、中でもヴォーカル玉置浩二の歌声=声の質感に特に重点を置いたマスタリングを行ない生々しい音質を収録しています。\nそして、レコードの原盤となるラッカー盤の製作においては、ハーフインチアナログテープから『ダイレクトカッティング』を行ないました。最大限、サウンドの質感と抑揚感を再現できる手法をとっています。アナログならではの深みを再現し千秋楽公演の感動を永遠に刻みました。\n安全地帯の歌の深みと情熱がアナログレコードを通じて鮮やかに蘇ります。そして、ヴォーカル玉置浩二の説得力ある歌詞を語る独自の声色が、感動の瞬間に誘います。\n●アートワークについて\n豪華三つ折りのレコードジャケットと、カラー８ページ構成のライナーノーツは、安全地帯のライブ感溢れる写真が贅沢に収められた、まさにコレクション必至の逸品です。\n安全地帯の真の魅力を凝縮した特別記念盤です。安全地帯・玉置浩二の愛の歌声に包まれた感動の瞬間をご堪能ください。', 'LP1.\n［Side A］\n1. あの頃へ\n2. 萠黄色のスナップ\n3. 碧い瞳のエリス\n［Side B］\n1. プルシアンブルーの肖像\n2. 好きさ\n3. 蒼いバラ\nLP2.\n［Side C］\n1. 熱視線\n2. ワインレッドの心\n3. 恋の予感\n［Side D］\n1. Friend\n2. 夕暮れ\n3. あなたに\nLP3.\n［Side E］\n1. 悲しみにさよなら\n2. 情熱\n3. 真夜中すぎの恋\n［Side F］\n1. じれったい\n2. ひとりぼっちのエール\n3. I Love You から始めよう'),
(51, '110013', '藍調的公爵 (45轉發燒版)', 157, 2280, 3, 12, 'IMPEX', '2024-06-21', '2LP', '2025-06-09 01:11:13', 1, 1, '★ Duke Ellington 與多位優秀樂手，集合當代最具靛藍色彩、韻味十足的藍調名曲經典名演。\n★ 在夜深人靜時分，伴您觸動靈魂的憂鬱餘韻，為您帶來直達情感深處的悠緩與靜謐。\n★ 細膩重現每位演奏者的吐納氣息，被譽為艾靈頓公爵最佳的重發作品。\n艾靈頓公爵自 1927 年在紐約棉花俱樂部率領樂團演出以來，便以華麗、靈動的音樂，搖擺激勵著經濟大蕭條以來衰頹懊喪的美國人心；這張發行於 1958 年的《Ellington Indigos》，則是在專輯名稱便宣示了與藍色/藍調/憂鬱的關係， ”Solitude” 、 ”Mood Indigo” 、 ”Prelude To A Kiss” 等作品，都散發著柔緩抒情、氤氳著濃厚的憂鬱氣息，而公爵也極少見地演奏並錄製了並非他自己創作的 ”Tenderly” 、 ”Autumn Leaves” 等充滿浪漫風情的名曲，使整張專輯扣人心弦的韻味更加濃厚，靜謐悠緩，在每一個夜晚，癒療著你我疲憊的心靈。', 'LP1.\n1.Solitude\n2.Where or When\n3.Mood Indigo\n4.Autumn Leaves\n5.Prelude To a Kiss\n6.Willow Weep for Me\nLP2.\n1.Tenderly\n2.Dancing In the Dark\n3.Night and Day*\n4.All the Things You Are*\n5.The Sky Fell Down*\n6.Love (My Heart, My Mind, My Everything)*'),
(52, '109639', '天作之合-電影典藏精選', 158, 1780, 2, 9, 'Universal', NULL, '2LP', '2025-06-09 01:11:13', 1, 1, '義大利音樂家顏尼歐莫利克奈享譽歐、美影壇四十多年，他總計贏得五座英國影藝學院獎、二座金球獎、一座葛萊美獎以及威尼斯影展所頒發的終身成就獎，膾炙人口的作品包括了《新天堂樂園》、《教會》、《四海兄弟》、《荒野大鏢客》、《海上鋼琴師》等。他的電影音樂散發著跨界的魔力，包括瓊拜亞、莎拉布萊曼、喬許、美聲男伶(Il Divo)都曾詮釋過他的作品。\n葡萄牙歌后Dulce Pontes，來自里斯本，她在一九九三年的專輯 Lagrimas 中，她將葡萄牙傳統的fado歌謠與非洲、阿拉伯、巴巴里等地的傳統音樂作融合。一九九六年，隨著她所詮釋的名曲\"Cancao do Mar 海洋之歌\"被選為電影《驚悚》的主題曲，Pontes的歌聲也逐漸受到國際樂壇的矚目，她曾與波伽利、卡列拉斯、費洛索、The Chieftains、卡芭葉等國際巨星合作。\n一九九五年，Pontes應邀為莫利克奈所譜寫的電影 Afirma Pereira 主題曲“Brisa do Coracao心之微風\"擔任主唱，在這次合作後，大師允諾會在Pontes 卅歲的時候與她合作一張專輯，二○○三年春季，這個允諾實現，兩人展開專輯《天作之合》的錄製，Pontes錄唱了\"Cinema Paradiso\"、\"A Rose Among Throns\"、\"Your Love\"這些分別來自於《新天堂樂園》、《教會》、《狂沙十萬里》等電影主題旋律的歌曲，莫利克奈不但親自為每首歌曲重新編曲，編寫全新的管弦樂曲，還特地譜寫了五首新作，其中包括了與pontes所合寫的“Nosso Mar我們的海洋\"、“Voo翱翔\"。Pontes分別用了葡萄牙文、義大利文、西班牙文、英文來詮釋莫利克奈的作品，而她那高亢、柔雅，情緒起伏多變的嗓音之中，更讓大師充滿寫意色彩的旋律瞬間激盪出一份對生命的熱情，同時也為’人聲永遠是最佳的樂器’這句話做了完美的詮釋。', '1. Cinema Paradiso\n2. A Rose Among Thorns\n3. Renascer\n4. No Ano Que Vem\n5. Your Love\n6. Amalia Por Amor\n7. Nosso Mar\n8. Antiga Palavra\n9. Luz Prodigiosa\n10. The Ballad of Sacco and Vanzetti\n11. Someone You Once Knew\n12. Voo\n13. I Girasoli\n14. House of No Regrets\n15. Barco Abandonado'),
(53, '109351', 'Sweet for K', 159, 1480, 3, 12, 'YHM Indie', '2024-04-24', '1LP', '2025-06-09 01:11:13', 1, 1, '重回三盲鼠TBM傳奇錄音室\n你沒有看錯，山本剛與錄音師神成芳彦再度合作，更回到當時三盲鼠御用的\"ONKIO HAUS東京\"進行錄音，這次將圍繞著山本剛景仰的美國音樂家Erroll Garner的作品，重新翻玩與創作。', '1.Night Wind\n2.Paris Bounce\n3.When Paris Cries\n4.Dreamy\n5.Mood Island\n6.Solitaire\n7.Daahoud\n8.Polka Dots and Moonbeams\n9.Sweet for K\n10.Laura\n11.Garner Talk'),
(54, '109320', '輕快的生活', 160, 1350, 5, 19, '風潮 WIND MUSIC', '2024-02-02', '1LP', '2025-06-09 01:11:13', 1, 1, '★榮獲中華音樂人交流協會年度〈十大優良專輯〉\n這一年 最美麗無憂與搔動靈魂的創作女聲\n暱稱小美的以莉‧高露 一位來自花蓮的阿美族人\n從吉納路安部落到大都會台北 再從繁華城市到宜蘭南澳種稻\n夜光下她是提筆寫歌的創作歌手 日光中她是插秧除草的自然農夫\n在嘹亮透著感性慵懶的歌聲裡 揉合爵士、Bossa Nova與阿美歌謠等\n展現了濃郁迷人的都會情調 也散發令人嚮往的田園步調在秋季裡，發出清澈純淨聲音的侯鳥叫「知更鳥」…(Robin)；但四季中，如此歌詠不斷的，叫做…「以莉．高露」--胡德夫\n是阿！這是迷人的歌聲，極致美好的作品。乘著風般地飛翔，赤裸地、寧靜地觀照著生命，貼近女人獨有內心遼闊的寂寞。也可以微笑，也可以隨著風，也可以飛翔。是阿！這是珍愛的—「以莉．高露」。--巴奈\n以莉‧高露這些歌，像在悠悠地唱給自己聽。我們倒像闖進她夢裡的不速之客，一遍遍按著PLAY，一面窺探著一幅幅埋在記憶深處的風景──那是開天闢地之初纔能有的天真與敞亮。貌似清淺，其實靜水流深，令人敬畏。 --馬世芳\n關於以莉高露\n以莉‧高露 在朋友口中暱稱「小美」，是花蓮吉納路安部落的阿美族，有著一張鮮明而亮麗的臉龐，嘹亮淳厚的歌聲中，又帶著慵懶的感性。\n如同許多原住民一樣，早期她來到了台北生活，先後隨著「原舞者」與「野火樂集」在各地演唱，在許多樂迷心裡留下深刻印象。數年前，她加入了「好客愛吃飯」樂團，並與主唱陳冠宇等人投入台東池上的有機稻米栽植，成為了左手種稻、右手寫歌的音樂人一員。而回到花蓮老家居住期間，以莉重新擁抱家庭溫情，也燃起創作火花。在移居宜蘭南澳後，開始著手將多年來輾轉曲折的生活經歷，轉化成一首首動人歌曲。音符間有貼切描繪都會女子所擁有的心情，也取材新編阿美歌謠來敘說關於家人與族人的故事，再揉入成為自然農夫後除草割稻的農忙生活，每一段都是如此光芒滿溢而獨特。', 'SIDEA\n01. 結實纍纍的稻穗\n02. 輕快的生活\n03. 休息\n04. 晚安太陽\n05. 夢\n06. 勤勞的Guad\nSIDEB\n07. 城市\n08. 迷人的眼睛\n09. 閃閃發亮的星星\n10. 路過'),
(55, '109312', '神仙故事 40週年紀念版', 161, 1000, 2, 9, 'ODIN RECORDS', NULL, '1LP', '2025-06-09 01:11:13', 1, 1, '羅卡像是北歐童話故事中森林裡的精靈，一塵不染的歌聲，淡淡的唱著來自仙境的故事，遙遠而美麗。\n劉名振 文\n挪威傳奇女歌手羅卡．透內芙在錄製完這張專輯幾個月後，以自殺方式結束30歲的年輕生命。這張專輯隨著羅卡辭世而更加珍貴，是80年代最偉大的錄音之一。\n「神仙故事」錄製於1982年，這張專輯包括了當時挪威爵士樂界的三位新星：主唱羅卡．透內芙、鋼琴家史蒂夫．多布羅葛茲，以及製作人亞利德．安德森。安德森可說是歐洲最重要的貝斯手，也在ECM推出多張自己領軍的傑出專輯。為何一位貝斯手會替女歌手與鋼琴家製作專輯？除了他們三人是同個樂團的成員之外，安德森與透內芙也是一對戀人。\n整張專輯僅有一架鋼琴、一個歌聲。兩位音樂家在1979年開始合作，專輯中的「My Funny Valentine」就是1979年在挪威廣播公司的錄音。雖然比起其他錄音早了三年，但是整張專輯聽起來十分和諧。多布羅葛茲的鋼琴演奏風格簡約，音符與音符之間留有充足的空間，以完美的強弱起伏帶動歌曲情緒，營造出豐富又空靈的音效，是專輯成功的重要因素。\n透內芙的歌聲完全反映出性格纖細緊張的一面。簡單的伴奏襯托出她乾淨澄澈的嗓音。透內芙接受訪問時曾表示：「我認為歌手應該用有意義的演唱來拉近與觀眾的距離。」她自己對於這些歌詞的深刻咀嚼，帶出每一首歌的故事，堪稱這張專輯最具魅力之處。她肯定深愛女作詞家芙蘭藍茲曼的作品，十首歌曲中竟然有三首是出自藍茲曼之手。另外，慧眼選唱艾爾頓強的經典「Come Down In Time」是爵士樂專輯中少有的創舉。專輯接近尾聲時，她以毫不修飾的歌聲淡淡唱出「Before Love Went Out Of Style」，似乎也預言了與安德森戀情的結局。\n雖然是許多音響迷們懼怕的早期數位錄音，本片的錄音品質卻相當超卓。鋼琴顆粒清晰飽滿、歌聲充滿空間感，情境動人無比。', '1.    The Moon Is a Harsh Mistres (Jimmy Webb)\n2.    Come Down in Time (Elton John/Bennie Taupin)\n3.    Lost in the Stars (Kurt Weill/Maxwell Anderson)\n4.    Mystery Man (Steve Dobrogosz/Fran Landesman)\n5.    My Funny Valentine (Richard Rodgers/Lorenz Hart)\n6.    Nature Boy (Eden Ahbez)\n7.    Long Daddy Green (Blossom Dearie/Dave Frishberg)\n8.    Wasted (Radka Toneff/Fran Landesman)\n9.    Before Love Went Out of Style (Dudley Moore/Fran Landesman)\n10.    I Read My Sentence (Steve Dobrogosz/Emily Dickinson)');
INSERT INTO `vinyl` (`id`, `shs_id`, `title`, `author_id`, `price`, `genre_id`, `gender_id`, `company`, `release_date`, `format`, `create_date`, `stock`, `status_id`, `desc_text`, `playlist`) VALUES
(56, '109303', '日本製黑膠系統檢測片', 162, 750, 2, 11, 'YHM IMPORT', NULL, '1LP', '2025-06-09 01:11:13', 1, 1, 'Side A\n1. 左右バランス（1:35）\nまず最初は、左右のバランスをチェックします。同じ大きさのクリック音が左右に録音されていますので、正面で聞いてクリック音が中央から聞こえるように再生装置のレベルつまみを調整してください。そのあと、もう一度クリック音で確認します。\n2. 位相特性（1:32）\nステレオ装置の極性が正しいかどうか、位相をチェックします。ホワイトノイズを逆相、正相の順に３回お聞かせしますのでチェックしてください。正相の時はホワイトノイズの音が中央から聴こえ、逆相の時はスピーカーの外に分かれて聴こえます。\n3. 1kHz（0:35）\n1kHzの基準音です。この音は再生装置の基準レベルと言われています。出力電圧やS/N比のチェックなどに用います。\n4. クロストーク（1:10）\n再生装置の左右のクロストークをチェックします。440HzのAの音（ラジオの時報の音）が、最初はレフトチャンネルに15秒間流れます。この音がライトチャンネルにどれほど漏れるかをチェックします。音の漏れが少ないほど、クロストークが良いことになります。次に、ライトチャンネルにも15秒間流します。レフトチャンネルにどれだけ漏れるかをチェックしましょう。\n5. 回転むら（2:23）\nターンテーブルの「回転むら」をチェックするため、3kHzの音を120秒間流します。「回転むら」の少ないターンテーブルは、一定の高さの音が安定して聴こえます。むらの多い時は不安定な音に聴こえます。\n6. スタンディング・ウェーブ（1:43）\nリスニングルームのスタンディング・ウェーブの様子をチェックしましょう。20Hzから1kHzまでを連続して変化させますので一様な音量に聴こえればスタンディング・ウェーブが少ないと言えます。\n7. 無録音溝（0:45）\n装置全体の雑音と信号のレベル比をチェックするための無録音溝です。ターンテーブルのランブルやハム音のチェックにも使用できます。\n8. 周波数特性\n高音域周波数特性（1:53）\n15kHz、10kHz、9kHz、8kHz、7kHz、6kHz、5kHz、4kHz、3kHz、2kHz、1kHz\n低音域周波数特性（1:33）\n1kHz、800Hz、500Hz、400Hz、300Hz、200Hz、100Hz、70Hz、50Hz\n9. 特別付録：効果音\n1. 卓球（1:00）　2. ヘリコプター（0:30）　3. レーシングカー（0:30）　4. 蒸気機関車（0:30）　5. トラック（0:30）\nSide B\nService Vinyl Disc\nLOOP録音\nSin Wave Circle', ''),
(57, '109187', '《Misty》', 159, 1000, 2, 8, 'Sony Music JP', '2024-02-28', '1LP', '2025-06-09 01:11:13', 1, 1, 'TBMレーベル屈指の人気作品として語り継がれる、山本剛の第2弾。抒情性、力強いスウィング感など、様々なジャズの楽しさがギュッと詰まった邦人ピアノトリオの決定盤！（シリーズ監修者：塙耕記氏より）\n※ SMEからのTBMレーベル市販LP商品としては初発売となる”three blind mice プレミアム復刻コレクション”シリーズ第I期第1回。', 'A1. ミスティ\nA2. ブルース\nA3. イエスタデイズ\nB1. ハニー・サックル・ローズ\nB2. 煙が目にしみる\nB3. 時のたつのも忘れて\nB4. エンジェル・アイズ'),
(58, '109186', '《流水》', 163, 1380, 2, 8, 'Sony Music JP', '2024-02-28', '1LP', '2025-06-09 01:11:13', 1, 1, '「ファーストアルバム」（タクト）と共に愛され続けている、北の大地・根室にて繰り広げられた熱気溢れるライヴ録音盤。タイトル曲は文字通り海原でぶつかり合う流氷の如く壮大だ。（シリーズ監修：塙耕記氏より）\n※ SMEからのTBMレーベル市販LP商品としては初発売となる”three blind mice プレミアム復刻コレクション”シリーズ第I期第1回。', 'A1. 流氷\nA2. ソウルトレイン\nB1. ニュー・ムーン'),
(59, '109185', '《峰》', 164, 1380, 2, 8, 'Sony Music JP', '2024-02-28', '1LP', '2025-06-09 01:11:13', 1, 1, '張り裂けそうな緊迫感が全編に漂う、サックス奏者・峰厚介の戦慄のデビュー・アルバムにして、名門three blind miceレーベルの歴史的幕開けとなった、記念碑的作品。（シリーズ監修：塙耕記氏）\n※ SMEからのTBMレーベル市販LP商品としては初発売となる”three blind mice プレミアム復刻コレクション”シリーズ第I期第1回。', 'A1. あさ\nA2. アイソトープ\nB1. ドリーム・アイズ\nB2. ワーク・ワン'),
(60, '109143', 'Rogamar (Turquoise Vinyl)', 153, 1480, 2, 9, 'Music On Vinyl', '2024-01-19', '2LP', '2025-06-09 01:11:13', 1, 1, 'Three years after the Grammy Award-winning album Voz D\'Amor, Cape Verdean superstar Cesaria Evora returned with Rogamar, the tenth studio album by the \"Queen of Morna\". Rogamar, meaning \"pray to the sea\", features songs about love, loss, island life, and humankind within the context of the ocean. Together with her talented Cape Verdean songwriting team, Cesaria Evora presents 17 tracks in total, including 2 bonus tracks that were specially included for this release (\"Nos Maestro\" & \"Mae Africa (Version Cap-Vert))\". It also includes a performance with Ismaël Lô on \"Africa Nossa\", as well as the popular song \"Um Pincelada\".\nRogamar is for the first time available on vinyl as a limited edition of 750 individually numbered copies on turquoise coloured vinyl, and includes a 4-page booklet with lyrics.', 'LP1\n1. Sombras Di Distino\n2. Um Pincelada\n3. Avenida Marginal\n4. Africa Nossa\n5. Tiche\n6. Sao Tome Na Equador\n7. Rogamar\n8. Amor E Mar\n9. Modje Trofel\nLP2\n1. Rosie\n2. Travessa De Peixeira\n3. Mas Um Sonho\n4. Mar Nha Confidente\n5. Saiona D\'vinte Ano\n6. Vaga Lenta\n7. Nos Maestro\n8. Mae Africa'),
(61, '111318', '痕跡---四重奏，五重奏，大樂隊精選', 258, 880, 3, 12, 'DECCA', '2025-04-25', '1LP', '2025-06-09 01:11:13', 1, 1, '「痕跡(Splonge！)」這張新發行的LP 將焦點集中在薩克斯風兼長笛演奏家和作曲家 Tubby Hayes 身上。對 Tubby Hayes 的介紹。這張精選合輯由電影製作人、作家兼 Tubby Hayes 狂熱粉絲 Mark Baxter 編纂，匯集了 1961 年至 1969 年間為 Fontana 唱片公司錄製的十首曲目，旨在回答“我從哪裡開始(Where Do I Start)？”這個問題。\n托比•海斯 1935 年出生於倫敦，15 歲時開始職業生涯，與肯尼貝克的六重奏樂隊一起演奏，隨後在維克•路易斯和傑克•帕內爾等人的大樂隊中演出。 1958 年，他與羅尼•史考特 (Ronnie Scott) 共同創立爵士快遞樂隊 (Jazz Couriers)。羅尼•史考特後來將他的樂隊夥伴描述為“英國爵士樂壇最具影響力和主導地位的人物之一”。五十年代末期，爵士快遞樂隊被選為到倫敦巡演的戴夫•布魯貝克四重奏 (Dave Brubeck Quartet) 的開場演出嘉賓，戴夫•布魯貝克宣稱：「他的演奏聽起來比我們更美國化。」\n1961 年，海斯的首張專輯“Tubbs”之後，又發行了“Tubbs In New York”專輯 。在美國發行的專輯“Return Visit!”由羅蘭•柯克擔主奏，昆西•瓊斯擔任製作人（海斯和瓊斯於 1969 年再次合作，為“偷天換日”配樂）。隨後發行七張四重奏、五重奏等不同型式的樂團錄音。\n不規律的個人生活加上酗酒和吸毒問題導致海斯於 1973 年 6 月英年早逝，年僅 38 歲。此後，過去未發行的錄音為他帶來新的亮點，年輕新樂迷也發現海斯的才華，這在很大程度上得益於西蒙•斯皮萊特 (Simon Spillett) 於 2015 年撰寫的傳記（《小巨人的長影：塔比•海斯的生活、工作和遺產》）以及 2016 年的紀錄片《塔比•海斯：塔比•海斯的生活、工作和遺產》）當中的珍貴紀錄。\n所以，這張專輯回答了這個問題：“我從哪裡開始？(Where Do I Start?)”對於那些想知道“痕跡(Splonge！)”這個俚語的人來說，聽聽海斯這首非洲-古巴曲風演奏“Voodoo”，一切就都明白了。', 'Side A\nA1. Tubbsville (04:03)\nA2. You For Me (04:40)\nA3. Lady \'E\' - Tubby Hayes &amp; The All Stars (03:22)\nA4. Angel Eyes - Tubby Hayes Quintet (04:57)\nA5. Johnny One Note - Tubby Hayes Quintet (08:53)\nSide B\nB1. Pedro\'s Walk - Tubby Hayes Orchestra (04:47)\nB2. Bluesology - The Tubby Hayes Quartet (05:06)\nB3. Blues In Orbit - The Tubby Hayes Quartet (03:25)\nB4. For Members Only (Take 1) - The Tubby Hayes Quartet (07:27)\nB5. Hey Jude - Tubby Hayes Orchestra (03:36)'),
(62, '111180', 'REQUESTS - Tsuyoshi Yamamoto Trio LIVE - Vol.1', 159, 1380, 3, 12, 'YHM Indie', '2025-03-05', '1LP', '2025-06-09 01:11:13', 1, 1, '1970年代の伝説の和ジャズレーベル「スリー・ブラインド・マイス」で『ミッドナイト・シュガー』『ミスティ』など数々の世界的名盤を生み出してきたジャズピアニスト山本剛とエンジニア神成芳彦。ベース香川裕史、ドラム大隅寿男との鉄壁のトリオで、2022年『BLUES FOR K』(SCOL1062)を録音し再会。その後も、『SWEET FOR K』(SCOL1071)を発表すると、両作は日本だけでなくアジアやヨーロッパでもリリースされるなど、海外でも大きな話題と高い評価を得た。最新作は、かつてTBMや前作『SWEET FOR K』もレコーディングされた東京・音響ハウスにて、観客を入れてのスタジオライブレコーディングを決行。山本剛の真骨頂であるライブ演奏と、神成マジックによるスタジオサウンドが存分に収められた。さらに、事前に公募されたリクエスト曲から選曲されるという音楽ファンの夢が叶う作品。待望の「追憶」の再演、ライブで人気の「Doxy」、そして「Alice inWonderland」「Fools Rush In」「Milestones」「Charade」はリクエストならではの選曲だ。', 'A1.Alice in Wonderland\nA2.Fools Rush In\nA3.Milestones\nB1.Charade\nB2.Doxy\nB3.追憶'),
(63, '111157', 'Milt Jackson With John Lewis', 259, 680, 3, 12, 'Blue Note', NULL, '1LP', '2025-06-09 01:11:13', 1, 1, 'Vibraphonist Milt Jackson was a frequent presence on Blue Note sessions in the bebop era. As part of the fabled 1500 Series begun in 1956, the label issued the 12-inch compilation Milt Jackson and The Thelonious Monk Quintet which expanded Jackson\'s 10-inch LP Wizard of the Vibes with tracks from 1948 and 1951 dates led by Monk. The album cover was the first designed by Reid Miles. This Blue Note Classic Vinyl Edition is all-analog, mastered by Kevin Gray from the original master tapes, and pressed on 180g vinyl at Optimal.', '1.Lillie\n2.Tahiti\n3.What\'s New\n4.Bags\' Groove\n5.On the Scene\n6.Willow Weep for Me\n7.Criss Cross\n8.Eronel\n9.Misterioso (Alternate Master)\n10.Evidence\n11.Lillie (Alternate Master)\n12.Four in One (Alternate Master)'),
(64, '111147', 'The Moment of Truth: Ella at the Coliseum', 260, 1180, 3, 13, 'VERVE', '2025-02-28', '1LP', '2025-06-09 01:11:13', 1, 1, '1976年未發表現場錄音首度曝光！攜手Duke Ellington Orchestra的成員一起在奧克蘭體育館的演出，母帶從Verve Records 創始人 Norman Granz 的私人收藏中發現，且是多軌的類比磁帶，完美還原當年現場的氛圍。', '1. The Moment of Truth\n2. Don\'t Be That Way\n3. You\'ve Changed\n4. Let\'s Do It (Let\'s Fall in Love)\n5. Bye Bye Blackbird\n6. Alfie\n7. In a Mellow Tone\n8. Music to Watch Girls By\n9. Mack the Knife'),
(65, '111106', 'Sonicwonderland', 261, 1580, 3, 13, 'Concord Records', NULL, '2LP', '2025-06-09 01:11:13', 1, 1, '★榮獲葛萊美獎無上讚譽，調製動畫片「藍色巨星」原創音樂創作的日本爵士鋼琴家綻放摩登時尚爵士音樂活力專輯\n★包括：以1980年代的合成樂器舞曲節奏舞動爵士樂時尚魅力的標題曲「Sonicwonderland」，充滿放克節奏快意的樂曲「Trial And Error」，體現原音鋼琴優雅琴韻的「Polaris」\n榮獲葛萊美獎無上讚譽的日本第一爵士才女鋼琴家上原廣美，在創作備受好評的爵士動畫電影「藍色巨人」原創音樂之後，也立即啟動了全新的音樂冒險旅程，推出充滿著熱情，活力，流動著細膩情感的專輯【綺幻美境Sonicwonderland】。\n在2023年的春季巡迴音樂會，上原廣美組成了匯集年輕世代的爵士樂潛力樂手的四人樂團Hiromi\'s Sonicwonder，樂團成員包括：2017年開始合作，曾經與爵士吉他金手指Lee Ritenour交鋒的法國貝斯手Hadrien Feraud，拜鋼琴大師BillEvans的御用鼓手Joe La Barbera學藝，跟著知名爵士吉他手Larry Carlton一起巡迴的芝加哥鼓手Gene Coye，在2019，2021年兩度獲得Downbeat雜誌樂評票選獎最具潛力的小號樂手，紐約時報推崇為熾熱的年輕小號樂手的Adam O\'Farrill。同一年的五月二十五日至二十八日，上原廣美帶著Hiromi\'s Sonicwonder樂團重返錄製2019年晉升至告示牌雜誌爵士專輯榜第八名的鋼琴獨奏專輯「Spectrum」的加州著名錄音室Skywalker Sound Stage一起錄製專輯【Sonicwonderland】。\n1999年，上原廣美去到美國，她在波士頓的伯克利音樂學院(The Berklee College of Music)延展她的藝術領域，上原廣美接觸了爵士樂，古典樂，搖滾樂，金屬樂等各式各樣的類型音樂，她在爵士樂貝斯手與編曲家Richard Evans的教導下，學習編曲與管弦樂編配製作，Richard Evans很喜歡上原廣美彈奏的音樂，將她的音樂試錄帶拿給傳奇的爵士樂鋼琴大師與樂團領導者Ahmad Jamal聽，Ahmad Jamal覺得上原廣美的音樂具有迷人的特質，還有振奮人心的感覺。\n2003年，Richard Evans與Ahmad Jamal一起製作了上原廣美的首張專輯「Another Mind」，首張專輯在日本銷售達十萬張，同時獲得日本唱片協會的年度爵士專輯獎，隔年，上原廣美以專輯「Brain」贏得日本古典樂與爵士樂記者俱樂部「The Japan Music Pen Club」所頒發的最佳日本藝人獎，以及日本爵士樂權威雜誌Swing Journal的2005年讀者票選年度專輯獎，在2006年，上原廣美以專輯「Spiral」榮獲波士頓音樂獎的最佳爵士藝人獎，Swing Journal讀者票選年度爵士藝人，年度鋼琴家與年度專輯等三項大獎。\n具備鋼琴與作典才華的上原廣美，她以別具創意的音樂能量模糊了存在於爵士樂，古典樂與流行樂的類型音樂界線，將爵士樂的即興與古典樂的作曲帶到了一個更為繁複的音樂境界，上原廣美在2010年參與了爵士樂，節奏藍調，靈魂樂，放克樂的貝斯手Stanley Clarke為首，榮獲葛萊美獎最佳當代爵士專輯獎的專輯「The Stanley Clarke Band」錄製，上原廣美隨後與低音提琴吉他手Anthony Jackson，Stanley Clarke推薦的鼓手Simon Phillips組成樂團，樂團自2013年起陸續以專輯「Move」，「Alive」挺進告示牌雜誌爵士專輯榜前十名，隨後在2016年以專輯「Spark」攻頂爵士專輯榜冠軍王座。上原廣美在2013，2014年連續兩年受邀在著名的「新港爵士樂音樂祭 Newport Jazz Festival」中表演，上原廣美的音樂作品深獲紐約時報，華盛段郵報與美國公共廣播電台(NPR)的熱烈迴響，她在2021年東京奧運的開幕典禮中以爵士樂為基礎，同時融合了充滿熱情與張力的跨類型音樂元素的演出驚艷全場，同年推出以鋼琴為核心的五人樂團專輯「Silver Lining Suite」，專輯晉升至告示牌雜誌古典跨界專輯榜第四名。在2023年春季，上原廣美擴展個人的音樂領域，為日本票房高達十一億日幣的動畫片「藍色巨人 Blue Giant」譜寫原創音樂。\n距離首張專輯發行轉眼二十年，上原廣美不只是日本樂壇的明星，更是國際樂壇深獲好評的樂手，在個人的第十二張專輯【Sonicwonderland】中，上原廣美充分發揮了合成樂器的律動性與節奏感，專輯的標題曲「Sonicwonderland」標示著截然不同的上原廣美的摩登時尚爵士樂音，樂曲以近似1980年代的合成樂器舞曲節奏舞動了爵士樂的時尚魅力，隨後再與小號，鼓樂進行快步調的音樂交會，將爵士樂的融合與即興演出帶入更遼闊的音樂空間，專輯中還有同樣以合成樂器為核心，綻放快意的放克節奏感的「Trial And Error」，體現上原廣美的原音鋼琴優雅琴韻的「Polaris」與「Utopia」，此外，上原廣美也在「Bonus Stage」中來個活潑的摩登爵士樂與傳統的爵士樂的曼妙相會。\n在九首深具感染力的創作曲裡頭還包含了上原廣美將她在全球新冠疫情肆虐期間與眾多樂手於YouTube所發起的爵士樂界耀眼的鋼琴家與作曲家的創意合作演出計劃「One Minute Portrait」中所發表的樂曲「Reminiscence」進行重新編曲，改編成由在2020年間與葛萊美獎爵士，靈魂跨類型音樂歌手Gregory Porter共同創作英國專輯榜第三名的暢銷專輯「All Rise」的歌曲「Revival」的英國歌手Oli Rockberger擔綱演唱的動人歌曲。\n上原廣美表示：「Wonder這個字詞有著許多的意思，這個字詞非常適合用來描繪我在這個音樂計劃所呈現的音樂觀點，這張專輯肯定是我的全新冒險。」', 'A1.Wanted\nA2.Sonic Wonderland\nB1.Polaris\nB2.Go Go\nC1.Up\nC2.Reminiscence (Feat. Oli Rockberger)\nD1.Trial And Error\nD2.Utopia\nD3.Bonus Stage'),
(66, '111087', 'Mingus, Mingus, Mingus, Mingus, Mingus', 262, 880, 3, 12, 'VERVE', NULL, '1LP', '2025-06-09 01:11:13', 1, 1, '滾石爵士評鑑四星★★★★佳片\n爵士企鵝評鑑三星半★★★(★)\nCharles Mingus的名字幾乎等於爵士貝斯演奏的代名詞，沒有人能像他一樣，讓貝斯在吹奏樂器佔絕對上風的爵士樂中推到如此空前絕後的地步，而《明格斯, 明格斯, 明格斯, 明格斯,明格斯》正是他巔峰時期的佳作之一。\n在這張專輯中，Charles駕輕就熟地運用他獨創的「對話式」演奏法，將被斯的音色巧妙地呈現在每一個橋段與樂句中，使得聆聽者忍不住高呼《明格斯, 明格斯, 明格斯, 明格斯,明格斯》。', '1. Ii B.S.\n2. I X Love\n3. Celia\n4. Mood Indigo\n5. Better Get Hit In Yo\' Soul\n6. Theme For Lester Young\n7. Hora Decubitus'),
(67, '111040', '雨過天晴', 263, 1280, 3, 13, 'Blue Note', '2020-06-12', '1LP', '2025-06-09 01:11:14', 1, 1, '“【Pick Me Up Off the Floor】比起過去更多創作了， 動人的副歌一定有，還有招牌歌聲在你腦中無法忘懷”–紐約時報\n“【Pick Me Up Off the Floor】完美喚起了， 在2002年因為【Come Away With Me】愛上諾拉瓊絲時的感動”-富比士\n★9座葛萊美獎榮耀加持 流行爵士天后最新大碟\n★收錄暖心主打\"I\'m Alive\"共11首全新力作 2002年一首扣人心弦的\"Don\'t Know Why\"紅遍全球，慵懶的嗓音就像是咖啡一般能溫暖人心且回味無窮，一字一句彷彿牽動每個人的喜怒哀樂，這就是諾拉瓊絲Norah Jones獨有的音樂魔力。Norah Jones融合鄉村、爵士樂、藍調甚至嘻哈街頭的元素，成功碰撞出專屬於自己的獨特風格，配上富有深邃調性的靈魂氣息歌喉，讓Norah Jones仍能以屬於自己的音樂風格，在不斷改朝換代的樂壇屹立不搖。\n本名Geethali Norah Jones Shankar的Norah Jones，出生於美國紐約布魯克林區，從年輕時在各大餐酒館或酒吧駐唱的Lounge Singer到因優異的音樂天賦最終成了線上歌手，當時讓環球音樂及EMI旗下廠牌Blue Note驚艷簽下，寫下Blue Note廠牌「最年輕的爵士女伶」發片紀錄。生涯贏得了葛萊美大獎、告示牌音樂大獎、世界音樂大獎、全英音樂獎肯定加持等，除此之外，在全球總計賣出超過5,000萬張專輯、累積50億次數位串流收聽，一鳴驚人的首張大碟、滾石雜誌冊封「千禧年百大經典」【Come Away With Me】賣出超過1,100萬張，榮獲了鑽石唱片殊榮；全新大碟【Pick Me Up Off the Floor】跳脫了上一張【Begin Again】彙整了歷年創作的選輯模式，而是一張完整用鋼琴音調結合各種美好，與觸動人心的歌詞融合為一，讓樂迷們在面對黑暗前先找到了光明。Norah Jones表示「過去兩年用手機隨手創作的方式，讓我成了某部分的習慣，像是在遛狗時，就有旋律突然出現在我的腦海中，我就馬上用手機先初錄了下來。這些超現實的靈感，就好像是交錯在一場熱騰騰的夢中，且發生在某處的上帝與惡魔、心底深處、國家、地球還有我之間。」\n【Pick Me Up Off the Floor】11首歌皆由Norah Jones與長期合作的兩位天王人物Jeff Tweedy與Brian Blade共同演奏譜曲填詞；開場曲\"How I Weep\"，字字句句沁人心脾，簡約的鋼琴音慢慢帶出Norah Jones真摯明朗的吟唱，再次為她的療癒嗓音所傾倒；主打歌曲\"I\'m Alive\"一聽傾心，醉人搖擺節奏與無瑕歌聲，活力與暖意十足；瀰漫著懷舊情調的暖身曲\"Were You Watching?\" Norah Jones完美駕馭此曲，嗓音隨著樂器演奏變換交相映襯把氛圍醞釀唱到精準到位，讓人回味無窮。 在最動盪不安的2020年Norah Jones將要用全新作品【Pick Me Up Off the Floor】，讓世人們能有一個舒適的時光暫時放下紛擾與雜亂，並在音符中帶來希望與力量。', '1.How I Weep\n2.Flame Twin\n3.Hurts To Be Alone\n4.Heartbroken, Day After\n5.Say No More\n6.This Life\n7.To Love\n8.I\'m Alive\n9.Were You Watching?\n10.Stumble On My Way\n11.Heaven Above'),
(68, '111037', 'Volume 1', 264, 1280, 3, 12, 'Universal', '2025-02-21', '1LP', '2025-06-09 01:11:14', 1, 1, 'After Sonny Rollins first appeared on a Blue Note session as a member of Bud Powell’s Modernists in 1949, the Saxophone Colossus began building his name as a bandleader with a run of albums for Prestige before returning to make his Blue Note debut as a leader in 1956. Volume 1 hit all the marks of a classic Rollins session with four hard-swinging originals that showcased the saxophonist’s robust sound and seemingly limitless improvisational creativity with a top-shelf quintet featuring Donald Byrd on trumpet, Wynton Kelly on piano, Gene Ramey on bass, and Max Roach on drums. In true Rollins fashion, the album’s centerpiece is a stunning ballad performance of an unexpected song choice: “How Are Things in Glocca Morra?” from the Broadway show Finian’s Rainbow.\nThis Blue Note Classic Vinyl Edition is mono, all-analog, mastered by Kevin Gray from the original master tapes, and pressed on 180g vinyl at Optimal.', 'A1 Decision\nA2 Bluesnote\nA3 How Are Things In Glocca Morra\nB1 Plain Jane\nB2 Sonnysphere'),
(69, '110894', 'Saxophone Colossus', 265, 1180, 3, 12, 'Concord Records', NULL, '1LP', '2025-06-09 01:11:14', 1, 1, '●薩克斯風巨匠黑膠時代即名滿天下經典\n●AMG 5星最高尊榮評價\n●企鵝爵士評鑑4星\n在這個滿天都是購物頻道，滿地都是採買指南的時代，不管是網路搜尋、還是翻找爵士書籍，樂迷總是可以很容易找到所謂「二十張入門樂迷必備專輯」、「爵士史上百大經典」、「爵士迷十大荒島唱片」之類的榜單，然而，相信這些版單都有一個共同交集：少不了《薩克斯風巨人》這張唱片。 薩克斯風巨匠桑尼羅林斯在這張專輯裡，從第一曲的\"St. Thomas\"開始，就以溫暖的音色、泉湧而出的美麗即興旋律，數十年來讓無數的樂迷歡喜讚嘆，羅林斯在音樂中呈現了一種純粹的美感，同時傳達出真誠無憂的喜悅情緒，非常令人著迷的經典演出。\"Moritat\"一曲則是脫胎自名曲\"Mack The Knife\"，羅林斯借用了原曲的動機與和弦，發展出他個人的詮釋，即興的部份極為流暢自然。 薩克斯風溫暖厚實的音色，加上羅林斯與鼓手麥斯羅奇等三位節奏組樂手的完美搭配，讓聽眾會有一種唱片裡珠玉閃耀、火花處處的感覺。值得一提的是，儘管這張唱片問世已經有相當的時間，但是卻從黑膠時代開始就一直是著名的發燒片，堪稱爵士錄音大師RVG-魯迪范葛德的代表作之一。', '1. St. Thomas\n2. You Don\'t Know What Love Is\n3. Strode Rode\n4. Moritat\n5. Blue 7'),
(70, '110891', 'When Sunny Gets Blue', 266, 1380, 3, 12, 'Steeplechase', '2024-11-08', '1LP', '2025-06-09 01:11:14', 1, 1, 'The last of the seven recordings Chet Baker made for SteepleChase is from 1986. Chet visited Copenhagen in February 1986 to make a TV show and then went into a Copenhagen studio with American/European first-rate rhythm section. It was two years before his tragic and untimely death in Amsterdam at age 58. Bakers life was still shaky but productive as far as recordings and live performance are concerned.', '1. LONG AGO AND FAR AWAY (JEROME KERN) 6:07\n2. HERE\'S THAT RAINY DAY (VAN HEUSEN) 7:04\n3. TWO IN THE DEW (BUTCH LACY) 8:18\n4. WHEN SUNNY GETS BLUE (M. FISHER) 9:06\n5. ISN\'T IT ROMANTIC (RODGERS/HART) 5:17\n6. YOU\'D BE SO NICE TO COME HOME TO (COLE PORTER) 7:18'),
(71, '110887', '邁爾士在法國1963 & 1964-邁爾士五重奏現場錄音系列第八部', 147, 5528, 3, 12, 'SONY MUSIC', '2024-11-29', '8LP', '2025-06-09 01:11:14', 1, 1, '    超級組合五重奏成員有Herbie Hancock、Ron Carter、Tony Williams 和 George Coleman 等一流樂手共演。\n    記錄邁爾士•戴維斯音樂生涯1960年代最精彩的時刻。\n「黑暗王子」爵士巨擘，小號手邁爾士戴維斯現場錄音系列第八部《Miles In France 1963 & 1964》。Miles Davis 在1960年代的輝煌時刻，收錄了他與五重奏在法國進行的現場演出，展現了他的創意與即興天賦，與當時的經典五重奏成員包括了 Herbie Hancock、Ron Carter、Tony Williams 和 George Coleman 等一流樂手共演。\n1963年與1964年的法國現場演出，讓聽眾可以深入體驗當時爵士樂的尖端即興表演，這一個系列，相當於開啟了時光機，讓我們瞬間回到1963年，去聽那個史上最經典，最有創意的爵士樂團，在他們最成熟顛峰的時刻，留下來的光輝燦爛。', 'LP1\nA面\n1.    Introduction by Andre Francis\n2.    So What\n3.    All Blues\nB面\n1.    Stella By Starlight\n2.    Seven Steps to Heaven\nLP2\nA面\n1.    Walkin\'\n2.    My Funny Valentine\nB面\n1.    Joshua\n2.    The Theme\n3.    Closing announcement by Andre Francis\nLP3\nA面\n1.    Introduction by Andre Francis\n2.    Autumn Leaves\n3.    Milestones\nB面\n1.    I Thought About You\n2.    Joshua\nLP4\nA面\n1.    All Of You\nB面\n1.    Walkin\'\nLP5\nA面\n1.    Bye Bye Blackbird\n2.    Bye Bye (Theme)\nB面\n1.    Introduction by Andre Francis\n2.    If I Were A Bell\nLP6\nA面\n1.    So What\n2.    Stella By Starlight\nB面\n1.    Walkin\'\n2.    The Theme\nLP7\nA面\n1.    Autumn Leaves\n2.    So What\nB面\n1.    Stella By Starlight\n2.    Walkin\'\n3.    The Theme\nLP8\nA面\n1.    All of You\n2.    Joshua\nB面\n1.    My Funny Valentine\n2.    No Blues\n3.    The Theme'),
(72, '110804', 'It\'s Monk\'s Time (Red Vinyl)', 267, 980, 3, 12, 'Music On Vinyl', '2024-04-19', '1LP', '2025-06-09 01:11:14', 1, 1, 'It\'s Monk\'s Time is probably the most appropriate title for a Thelonious Monk album. The fact that he was on the cover of Time Magazine in February of that year (1964) shows how important the jazz composer and pianist was. It is also an essential part of his discography with the impressive jazz classic \"Stuffy Turkey\" and the amazing interpretation of \"Nice Work If You Can Get It\", originally composed by George Gershwin. Monk recorded the album together with Butch Warren, Ben Riley, Charlie Rouse, and Teo Macero.\nIt\'s Monk\'s Time is available as a limited edition of 1500 individually numbered copies on translucent red coloured vinyl.', '1. Lulu\'s Back In Town\n2. Memories of You\n3. Stuffy Turkey\n4. Brake\'s Sake\n5. Nice Work If You Can Get It (Take 3)\n6. Shuffle Boil (Retake)'),
(73, '110801', 'Both Directions At Once: the Lost Album', 268, 1680, 3, 12, 'VERVE', '2018-06-29', '2LP', '2025-06-09 01:11:14', 1, 1, 'Lost 1963 Recording Finally Released! Deluxe Edition Double LP!\nIncludes Every Take From The Session! Pressed at QRP!\nIn 1963, John Coltrane recorded a studio album that has remained unknown and unheard until now. The album was recorded at Van Gelder Studios, the \"Abbey Road\" of Jazz, with Coltrane’s Classic Quartet and at the height of his career. The music on this album represents one of the most influential groups in music history performing in a musical style it had perfected and reaching in new, exploratory directions that would affect the trajectory of jazz from then on. In short, this is the holy grail of jazz.\nUnknown until 2004 and unheard until now, these recordings by the John Coltrane Quartet are, as Sonny Rollins says in the liner notes, \"like finding a new room in the Great Pyramid.\" Featuring the Classic Quartet – John Coltrane, McCoy Tyner, Jimmy Garrison and Elvin Jones – and recorded at the end of a two-week run at Birdland, the music on this album represents one of the most influential groups in music history both performing in a musical style it had perfected.\nIncludes 7 alternate takes of the tracks from the standard edition.\n\"If you heard the John Coltrane Quartet live in the early-to-mid-1960s, you were at risk of having your entire understanding of performance rewired. This was a ground-shaking band, an almost physical being, bearing a promise that seemed to reach far beyond music. The quartet\'s relationship to the studio, however, was something different. In the years leading up to A Love Supreme, his explosive 1965 magnum opus, Coltrane produced eight albums for Impulse! Records featuring the members of his so-called classic quartet - the bassist Jimmy Garrison, the drummer Elvin Jones and the pianist McCoy Tyner - but only two of those, Coltrane and Crescent, were earnest studio efforts aimed at distilling the band\'s live ethic. But now that story needs a major footnote. On Friday, Impulse! will announce the June 29 release of \'Both Directions at Once: The Lost Album,\' a full set of material recorded by the quartet on a single day in March 1963, then eventually stashed away and lost. The family of Coltrane\'s first wife, Juanita Naima Coltrane, recently discovered his personal copy of the recordings, which she had saved, and brought it to the label\'s attention. There are seven tunes on this collection, a well-hewed mix that clearly suggests Coltrane had his sights on creating a full album that day. From the sound of it, this would have been an important one.\"', 'LP1\n1. Untitled Original 11383 (Take 1)\n2. Nature Boy\n3. Untitled Original 11386 (Take 1)\n4. Vilia (Take 3)\n5. Impressions (Take 3)\n6. Slow Blues\n7. One Up, One Down (Take 1)\nLP2\n1. Vilia (Take 5)\n2. Impressions (Take 1)\n3. Impressions (Take 2)\n4. Impressions (Take 4)\n5. Untitled Original 11386 (Take 2)\n6. Untitled Original 11386 (Take 5)\n7. One Up, One Down (Take 6)'),
(74, '110781', '貝多芬藍調', 269, 1280, 3, 12, 'VERVE', '2024-11-15', '1LP', '2025-06-09 01:11:14', 1, 1, '★跨領域強登!!!--Billboard美國告示榜古典專輯第1名!!!!+古典跨界專輯第1名!!!，Apple Music Classical「百大古典專輯」第1名!!!\n★榮獲五座葛萊美獎與一座奧斯卡金像獎讚譽的天才音樂家賦予鋼琴獨奏樂聖經典爵士即興語彙新的創世無限聽覺體驗\n★專輯中的每一首樂曲均是以貝多芬的原創樂曲作為起點進行全新音樂創作，包括：以「Für Elise給愛麗絲」發想而成的樂曲「Für Elise-Batiste」，以「第五號交響曲」發想而成的樂曲「Fifth Symphony in Congo Square」....\n榮獲五座葛萊美獎與一座奧斯卡金像獎讚譽的天才音樂家Jon Batiste在最新推出的專輯【貝多芬藍調Beethoven Blues】中，將貝多芬的經典樂曲進行一種具有擴大性，投射性與對照性的新奇想像彈奏，在熟悉的旋律裡玩出新鮮，活潑，神奇的聽覺趣味，以他獨有的爵士即興語彙重新賦予樂聖傳世鋼琴曲全新的聽覺體驗。\n紐約時報曾經盛讚Jon Batiste是一個真誠且熱情擁抱音樂的包容精神的音樂家，在全新的鋼琴獨奏系列的首部曲專輯【Beethoven Blues】就是Jon Batiste忠於這樣子的精神的具體實踐，他在這張專輯裡透過鋼琴的獨奏，將全球樂迷耳熟能詳的貝多芬經典樂曲賦予了扎實的藍調音樂精神，同時藉此擁抱一個更加廣闊的類型音樂光譜。\n長久以來，Jon Batiste經常在專輯，電視節目演出與現場演出自己的創作歌曲裡頭融入古典音樂段落的彈奏，在2023年的十月，Jon Batiste在接受美國有線電視新聞網CNN的資深主播Chris Wallace所主持的節目「Who\'s Talking to Chris Wallace」中透過鋼琴彈奏貝多芬在1810年發表的經典樂曲「Für Elise (Bagatelle No. 25) 給愛麗絲」示範了音樂超越類型音樂界線的穿透力，節目播出後在網路社群媒體中獲得熱烈的迴響，Jon Batiste當下覺得應該是示範鋼琴獨奏穿透類型音樂界線的概念的時候，於是，他醞釀了將貝多芬的經典樂曲賦予藍調音樂精神的鋼琴獨奏專輯【Beethoven Blues】。\nJon Batiste表示：「在專輯中的每一首樂曲都是以貝多芬的原創樂曲作為起點，我從那個起點在即時的鋼琴彈奏中去創造出新的音樂，這種自發性的作曲訓練已經在古典音樂中流失了，有時反而會給人一種過度神聖化的感覺，錄製這張專輯是一次深層的精神體驗\n，它讓我可以去榮耀貝多芬的卓越藝術性，同時又可以將他的音樂作品帶進我個人的創作旅程的對話裡頭。」\n出身美國的路易斯安那音樂世家的Jon Batiste，接受過古典鋼琴家課程的訓練，獲得紐約的茱莉亞學院(The Julliard School)的鋼琴學士與碩士學位，現任與茱莉亞學院的學生與教職員合作的茱莉亞創作協會專案計劃(Juilliard Creative Associate)的藝術領導者委員會的成員之一，同時也是茱莉亞學院的委員會成員，此外，Jon Batiste也在卡內基廳(Carnegie Hall)的董事會中擔任藝術信託者。\n自從Jon Batiste踏進樂壇以來獲得許多媒體的讚賞，英國的衛報(The Guardian)形容他是「一個獲得認證的音樂天才」，美國的綜藝報(Variety)推崇他是「一個變化多端的鋼琴家與具有百萬瓦特性格的人」，英國的古典音樂電台Classic FM盛讚他是「世代僅見的才華，對於透過音樂創作所共享的愛去連結世人懷抱著熱情的人」。\n在紐約卡內基廳的2021-2022年音樂祭中，Jon Batiste展開了「Perspectives」系列音樂會，其中包含接受卡內基廳委任，在卡內基廳的大廳進行他的「American Symphony\n」音樂首演，此場演出獲得古典音樂網站Classic Source評為「一場融合了管弦樂，放克，傳統爵士樂，拉丁音樂，福音音樂，鄉村音樂，酷調爵士樂，搖擺樂，嘻哈，節奏藍調與其他類型與風格音樂的歡樂盛會。」，隨後，推出了生平自傳紀錄片「美國交響樂：強巴提斯的幕後點滴 American Symphony」，還以紀錄片中的歌曲「It Never Went Away」獲得奧斯卡金像獎最佳原創歌曲的提名。\nJon Batiste在2021年以專輯「We Are」創造葛萊美獎的歷史時刻，在葛萊美獎中的七個不同類項獲得了十一項的提名，榮獲年度專輯大獎，同時以專輯中的歌曲「Cry」獲得最佳美國草根音樂歌曲，最佳美國草根音樂演唱，還有歌曲「Freedom」獲得最佳音樂錄影帶，此外，他也以動畫片「靈魂急轉彎」抱回葛萊美獎最佳視覺媒體配樂原聲帶，還榮獲奧斯卡，金球獎，英國影藝學院的最佳原創音樂獎。Jon Batiste接續在2023年發行跨越類型音樂界線的概念專輯「World Music Radio」，專輯獲得了四項葛萊美獎的提名，包含年度專輯，以及專輯中的歌曲「Workship」，「Butterfly」分別獲得的年度唱片，年度歌曲的提名。在2024年，Jon Batiste獲邀為「型男飛行日誌」的導演Jason Reitman所執導的描述經典綜藝節目「週末夜現場」的1975年首播事蹟的電影「Saturday Night」擔綱原創音樂製作。', 'Side A\n1. Für Elise - Batiste\n2. Symphony No. 5 Stomp\n3. Moonlight Sonata Blues\n4. Dusklight Movement\n5. 7th Symphony Elegy\n6. American Symphony Theme\n7. Ode to Joyful\nSide B\n1. 5th Symphony in Congo Square\n2. Waldstein Wobble\n3. Life of Ludwig\n4. Für Elise-Reverie'),
(75, '110757', '羅森海姆爵士音樂節現場', 266, 1280, 3, 12, 'Music On Vinyl', NULL, '2LP', '2025-06-09 01:11:14', 1, 1, '1998年4月17日傳奇小號手Chet Baker逝世前一個月在德國羅森海姆音樂節的演出，也是他四重奏呈現的最後錄音。樂手包括貝斯手Marc Abrams、吉他與長笛Nicola Stilo與鍵盤手Luca Flores。', 'LP1\n1. Funk In Deep Freeze\n2. I\'m a Fool To Want You\n3. Portrait In Black and White\nLP2.\n1. In a Sentimental Mood\n2. If I Should Lose You\n3. Arborway'),
(76, '110743', 'Great Moments With Chet Baker', 266, 1280, 3, 12, 'Music On Vinyl', '2024-11-29', '2LP', '2025-06-09 01:11:14', 1, 1, '\"The new compilation Great Moments With… showcases the remarkable moments of Chet Baker\'s career, featuring both his vocals and trumpet work. It spans his final five and a half years, during which he collaborated closely with the Wim Wigt Timeless Records agency in the Netherlands. The album includes a mix of bebop and ballads, along with the previously unreleased bonus track “But Not For Me”. During this period, Baker benefited from the agency’s management, leading to fewer missed performances and increased fame. His relationship with Wigt and his team, including his girlfriend Diane Vavra, key figures like tour manager Peter Huijts and record engineer Max Bolleman, significantly enhanced his career. The double album traces his journey with Wigt, beginning with the opening track “Ray’s Ideas”, and the ballad “Everything Happens To Me” and concludes with the previously unreleased track “But Not From Me”. The album highlights his work with European musicians and features recordings from various sessions, including performances with Dexter Gordon’s rhythm section, his own trio, and a rare live recording from Zagreb. The Great Moments With LP… not only celebrates Baker’s legacy but continues to inspire and resonate with new generations.', '1. Ray\'s Ideas\n2. In a Sentimental Mood\n3. There\'ll Never Be Another You\n4. My Melancholy Baby\n5. Father X-Mas\n6. How Deep is the Ocean\n7. For All We Know\n8. Sea Breeze\n9. Round Midnight\n10. My Funny Valentine\n11. Beatrice\n12. Everything Happens To Me\n13. But Not For Me (Previously Unreleased Track'),
(77, '110695', '泛藍調調', 147, 880, 3, 12, 'SONY MUSIC', NULL, '1LP', '2025-06-09 01:11:14', 1, 1, '邁爾斯•戴維斯Miles Davis (小喇叭)\n東岸酷派時期調式爵士經典代表。\n史上最偉大小喇叭巨擎Miles Davis的入門推薦，爵士樂迷收藏必備。\n素有「黑暗王子」之稱的小喇叭巨擘邁爾斯•戴維斯（1926-91），是一位奠定50年代酷派（Cool School）冷調風格，開創60年代末期Jazz-Rock融合（Fusion）新樂風的先鋒；受到咆勃（Bop）時期最具代表性薩克斯風大師Charlie Parker提攜，Miles Davis由紐約52街的酒吧表，跨入大樂團爾後自組五重奏的歷程，不僅綻放個人深刻色彩，更跨越膚色藩蘺成就後起之秀。\n「Kind Of Blue」譜寫酷派爵士時期，調式爵士（modal）經典代，Miles Davis 與作曲及鋼琴家Bill Evans共同蘊育出主要行進，以貫穿整張專輯的概念為主軸，藉著其他樂手的加入而染蔓延團化層次分明的無際空間。參與本專輯的樂手們在日後皆成為爵士樂界要角，而「Kind of Blue」也是Miles Davis五重奏顛峰時期的專輯，每一位樂手表現超高水準。', '1. So What\n2. Freddie Freeloader\n3. Blue In Green\n4. All Blues\n5. Flamenco Sketches'),
(78, '110672', 'L.A. Is My Lady', 270, 1280, 3, 12, 'Universal', '2024-10-25', '1LP', '2025-06-09 01:11:14', 1, 1, '★11座葛萊美獎、三座奧斯卡獎、總統自由勳章加冕，白人爵士歌王Frank Sinatra生前最後一張錄音室專輯，攜手樂壇傳奇大師Quincy Jones繼1964【It Might as Well Be Swing】後再度聯手合作。\n★2024年40周年全新版本，以原始母帶全新混音，提供更高音質的聆聽體驗。\n外號「瘦皮猴」，並有「白人爵士歌王」美譽的Frank Sinatra，囊括11座葛萊美獎加冕，同時贏取「終身成就」、「傳奇」兩大獎項的榮耀肯定，歌而優則演的抱走三座奧斯卡獎、外加總統自由勳章、好萊塢星光大道上留下屬於自己的一顆星，同時入籍BBC電台「20世紀最偉大歌手」、「爵士樂名人殿堂」，曾16次獲得公信力的爵士雜誌「Down Beat」讀者票選「最佳男歌手」，這位堪稱樂界永垂不朽的傳奇人物Frank，締造出不勝枚舉的音樂紀錄及貢獻。1998年5月14日因心臟病辭世，享年83歲，對後世影響甚鉅的他，直到現在，他的歌聲仍在多部電影、廣告曲中餘音繞樑著。\n原發行於1984年的【L.A. Is My Lady】是Frank Sinatra生涯第57張，也是他生前最後一張錄音室專輯，並與累積31座葛萊美、傳奇製作大師Quincy Jones，在闊別20年後，繼【It Might as Well Be Swing】兩人再次合作，擔綱編曲、指揮與製作。專輯收錄Frank Sinatra首度灌錄爵士標準曲經典“Mack the Knife”，樂壇傳奇人物之一George Benson、搖擺爵士大師Lionel Hampton與巨星鍵盤手Bob James都參與了專輯錄音，Frank Sinatra御用作曲人Sammy Cahn重新改編“Teach Me Tonight”，並為“Until the Real Thing Comes Along”重新填詞，為Frank Sinatra打造專屬版本。2024年【L.A. Is My Lady】屆滿發行40周年，由長期擔綱Frank Sinatra專輯錄音工程師Larry Walsh以原始母帶全新混音，提供更高音質的聆聽體驗。', 'SIDE A:\n1. L.A. Is My Lady\n2. The Best Of Everything\n3. How Do You Keep The Music Playing?\n4. Teach Me Tonight\n5. It’s All Right With Me\nSIDE B:\n1. Mack The Knife\n2. Until the Real Thing Comes Along\n3. Stormy Weather\n4. If I Should Lose You\n5. A Hundred Years From Today\n6. After You’ve Gone'),
(79, '110645', 'Only Trust Your Heart', 271, 1380, 3, 13, 'Universal', '2024-11-15', '1LP', '2025-06-09 01:11:14', 1, 1, '', '1. Is You is or is You Ain\'t My Baby\n2. Only Trust Your Heart\n3. I Love Being Here With You\n4. Broadway\n5. The Folks Who Live On the Hill\n6. I\'ve Got the World On a String\n7. Squeeze Me\n8. All Night Long\n9. Crs Craft'),
(80, '110619', 'Palo Alto', 267, 1280, 3, 12, 'Universal', '2020-09-18', '1LP', '2025-06-09 01:11:14', 1, 1, 'Palo Alto: The Custodian’s Mix is a journey back in time to Palo Alto High School’s sold-out auditorium on October 27, 1968, where Thelonious Monk and his quartet delivered an extraordinary performance. This limited-edition LP presents this historic concert exactly as it was recorded by a still-unknown high school custodian … hear it as if you were there on the historic day – this is the ultimate account of the concert as it happened. The identity of the recording engineer may remain a mystery, but the power of both Monk’s music and the original recording are self-evident.', '1. Ruby, My Dear\n2. Well, You Needn\'t\n3. Don\'t Blame Me\n4. Blue Monk\n5. Epistrophy\n6. I Love You Sweetheart of All My Dreams'),
(81, '110617', 'Ella Wishes You a Swinging Christmas (Deluxe Edition)', 260, 1680, 3, 13, 'VERVE', '2024-10-18', '2LP', '2025-06-09 01:11:14', 1, 1, 'Experience the ultimate holiday collection from the First Lady of Song! This expanded edition of Ella Fitzgerald\'s classic 1960 album Ella Wishes You a Swinging Christmas features a second LP with six tracks making their vinyl debut. For the first time, all of Ella\'s holiday recordings for Verve Records and Decca Records are together on one collection. Also included is an essay from journalist Will Friedwald and a sheet a collectable cut-out ornaments. As Ella herself once said, \"the only thing better than singing is more singing,\" and the only thing better than the original Ella Wishes You a Swinging Christmas is the new, deluxe edition!', '1. Jingle Bells\n2. Santa Claus Is Coming to Town\n3. Have Yourself a Merry Little Christmas\n4. What Are You Doing New Year\'s Eve?\n5. Sleigh Ride\n6. The Christmas Song\n7. Good Morning Blues\n8. Let It Snow! Let It Snow! Let It Snow!\n9. Winter Wonderland\n10. Rudolph the Red-Nosed Reindeer\n11. Frosty the Snowman\n12. White Christmas\n13. The Secret of Christmas\n14. We Three Kings of Orient Are / O Little Town of Bethlehem\n15. Christmas Island\n16. The Christmas Song - Alternative Take\n17. White Christmas – Alternative Take\n18. Frosty the Snowman – Alternative Take\n19. Holiday in Harlem\n20. Baby It\'s Cold Outside (feat. Louis Jordan)\n21. Santa Claus Got Stuck (In My Chimney)\n22. Gee, Baby, Ain\'t I Good to You (feat. Louis Armstrong)\n23. I\'ve Got My Love to Keep Me Warm (feat. Louis Armstrong)\n24. The Christmas Song – Single Version'),
(82, '110615', '前衛村經典之夜傳世現場', 268, 1380, 3, 12, 'VERVE', '2023-07-14', '2LP', '2025-06-09 01:11:14', 1, 1, 'In the summer of 1961, John Coltrane headlined at the celebrated music venue, the Village Gate. With a line-up of musicians that included McCoy Tyner, Reggie Workman, Elvin Jones, and the fiery playing of Eric Dolphy, Evenings at the Village Gate captures the creative and transformative spirit that sprang from the pairing of Coltrane and Dolphy, and the evolving short-lived quintet.\nThis recording (ninety minutes of never-before-heard music) represents a very special moment in John Coltrane\'s journey — the summer of 1961 — when his signature, ecstatic live sound, commonly associated his Classic Quartet of \'62 to \'65, was first maturing and when he was drawing inspiration from deep, African sources — and experimenting with the two-bass idea both in the studio (Olé) and on stage. This truly rare recording of \"Africa\" captures his expansive vision at the time.', 'LP1\n1. My Favorite Things\n2. When Lights Are Low\n3. Impressions\nLP2\n1. Greensleeves\n2. Africa'),
(83, '110613', 'Milton + Esperanza', 272, 1480, 3, 14, 'Universal', '2024-08-09', '2LP', '2025-06-09 01:11:14', 1, 1, 'Legendary songwriter and musical visionary Milton Nascimento, frequently acclaimed as Brazil’s greatest musician, joins in a musical collaboration with esperanza spalding whom NPR calls the “21st Century’s jazz genius”. A longtime inspiration to spalding, Nascimento and she conjure tracks that sound simultaneously urgent yet timeless. Together they will release a new album called Milton + esperanza. Produced by spalding, the LP features special guests that include Dianne Reeves, Paul Simon, Lianne La Havas and more.', 'A1 The Music Was There 0:57\nA2 Cais 3:40\nA3 Late September 1:26\nA4 Outubro 5:17\nA5 A Day In The Life 4:36\nB6 Interlude For Saci 1:41\nB7 Saci 3:28\nB8 Wings For The Thought Bird 3:06\nB9 The Way You Are 0:48\nB10 Earth Song 6:42\nC11 Morro Velho 5:15\nC12 Saudade Dos Aviões Da Panair (Conversando No Bar) 5:24\nC13 Um Vento Passou (para Paul Simon) 4:36\nD14 Get It By Now 2:24\nD15 Outro Planeta 2:06\nD16 When You Dream 9:26'),
(84, '110597', '英倫節奏藍調紀實 (白膠)', 43, 1818, 3, 14, '環球 UNI', '2024-09-27', '2LP', '2025-06-09 01:11:14', 1, 1, '★藝人合輯／包括Rod Stewart, The Birds, The Emeralds, John Mayall, Ginger Baker等藝人與樂團錄音。\n1960年代英國搖滾樂發展時期，受到美國黑人音樂影響深遠，其中節奏藍調的比重最為明顯。“英倫節奏藍調紀實”這個錄音選輯，收錄24 首出色的曲目，幾乎所有曲目都在1960年代當時Decca/Deram 45轉單曲發行時，廣受樂迷喜愛。英國 20世紀60年代的節奏藍調音樂界與眾不同，它藉鑒了藍調和搖滾樂，並創造了一種在全球取得成功的聲音。包括大衛•鮑伊、傑克•布魯斯、金傑•貝克、吉米•佩吉、洛•史都華和羅恩•伍德的早期錄音都選錄在內。', 'A:\n1.You\'re On My Mind - The Birds\n2.Anytime At All - The Fairies\n3.Boom Boom - Blues By Five\n4.Gotta Be A Reason - Cops &amp; Robbers\n5.Don\'t Gimme No Lip, Child - Dave Berry\n6.I\'ll Come Running Over - Lulu\nB:\n1.Long Tall Shorty - The Graham Bond Organisation\n2.Keep Me Covered - The Frays\n3.Louie Louie Go Home - Davie Jones With The King Bees\n4.Crawling Up A Hill - John Mayall &amp; The Bluesbreakers\n5.Hey Little Girl - The Chasers\n6.The Uncle Willie - Zoot Money\'s Big Roll Band\nC:\n1.Can\'t Let Her Go - Hipster Image\n2.Blue Beat - Beazers\n3.Cross My Heart - The Exotics\n4.Good Morning Little Schoolgirl - Rod Stewart\n5.I Got My Mojo Working - Alexis Korner\'s Blues 6.Incorporated\n7.King Lonely The Blue - The Emeralds\nD:\n1.You\'ve Gotta Keep Her Underhand - The Big Three\n2.Babe I\'m Gonna Leave You - The Plebs\n3.Can I Get Witness - Steve Aldo\n4.Talkin\' Bout You - The Redcaps\n5.See That My Grave Is Kept Clean - Paul\'s Disciples\n6.You Don\'t Love Me - The Birds'),
(85, '110576', 'Paris Jazz Festival, Salle Playel 10/1/1964 (Blue White Red Vinyl)', 147, 1980, 3, 12, 'SONY MUSIC', '2024-11-08', '2LP', '2025-06-09 01:11:14', 1, 1, '    這張專輯於1964年10月1日在巴黎現場錄製，包含了邁爾士•戴維斯五重奏的兩場獨立音樂會。\n    由邁爾士領導的傳奇陣容支撐，包括韋恩•蕭特、賀比•漢考克、朗•卡特和托尼•威廉姆斯。\n這張2LP專輯記錄了邁爾士•戴維斯的第二偉大五重奏樂團，正是韋恩•蕭特加入之際，樂團進行了歐洲巡演。這張專輯於1964年10月1日在巴黎現場錄製，包含了邁爾士•戴維斯五重奏的兩場獨立音樂會，分散在兩張LP上。樂團充滿能量且情感深刻的演奏，體現出邁爾士和法國之間特殊的情感連結，法國以熱情擁抱他們，遠超過他們的祖國。\n這套2LP包含90分鐘具啟示意義的未發行現場音樂，由邁爾士領導的傳奇陣容支撐，包括韋恩•蕭特、賀比•漢考克、朗•卡特和湯尼•威廉斯。', 'LP 1\nA Side\n1.    Autumn Leaves\n2.    So What\nB Side\n1.    Stella By Starlight\n2.    Walkin\'\n3.    The Theme\nLP 2\nA Side\n1.    All of You\n2.    Joshua\nB Side\n1.    My Funny Valentine\n2.    No Blues\n3.    The Theme'),
(86, '110570', 'Baker\'s Holiday (Verve Acoustic Sounds Series)', 266, 1680, 3, 12, 'VERVE', '2024-10-11', '1LP', '2025-06-09 01:11:14', 1, 1, '是查特貝克在Limelight廠牌時期的罕見錄音，向Billie Holiday致敬的作品，眾所皆知他有著獨特的唱調以及溫柔醇厚的小號演奏技巧，專輯收錄的曲目大多是首次錄製發表新作。重製版 #留聲美學系列 交由Ryan K. Smith在Sterling Sound工作室，以原始類比母帶重新後製，美國QRP壓製。', '1. Travelin\'Light\n2. Easy Living\n3. That Ole Devil Called Love\n4. You\'re My Thrill\n5. Crazy She Calls Me\n6. When Your Love Has Gone\n7. Mean To Me\n8. These Foolish Things (Remind Me of You)\n9. There Is No Greater Love\n10. Don\'t Explain'),
(87, '110502', 'Live At The Berlin Philharmonie 1969', 273, 1000, 3, 13, 'The Lost Recordings', NULL, '2LP', '2025-06-09 01:11:14', 1, 1, 'It is at a very special moment in Sarah Vaughan\'s life that this double recital, recorded on November 9, 1969 at the Berlin Philharmonie, takes place.\nTo everyone\'s astonishment, this small, clumsy 45-year-old silhouette will deliver that evening one of the most masterful stage performances of her career that could be captured by a recording. In almost two hours, she will silence all reticence by proving how much her approach to music remains eminently topical.\nSurrounded with an elegance as discreet as it is stimulating by a trio that is a past master in the art of understatement, free of mannerisms, still as virtuosic as ever, developing her vocal technique to the highest degree throughout her incredible range, between naturalness and sophistication, simplicity and refinement, Sarah Vaughan is astonishing. Sarah Vaughan resolutely favours sentimental melodies, making her warm, supple, suave and swinging voice the ultra-sensitive seismograph of the whole range of mixed feelings.', 'LP1.\n01. A Lot Of Livin\' To Do\n02. And I Love Him\n03. Alfie\n04. On A Clear Day\n05. Passing Strangers\n06. Misty\n07. I Cried For You\n08. My Funny Valentine\n09. All Of Me\n10.Tenderly\nLP2.\n01. Fly Me To The Moon\n02. Time After Me\n03. The Trolley Song\n04. By The Time I Get To Phoenix\n05. The Sweetest Sounds\n06. Polka Dots And Moonbeams\n07. Day In, Day Out\n08. What Now, My Love\n09. I Had A Ball\n10. Didn\'t We?'),
(88, '110501', 'Portrait', 274, 1180, 3, 13, 'VERVE', '2024-10-11', '1LP', '2025-06-09 01:11:14', 1, 1, 'Born out of her time on the road, Samara Joy took her touring band into legendary Van Gelder Studios in February of 2024. This record, appropriately entitled Portrait, is a collection of standards (as well as one original) and features her singular voice, alongside arrangements from this tight-knit young group. The recording tells the story of the community she\'s created with a new generation of young players and is evocative of the energy of her incredible live show.', '1. You Stepped Out of a Dream\n2. Reincarnation of a Lovebird\n3. Autumn Nocturne\n4. Peace of Mind / Dreams Come True\n5. A Fool in Love (Is Called a Clown)\n6. No More Blues\n7. Now and Then (In Remembrance Of…)\n8. Day by Day'),
(89, '110498', 'Guitar Forms', 275, 1680, 3, 12, 'VERVE', NULL, '1LP', '2025-06-09 01:11:14', 1, 1, '1966 Grammy nominee for Best Instrumental Jazz Performance — Large Group or Soloist with Large Group, and Best Album Cover — Photography.\nA cornerstone of any jazz library. Kenny Burrell\'s concept for this album was to demonstrate a variety of jazz guitar styles. And he does so, masterfully. Of particular interest \"Moon and Sand\" by Burrell and the Gil Evans Orchestra showcases an engaging guitar performance with a Latin combo.\nAllMusic reviewer Richard Mortifoglio notes that although Burell is associated \"mostly with Blue Note-based hard bop and soul-jazz (he had a hit with the funky \'Chile con Carne\'), he is also a musician of considerable artistry.\n\"There is no stinting on the blues here, either, as evidenced on \'Downstairs\' and \'Terrace Theme.\' But the highlights are the bossa nova version of Alec Wilder\'s \'Moon and Sand,\' as well as a characteristically slow and luxurious treatment of Harold Arlen\'s \'Last Night When We Were Young.\' Throughout, Burrell takes thoughtful, concise, and utterly musical solos, and even switches to acoustic classical guitar on \'Prelude #2\' and \'Loie.\'\"\nSeeking to offer definitive audiophile grade versions of some of the most historic and best jazz records ever recorded, Verve Label Group and Universal Music Enterprises\' audiophile Acoustic Sounds vinyl reissue series utilizes the skills of top mastering engineers and the unsurpassed production craft of Quality Record Pressings. All titles are mastered from the original analog tapes, pressed on 180-gram vinyl and packaged by Stoughton Printing Co. in high-quality gatefold sleeves with tip-on jackets. The releases are supervised by Chad Kassem, CEO of Acoustic Sounds, the world\'s largest source for audiophile recordings.', '1. Downstairs\n2. Lotus Land\n3. Terrace Theme\n4. Prelude #2 Excerpt\n5. Moon and Sand\n6. Loie\n7. Greensleeves\n8. Last Night When We Were Young\n9. Breadwinner'),
(90, '110456', 'Elles', 276, 1080, 3, 13, 'YHM Indie', '2024-08-30', '1LP', '2025-06-09 01:11:14', 1, 1, 'Award-winning vocalist Youn Sun Nahis proud to announce her groundbreaking album, Elles. Long hailed for her style-blurring renditions of artists spanning Tom Waits and Jimi Hendrix to Marvin Gaye and Metallica, Elles sees Youn Sun Nah bringing her remarkable voice and unique perspective to a range of songs that have deeply fueled her own indescribable musical approach, all made famous by such iconic female artists as Björk, Sarah Vaughan, Grace Jones, Roberta Flack, Edith Piaf, Grace Slick, Maria João, and more. Recorded in New York City alongside acclaimed pianist Jon Cowherd (Brian Blade, Cassandra Wilson, Lizz Wright) and producer/musician Tomek Miernowski, Elles spans a wide array of songs either written or performed by notable women artists, from soulful spirituals (\"Sometimes I Feel Like A Motherless Child\") and psychedelic milestones (\"White Rabbit\") to long-overdue takes on \"Feeling Good,\" \"My Funny Valentine,\" \"I\'ve Seen That Face Before (Libertango)\" and \"Killing Me Softly With His Song\" (the latter performed alone with a treasured music box).', '1. Feeling Good\n2. Cocoon\n3. I\'ve Seen That Face Before\n4. My Funny Valentine\n5. White Rabbit\n6. Sometimes I Feel Like A Motherless Child\n7. Baltimore Oriole\n8. Coisas Da Terra\n9. La Foule\n10. Killing Me Softly With His Song'),
(91, '111386', 'Pink Moon', 312, 1280, 4, 15, 'Universal', NULL, '1LP', '2025-06-09 01:11:14', 1, 1, 'Nick Drake 的最後一張專輯《Pink Moon》，於 1972 年發行，是他生前遺留下來最純粹、最內斂的一張作品。錄音於 1971 年 11 月完成，整張專輯僅由 Nick 本人演唱並演奏原音吉他與鋼琴，沒有任何多餘的編曲或伴奏。簡約的編制讓人彷彿能聽見他靜靜地坐在你面前，用最私密的語氣訴說內心的孤獨與思索。\n儘管整體氛圍充滿荒涼與隔絕，但 Nick 的吉他技巧依然細膩而動人。他那溫柔卻帶著憂鬱的聲音與指尖細膩的撥弦，讓整張專輯不至於沉溺於絕望，反倒更像是一篇簡樸、但觸動人心的輓歌。Nick 以無比克制與誠實的方式，留下這張宛如遺言般的作品，也因此，《Pink Moon》成為最貼切的自我總結。\n1972 年 2 月 25 日，《Pink Moon》在 Island Records 發行，但當時樂壇對這張專輯反應冷淡，樂評與大眾並未即時發現其深沉的價值。Nick 不願意上台演出，也從不熱衷推銷自己的作品，導致他始終在樂迷間保持著一種若即若離的神秘距離。初版僅印製 3,000 張，銷量有限，然而 Island Records 卻從未將其下架。時間流轉，直到 1990 年代初期，隨著樂迷對他作品的重新關注，《Pink Moon》的聲量逐漸攀升。\n1999 年，一支福斯汽車廣告在美國播放，配樂正是專輯同名曲〈Pink Moon〉，廣告一播出即引發極大迴響，也讓這張原本銷量最差的專輯一舉成為 Nick Drake 最為人知的代表作，甚至引起一波尋找原版黑膠的收藏熱潮。首批黑膠原盤成為稀世珍品，價格飆升，也使得市場上充斥許多低劣的仿冒復刻品。\n時隔 40 年，USM 為這張傳奇專輯推出高品質 180 克黑膠復刻版，並邀請當年錄音的共同製作人與工程師 John Wood，在 Abbey Road Studios 將原始母帶重新修復與母帶轉製。這次發行不僅是對 Nick Drake 音樂遺產的致敬，更讓樂迷得以在最接近原聲的形式下，再度走進這張沉靜而深刻的作品。', '1. Pink Moon\n2. Place To Be\n3. Road\n4. Which Will\n5. Horn\n6. Things Behind the Sun\n7. Know\n8. Parasite\n9. Free Ride\n10. Harvest Breed\n11. From the Morning'),
(92, '111329', 'Reflections (Blue Vinyl)', 313, 1380, 4, 17, 'Universal', '2025-04-25', '1LP', '2025-06-09 01:11:14', 1, 1, 'Imagine Dragons\' illustrious sophomore album Smoke + Mirrors was released in 2015 and debuted at No.1 on the Billboard 200. The 2x platinum album has achieved over 7.8 billion streams and 6 million in global consumption since its release. The hit single \"I Bet My Life\" is RIAA-certified 3x platinum with over 960 million streams to date.\nReflections (From the Vault of Smoke + Mirrors) features 13 never-before-heard demos from the Smoke + Mirrors era, presented on ocean blue color vinyl.', 'A1 Woke (Demo)\nA2 The Ghost Intervention (Demo)\nA3 Monica (Demo)\nA4 Black (Demo)\nA5 Strange Ways (Demo)\nA6 I Get Carried Away (Demo)\nA7 A-OK (Demo)\nB1 Destroyed (Demo)\nB2 Playin\' Me (Demo)\nB3 My Car (Demo)\nB4 Cowboy (Demo)\nB5 Mayday (Demo)\nB6 The Journey (Demo)'),
(93, '111299', 'Avicii: Forever', 314, 1000, 4, 15, 'Universal', '2025-05-16', '2LP', '2025-06-09 01:11:14', 1, 1, 'Interscope Records、Pophouse 以及 Avicii 遺產管理團隊自豪地宣布推出《Avicii Forever》——這張精選專輯收錄了 Avicii 標誌性作品中 19 首經典曲目，並包含由 Elle King 合作演唱的全新單曲《Let’s Ride Away》。\n這張特別發行的專輯旨在向世界知名的 Tim Bergling（藝名 Avicii）所留下的深遠影響與音樂遺產致敬。《Avicii Forever》收錄了多首深受喜愛的熱門單曲，如《Wake Me Up》、《Levels》、《Heart Upon My Sleeve》（與 Imagine Dragons 合作）等，完整呈現了使他成為全球音樂現象的精神與聲音。\n這張精選集中還包含一首全新單曲《Let’s Ride Away》，展現 Avicii 打破音樂類型界線的風格，融合民謠與電子音樂元素，再搭配 Elle King 深具感染力的嗓音，令人耳目一新。', '1. Wake Me Up\n2. Levels\n3. Let’s Ride Away (feat. Elle King)\n4. The Nights\n5. Waiting For Love\n6. Without You (feat. Sandro Cavazza)\n7. SOS (feat. Aloe Blacc)\n8. Hey Brother\n9. Lonely Together (feat. Rita Ora)\n10. I Could Be the One [Avicii vs Nicky Romero]\n11. Silhouettes\n12. Fade Into Darkness\n13. You Make Me\n14. The Days\n15. For A Better Day\n16. Addicted To You\n17. Friend of Mine (feat. Vargas &amp; Lagola)\n18. Broken Arrows\n19. Heart Upon My Sleeve (feat. Imagine Dragons)\n20. Heaven'),
(94, '111269', 'Withered (Pure Cloudy White Vinyl)', 315, 1280, 4, 15, 'Universal', '2025-04-25', '1LP', '2025-06-09 01:11:14', 1, 1, 'd4vd 的首張專輯《WITHERED》是 2025 年最受矚目的專輯之一。這張專輯延續了他在 2023 年發行的兩張 EP《Petals to Thorns》和《The Lost Petals》中鋪陳的故事，繼續描繪一段關係中情感的起伏——從絢爛的高潮到低谷的黑暗——所有情緒都透過親密、洗腦又直白的音樂呈現出來。\n《WITHERED》主要是在 Bandlab 上創作完成，讓 d4vd 回到他音樂旅程最初的地方：他姐姐的衣櫃裡，只有他和他的 iPhone。為了完成這張專輯，他前往倫敦，與一群信任的合作夥伴一同打造這張連貫又私密的作品。這張專輯設計成需要依序聆聽，就像閱讀一本小說的章節一樣，突顯出他作為一位技巧純熟、充滿變化的主唱的蛻變與成長。', ''),
(95, '111268', 'Petals To Thorns (Translucent Black Ice)', 315, 1180, 4, 15, 'Universal', NULL, '1LP', '2025-06-09 01:11:14', 1, 1, '2022 年，17 歲的製作人兼歌手 d4vd (唸作 David) 以〈Romantic Homicide〉於另類流行樂壇展露頭角，這首帶著憂鬱氣息的歌曲中，效果強烈的吉他聲響融合其心碎嗓音，為簡潔詩意的歌詞更添傷感；唱頌瘋狂愛戀的〈Here With Me〉隨後爆紅，鞏固了他流行新星的地位。不過，d4vd 並未在他首張 EP 中延續頭兩支單曲的曲風，反而拓展了更廣闊的音樂元素。「我做了爵士樂、我做了搖滾樂、做了很多 Grunge、也做了很多 R&B 風格的流行樂。」\n《Petals to Thorns》 中九首歌曲的總長度雖不到半小時，卻展現了 d4vd 以目標明確的熱情串聯起他多元的音樂品味。〈You and I〉中不修邊幅的吉他音色與回響人聲，跟〈This Is How It Feels〉飽滿華麗的樂聲形成鮮明對比，後者為與新生代爵士歌手 Laufey 合作的對唱曲，鋼琴琶音和弦樂勾勒出戀人對彼此的渴望。「我每天都在寫歌。」d4vd 說：「在這麼大量的作品中，要知道哪些歌曲放在一起而有連貫性其實不容易，我同時也想要確保每首歌的獨特性。最後完成時聽起來超級順，我心想：『這感覺就像是一部更大型的電影。』」最後一曲〈The Bridge〉是一首悲憤而克制的吉他抒情歌，讓人想起 Grunge 時代和 2000 年代早期的硬搖滾風格，但又添加了 2023 年的新生代詮釋。它的情感在不斷堆疊發展中戛然而止，d4vd 將之比做一個充滿懸念的結局，讓聽眾對接下來的事產生好奇。《Petals to Thorns》的簡短篇幅是這位休士頓歌手刻意的設計，他希望能緩下來，重新消化自己迅速的成名歷程。「我還在試水溫的階段」他說：「這只是暖身而已。我還沒有全力投入，之後還會有更多更棒的作品。」', '1. Sleep Well\n2. Here With Me\n3. This Is How It Feels (With Laufey)\n4. Don\'t Forget About Me\n5. WORTHLESS\n6. Backstreet Girl\n7. You and I\n8. Romantic Homicide\n9. The Bridge'),
(96, '111257', 'Hurry Up Tomorrow (Complete Edition)', 316, 1680, 4, 15, 'Universal', '2025-05-09', '2LP', '2025-06-09 01:11:14', 1, 1, 'Hurry Up Tomorrow is the sixth studio album by the Canadian singer-songwriter The Weeknd, released through XO and Republic Records. It serves as the final part of an album trilogy that began with After Hours (2020) and continued with Dawn FM (2022). Hurry Up Tomorrow (Complete Edition) features 22 tracks on 2 LPs.', '1. Wake Me Up\n2. Cry For Me\n3. I Can\'t Fucking Sing\n4. São Paulo\n5. Until We\'re Skin &amp; Bones\n6. Baptized In Fear\n7. Open Hearts\n8. Opening Night\n9. Reflections Laughing\n10. Enjoy The Show\n11. Given Up On Me\n12. I Can\'t Wait To Get There\n13. Timeless\n14. Niagara Falls\n15. Take Me Back To LA\n16. Big Sleep\n17. Give Me Mercy\n18. Drive\n19. The Abyss\n20. Red Terror\n21. Without A Warning\n22. Hurry Up Tomorrow'),
(97, '111256', 'Discography (2003 Remastered)', 317, 1580, 4, 17, 'YHM Indie', '2025-05-30', '2LP', '2025-06-09 01:11:14', 1, 1, 'On May 30, 2025, Pet Shop Boys will reissue their 18-track greatest hits singles collection ‘Discography : The Singles Collection’ on limited blue vinyl, featuring updated 2023 remasters. ‘Discography’ was first released in 1991. The album charted No 3 in the UK album chart and includes ‘West End Girls’, ‘Always on My Mind’, ‘It’s a Sin’, ‘Domino Dancing’ and ‘Suburbia’.\nPet Shop Boys are an English synth-pop duo formed in London in 1981. Consisting of vocalist Neil Tennant and keyboardist Chris Lowe, they have sold more than 100 million records worldwide and were listed as the most successful duo in UK music history in the 1999 edition of The Guinness Book of Records. Pet Shop Boys have won three Brit Awards and have been nominated for 6 GRAMMY Awards. At the 2009 Brit Awards in London, they received an award for Outstanding Contribution to Music. In 2016, Billboard named Pet Shop Boys the number one dance duo or group since the chart\'s inception in 1976. In 2017, the duo received NME\'s Godlike Genius Award, and in 2024, they were awarded the Pop Pioneers award at the MTV Europe Music Awards.', '1. West End Girls\n2. Love Comes Quickly\n3. Opportunities (Let\'s Make Lots Of Money)\n4. Suburbia\n5. It\'s A Sin\n6. What Have I Done To Deserve This?\n7. Rent\n8. Always On My Mind\n9. Heart\n10. Domino Dancing\n11. Left To My Own Devices\n12. It\'s Alright\n13. So Hard\n14. Being Boring\n15. Where The Streets Have No Name (I Can\'t Take My Eyes Off You)\n16. Jealousy\n17. DJ Culture\n18. Was It Worth It?'),
(98, '111235', 'With Orchestra Live', 318, 1380, 4, 16, 'Music On Vinyl', NULL, '2LP', '2025-06-09 01:11:14', 1, 1, '◎結合Trip-Hop與Dream Pop電子音場，融入溫柔女聲伴唱的比利時美麗樂團，現場實況影音專輯\n◎於2012年4月28日在比利時知名Koningin Elisabethzaal現場收音實況，屏除原先的電子聲韻伴隨，換上古典交響樂隊輔佐\n結合Trip-Hop與Dream Pop電子音場，融入溫柔女聲伴唱，從歐洲感動到美國、亞洲等地，紛紛引起廣告商、電視影集、電影各界廣大迴響，邀約比利時樂團Hooverphonic為其畫面注入生動圖像。1996年成軍的Hooverphonic，由最初團員：主唱Liesje Sadonius、鍵盤手Frank Duchene、貝斯/吉他手Alex Callier與吉他手Raymond Geerts等四人組織而起。同年法國大導演貝托魯奇的電影「偷香」，不僅讓Liv Tylor驚艷全球，更讓Hooverphonic的音樂傳播至世界各角落，重點襯曲〈2Wicky〉贏得全球矚目，同時在美國驚悚賣座片「下一個就是你」中悠然現聲，就連美國加州幫派饒舌團體Compton’s Most Wanted，都在他們暢銷單曲〈Hood Took Me Under〉中取樣玩味。正當Hooverphonic事業起飛之際，主唱Liesje宣佈離隊，由Geike Arnaert遞補空缺，其中加入更多管弦樂器潤飾，淋上些許Jazzy Groove的作品，皆是上乘水準的佳作。\n換上新一任女主唱Noemie Wolfs，甜美嗓音令人陶醉，特別推出於2012年4月28日，在比利時知名Koningin Elisabethzaal現場收音實況《With Orchestra Live》，屏除原先的電子聲韻伴隨，換上古典交響樂隊輔佐，增添撼動人心的情節，蟬連比利時排行榜3週冠軍，挑選多達21首暢銷歌謠重新詮釋。包括：一鳴驚人之〈2Wicky〉；美聲天后莎拉布萊曼在1998年翻唱，甚至直接命其專輯名稱之〈Eden〉，同時在2006年獲得美國手機Cingular 8525廣告重點配樂；彷彿Portishead附身的淒美佳作〈Mad About You〉，美國電視CSB影集「Cold Case」選用，以及愛情喜劇片「再見鍾情」襯樂；贏得當地音樂頒獎典禮「最佳流行/搖滾樂團」以及「最佳專輯」並獲白金專輯銷售《Jackie Cane》的首發單曲〈The World Is Mine〉，成為英國Sky One電視頻道秀「Mile High」主題曲。此影音雙碟，特別加值送上實況DVD，一同享受Hooverphonic氣質絕佳的Live魅力。', 'LP1.\n1. Battersea\n2. One Two Three\n3. Heartbroken\n4. The Night Before\n5. Club Montepulciano\n6. The Last Thing I Need is You\n7. 2wicky\n8. Anger Never Dies\n9. Unfinished Sympathy\n10. Expedition Impossible\n11. George\'s Cafe\nLP2.\n1. Happiness\n2. The World is Mine\n3. Jackie Cane\n4. Mad About You\n5. Sometimes\n6. Vinegar &amp; Salt\n7. Eden\n8. Renaissance Affair\n9. La Horse\n10. Danger Zone');
INSERT INTO `vinyl` (`id`, `shs_id`, `title`, `author_id`, `price`, `genre_id`, `gender_id`, `company`, `release_date`, `format`, `create_date`, `stock`, `status_id`, `desc_text`, `playlist`) VALUES
(99, '111204', '手足情深', 319, 1180, 4, 17, 'Universal', '2025-05-16', '1LP', '2025-06-09 01:11:14', 1, 1, 'One of the world’s best-selling albums, Dire Straits’ Brothers In Arms, celebrates its 40th anniversary with a 1LP pressing. Re-issued in this configuration for the first time since 1985, the single-sleeve 1LP mirrors the original pressing where tracks ‘So Far Away’,’Money For Nothing’, ‘Your Latest Trick’ and ‘Why Worry’ were abridged to fit the vinyl format. Brothers In Arms spent 14 non-consecutive weeks at Number 1 in the UK Albums Chart and is the 8th best-selling album in UK chart history.', '1.So Far Away\n2.Money For Nothing\n3.Walk Of Life\n4.Your Latest Trick\n5.Why Worry?\n6.Ride Across The River\n7.The Man\'s Too Strong\n8.One World\n9.Brothers In Arms'),
(100, '111195', 'Bustin + Dronin 混音+現場特輯', 320, 980, 4, 17, 'Warner Music', NULL, '2LP', '2025-06-09 01:11:14', 1, 1, '先前Blur於日本發行的珍貴混音+現場特輯《Bustin` + Dronin`》', '1. Movin\' On (William Orbit Remix)\n2. Death of a Party (Well Blurred Remix)\n3. On Your Own (Crouch End Broadway Mix)\n4. Beetlebum (Moby\'s Mix)\n5. Essex Dogs (Thurston Moore\'s Mix)\n6. Death of a Party (Billy Whiskers Mix)\n7. Theme from Retro (John McEntire\'s Mix)\n8. Death of a Party (12\" Death)\n9. On Your Own (Walter Wall Mix)'),
(101, '111188', 'I Said I Love You First (Red Vinyl)', 321, 1480, 4, 17, 'Universal', '2025-03-21', '1LP', '2025-06-09 01:11:14', 1, 1, 'Selena Gomez and Benny Blanco team up to release their first project as a couple, \"I Said I Love You First\" set to be released on March 21st via SMG Music LLC & Friends Keep Secrets under exclusive license to Interscope Records. The album celebrates the pair\'s love story, giving fans a unique window into their relationship. This album came together organically as a direct result of the comfort that they both felt when working together creatively, allowing them to produce art that authentically reflects their experiences. It chronicles their entire story - before they met, falling in love, and looking to what the future holds.', '1.I Said I Love You First\n2.Younger and Hotter Than Me\n3.Call Me When You Break Up\n4.Ojos Tristes\n5.Don\'t Wanna Cry\n6.Sunset Blvd\n7.Cowboy\n8.Bluest Flame\n9.How Does It Feel To Be Forgotten\n10.Do You Wanna Be Perfect'),
(102, '111173', 'eternal sunshine deluxe: brighter days ahead', 322, 1980, 4, 16, 'Universal', '2025-03-28', '2LP', '2025-06-09 01:11:14', 1, 1, '★告示牌、英國金榜冠軍，葛萊美獎入圍肯定第七張大碟【eternal sunshine】發行周年慶功豪華加值版\n★追加收錄“twilight zone”、“warm”等6首全新曲目，實體獨家收錄與Mariah Carey、藍調歌姬Brandy和Monica，以及美麗少年Troye Sivan合唱混音單曲\n奧斯卡提名、葛萊美獎得主、全球數白金銷量的流行天后Ariana Grande亞莉安娜，全球累積破9000萬銷售量，締造980億驚人串流量，一再超越自己，立下難以超越的高門檻，截至2023年，亞莉安娜已經打破35項金氏世界紀錄，包括：(美國告示牌)擁有最多空降百大單曲榜冠軍歌曲，締造一周串流量最多的女歌手；(英國金榜)最快拿下三首冠軍單曲女歌手，首位在榜上接替自己冠軍作品的女歌手；(Spotify)最多追隨者女歌手，每個月最高收聽量女歌手，史上最多串流量女歌手；(YouTube)最多訂閱追隨者的女歌手…等風光紀錄！\n忙碌拍攝改編音樂劇的【魔法壞女巫】歌舞奇幻電影，亞莉安娜暫別歌壇一段時間，但這努力也嚐到豐碩果實，不僅演技備受肯定，更一舉入圍奧斯卡、金球、英國電影學院「最佳女配角」獎項肯定。2024年交出第7張專輯【eternal sunshine】，亞莉安娜形容為「一張概念專輯」，呈現不同層次的音樂故事，從極富脆弱感的歌曲，一路到歡快活潑的旋律，仿效「人們有時候期望我成為的樣子，並且從中找到樂趣」。專輯名稱暗藏了兩個寓意，其一是向景仰的喜劇泰斗Jim Carrey經典電影作品【王牌冤家 Eternal Sunshine Of The Spotless Mind】致敬；另一靈感則源自英國17世紀詩人Alexander Pope的「Eloisa To Abelard」詩句片段，也是【王牌冤家】英文片名由來。\n專輯甫發行即拿下英美兩地排行冠軍，提名葛萊美獎「最佳流行演唱專輯」，入選滾石雜誌、告示牌、NME、洛杉磯時報、時人等眾多重要傳媒「年度最佳專輯」名單。亞莉安娜邀請身擁5座葛萊美獎，多組全球偶像的幕後推手，瑞典金牌製作人Max Martin坐鎮製作，同時招攬Ilya、Shintaro Yasuda、Oscar Görres等長期合作夥伴協力操盤。曲式走向除了捕捉亞莉安娜擅長的節奏藍調外，灌入大量80、90年代爆紅全球的浩室舞風，還有閃亮迪斯可復古節奏。第一波主打“Yes, And?”捍衛自己的感情與幸福，大聲發出勇敢做自己的宣言，空降告示牌單曲榜冠軍，同時霸佔Apple Music、Spotify串流榜冠軍，Spotify直奔6億串流門檻，入圍葛萊美獎「最佳流行舞曲製作」；第二支單曲“we can’t be friends (wait for your love)”既復古又時尚，打造電音派對中的極品，再攻下一首冠軍曲，和泰勒絲並列全美擁有最多空降冠軍單曲女歌手紀錄！適逢【eternal sunshine】發行滿周年，紀念發行豪華盤【eternal sunshine deluxe: brighter days ahead】，專輯副標「brighter days ahead」持續向【王牌冤家】致敬，以電影中女主角前去專治失戀的忘情診所(Brighter Days Clinic)為靈感，持續加深專輯所傳遞的概念。加碼收錄“twilight zone”、“warm”等多達6首全新曲目，實體再追入3首混音單曲，包括：與Mariah Carey夢幻合體的“yes, and?”；重新詮釋並加入全新橋段的“the boy is mine”，原曲的90年代兩大節奏藍調歌姬Brandy和Monica連袂獻藝，入圍葛萊美獎「最佳流行重唱/團體演出」；美麗少年Troye Sivan站台充滿電氣感的浪漫舞曲“supernatural”，以迷幻氛圍和流暢旋律吸引聽覺感官；總共多達9首曲目送上滿滿的誠意，讓這份永恆陽光持續綻放溫暖與熱情！', 'SIDE A:\n1. intro (end of the world)\n2. bye\n3. don’t wanna break up again\n4. Saturn Returns Interlude\n5. eternal sunshine\n6. supernatural\n7. true story\nSIDE B:\n1. the boy is mine\n2. yes, and?\n3. we can’t be friends (wait for your love)\n4 . i wish i hated you\n5 . imperfect for you\n6. ordinary things (feat. Nonna)\nSIDE C:\n1. intro (end of the world) – extended\n2. yes, and? (with Mariah Carey) – Remix\n3. supernatural (with Troye Sivan) – Remix\n4. the boy is mine (with Brandy, Monica) – Remix\nSIDE D:\n1. twilight zone\n2. warm\n3. dandelion\n4. past life\n5. Hampstead'),
(103, '111164', 'Short n\' Sweet (Vintage Bottle Vinyl)', 323, 1480, 4, 16, 'YHM Indie', '2024-08-23', '1LP', '2025-06-09 01:11:14', 1, 1, 'Short n’ Sweet showcases the scintillating spirit of Sabrina Carpenter, the pocket-sized popstar with a larger than life artistic presence. One gold album & multiple platinum singles later, it’s no wonder that “Espresso,” the debut single from the forthcoming album, has it all: lyrics that make you giggle and blush and songwriting that makes you wish you’d thought of it first.', '1.Taste\n2.Please Please Please\n3.Good Graces\n4.Sharpest Tool\n5.Coincidence\n6.Bed Chem\n7.Espresso\n8.Dumb &amp; Poetic\n9.Slim Pickins\n10.Juno\n11.Lie To Girls\n12.Don\'t Smile'),
(104, '111163', 'Live At Wembley', 320, 1380, 4, 17, 'Warner Music', '2024-07-26', '2LP', '2025-06-09 01:11:15', 1, 1, 'Blur celebrate the one-year anniversary of their \'Live At Wembley Stadium\' show with the release of the concert on double vinyl. \'Live At Wembley Stadium\' is a collection of songs captured across two unforgettable nights in the summer of 2023 - the biggest shows of the band\'s 30+ year career to date - which saw Damon Albarn, Graham Coxon, Alex James and Dave Rowntree perform to over 150,000 fans at Wembley Stadium, Blur\'s first time ever to play the iconic London venue. Song highlights include \'The Narcissist\' and \'St. Charles Square\' from their latest #1 album, the acclaimed \'The Ballad of Darren\', as well as \'There\'s No Other Way\', \'Popscene\', \'Beetlebum\', \'Trimm Trabb\', \'Villa Rosie\', \'Coffee and TV\', \'Under the Westway\', \'Out of Time\', \'To the End\', \'Parklife\', \'Song 2\', \'This is a Low\', \'Girls and Boys\', \'Tender\', and \'The Universal\'.', 'LP1\n1. St Charles Square\n2. There S No Other Way (Saturday)\n3. Popscene (Saturday)\n4. Beetlebum\n5. Trimm Trabb (Saturday)\n6. Villa Rosie (Saturday)\n7. Coffee &amp; Tv\n8. Under the Westway\nLP2\n1. Out of Time (Saturday)\n2. To the End (Saturday)\n3. Parklife\n4. Song 2\n5. This is a Low (Saturday)\n6. Girls and Boys\n7. Tender\n8. The Narcissist\n9. The Universal'),
(105, '111140', 'C\'mon You Know (Clear Vinyl)', 324, 750, 4, 15, 'Warner Music', NULL, '1LP', '2025-06-09 01:11:15', 1, 1, '被讚譽為『英式搖滾救世主』的傳奇樂團Oasis主唱Liam Gallagher，我行我素形象令人又愛又恨，離團之後不改嗆聲嗆語，對音樂也超有想法，並積極尋求可能發展的音樂新走向！2017年發行個人首碟《As You Were》，空降英國金榜冠軍，銷售速度成為英國市場20年來單週最賣座的黑膠，選入Rough Trade、NME、Rolling Stone等傳媒【年度專輯】名單！第二張作品《Why Me? Why Not》，依舊霸氣的佔領英國金榜冠軍，同時還搭配個人自傳記錄片【Liam Gallagher: As It Was】播映，宣示回歸歌壇，還原英倫搖滾豪情本色！全新專輯《C`Mon You Know》中，Liam放開心胸談論和Noel的兄弟情，也寫了一首歌〈I Wish I Had More Power〉給哥哥；裡頭也有充滿陽光之歌。從來沒有停下創作腳步的Liam，充分利用現在的活力，釋放出巨大的搖滾動能！', '1. More Power\n2. Diamond In the Dark\n3. Don\'t Go Halfway\n4. C\'mon You Know\n5. Too Good For Giving Up\n6. It Was Not Meant To Be\n7. Everything\'s Electric\n8. World\'s In Need\n9. Moscow Rules\n10. I\'m Free\n11. Better Days\n12. Oh Sweet Children'),
(106, '111138', 'The Complete Reprise Studio Albums Volume 1', 325, 8500, 4, 15, 'Warner Music', NULL, '12LP', '2025-06-09 01:11:15', 1, 1, '馳騁搖滾沙場近60年的吉他之神Eric Clapton，2016年推出新專輯，也正式告別合作超過30年的Reprise唱片公司，紀念Eric的豐功偉業，Reprise特別推出錄音室專輯黑膠套裝，此第一集《The Complete Reprise Studio Albums, Volume 1》收錄12張黑膠。', '‧《Money &amp; Cigarettes》，1983年發行\n‧《Behind The Sun》，1985年發行\n‧《August》，1986年發行\n‧《Journeyman》，1989年發行\n‧《From The Cradle》，1994年發行\n‧《Pilgrim》，1998年\n‧《Rarities Volume 1 (1983-1998)》'),
(107, '111134', 'Unison (Crystal Clear Vinyl)', 326, 980, 4, 16, 'SONY MUSIC', '2025-04-11', '1LP', '2025-06-09 01:11:15', 1, 1, '★2座奧斯卡獎、5座葛萊美獎、2億5千萬張專輯銷售紀錄的唯一天后，1990年首張英文錄音室專輯，35周年進口紀念版水晶彩膠\n★多位傑出詞曲作者全力打造，包括Chris Neil (Sheena Easton, Mike + The Mechanics), Paul Bliss (Amy Holland), Aldo Nova (Aldo Nova, Blue Öyster Cult, Jon Bon Jovi),  David Foster (Whitney Houston, Barbra Streisand, Chicago).等人，專輯收錄“Where Does My Heart Beat Now”, “(If There Was) Any Other Way”“Unison”等經典歌曲', 'Side A\n1.(If There Was) Any Other Way\n2.If Love Is Out of the Question\n3.Where Does My Heart Beat Now\n4.The Last to Know\n5.I\'m Loving Every Moment With You\nSide B\n1.Love By Another Name\n2.Unison\n3.I Feel Too Much\n4.If We Could Start Over\n5.Have a Heart'),
(108, '111129', 'Higher', 327, 980, 4, 15, 'YHM Indie', '2022-05-13', '1LP', '2025-06-09 01:11:15', 1, 1, 'Michael Buble’s new album Higher catapults the star’s enormous talent into the stratosphere as he continues his ongoing journey reinventing and interpreting the music of America’s most beloved standards  amongst others. Fitting perfectly throughout these gems are a handful of Buble’ originals that further cement his gift for writing and performing great pop tunes and luscious ballads. An irresistible and uplifting collection from the ultimate romantic once again reminds us that the thrill of exploring the subject of love and romance continues inspiring this artist and the world. The definitive Buble’ masterpiece for sure.', '1. I\'ll Never Not Love You\n2. My Valentine\n3. A Nightingale Sang In Berkeley Square\n4. Make You Feel My Love\n5. Baby I\'ll Wait\n6. Crazy\n7. Higher\n8. Bring It On Home To Me\n9. Don\'t Get Around Much Anymore\n10. Don\'t Take Your Love From Me\n11. Smile'),
(109, '111123', '流行先鋒', 328, 2380, 4, 16, 'Warner Music', '2025-03-28', '3LP', '2025-06-09 01:11:15', 1, 1, 'Celebrate the 5th anniversary of Future Nostalgia with this stunning special edition triple vinyl set. Including Future Nostalgia Moonlight Edition and Club Future Nostalgia.  This unique release features vibrant new artwork and a limited-edition splatter vinyl.\n“I will forever be grateful to the album that changed my life and taught me so much about myself over these past five years.  I have memories to last a lifetime, and songs to go with them. Future Nostalgia forever”.', 'LP1\n1. Future Nostalgia\n2. Don\'t Start Now\n3. Cool\n4. Physical\n5. Levitating\n6. Pretty Please\n7. Hallucinate\n8. Love Again\n9. Break My Heart\n10. Good In Bed (Explicit)\n11. Boys Will Be Boys\nLP2\n1. Dua Lipa X Angele - Fever\n2. We Re Good\n3. Miley Cyrus - Prisoner (Feat. Dua Lipa)\n4. If It Ain T Me\n5. That Kind of Woman\n6. Not My Problem (Feat. Jid) (Explicit)\n7. Levitating (Feat. Dababy)\n8. J Balvin, Dua Lipa, Bad Bunny Un Dia (One Day) (Feat. Tainy)\n9. Levitating (Feat. Madonna and Missy Elliott) [the Blessed Madonna Remix]\n10. Hallucinate (Paul Woolford Remix) [Extended]\n11. Don T Start Now (Kaytranada Remix)\n12. Physical (Feat.Gwen Stefani) [Mark Ronson Remix]\n13. Love is Religion (the Blessed Madonna Remix)\n14. Break My Heart (Moodymann Remix)\nLP3\n1. That Kind of Woman (Jacques Lu Cont Remix)\n2. Pretty Please (Masters At Work Remix)\n3. Boys Will Be Boys (Zach Witness Remix)\n4. Good In Bed (Gen Hoshino Remix) (Explicit)\n5. Future Nostalgia (Joe Goddard Remix)\n6. Love Again (Horse Meat Disco Remix)\n7. Cool (Jayda G Remix)\n8. Don\'t Start Now (Yaeji Remix)\n9. Hallucinate (Mr Fingers Deep Stripped Mix)\n10. Pretty Please (Midland Refix)\n11. Good In Bed (Zach Witness Remix) (Explicit)'),
(110, '111119', 'Siamese Dream', 329, 1680, 4, 17, 'Universal', '2025-04-11', '2LP', '2025-06-09 01:11:15', 1, 1, 'Jeden z najbardziej wpływowych albumów lat 90., zawierający utwory `Today`, `Disarm` i `Cherub Rock`, wydany na 180-gramowym winylu w oryginalnym opakowaniu z 1993 r. The Smashing Pumpkins to jeden z najbardziej kultowych, obrazoburczych i wpływowych zespołów wszech czasów, który od lat kształtuje muzykę i kulturę alternatywną. Od momentu powstania w Chicago w 1988 r. grupa sprzedała ponad 30 mln płyt na całym świecie, zdobyła dwie nagrody Grammy, dwie MTV VMA i American Music Award.', '1.Cherub Rock\n2.Quiet\n3.Today\n4.Hummer\n5.Rocket\n6.Disarm\n7.Soma\n8.Geek U.S.A.\n9.Mayonaise\n10.Spaceboy\n11.Silverfuck\n12.Sweet Sweet\n13.Luna'),
(111, '111109', 'Denial is a River (7吋)', 330, 1000, 4, 16, 'Universal', '2025-03-28', '1LP', '2025-06-09 01:11:15', 1, 1, 'Tampa born Doechii has gotten immensely popular with her Alligator Bites Never Heal album, Capitol is now releasing \"Denial Is A River\" as a 7 inch.\nAlligator Bites Never Heal was nominated for Best Rap Album at the 67th Annual Grammy Awards, while its lead single \"Nissan Altima\" received a nomination for Best Rap Performance and Doechii herself earned a nomination for Best New Artist.', '1 .Denial Is A River\n2. Not Specified Yet'),
(112, '111077', 'Pink Pony Club (Baby Pink 7\")', 331, 600, 4, 16, 'YHM Indie', '2024-04-20', '1LP', '2025-06-09 01:11:15', 1, 1, 'After exploding onto the scene in 2020 with viral sensation “Pink Pony Club,” Chappell Roan’s loud and proud queer brand of pop music was born. Penned in collaboration with Daniel Nigro, Roan’s debut album, The Rise and Fall of a Midwest Princess, explores the Missouri native’s rollercoaster journey of becoming the pop star she always dreamt of being.\nThis 7” single featuring  “Pink Pony Club” b/w “Naked In Manhattan,” is pressed on baby pink coloured vinyl.', 'Side A\n1.Pink Pony Club\nSide B\n1.Naked In Manhattan'),
(113, '111074', 'Alligator Bites Never Heal', 330, 1380, 4, 16, 'Universal', '2025-03-07', '1LP', '2025-06-09 01:11:15', 1, 1, 'When she released Alligator Bites Never Heal, her first TDE mixtape, Doechii was coming off the Top 40 hit \"What It Is (Block Boy),\" also her first platinum-certified recording. The Tampa dynamo doesn\'t just daringly reference the pop-R&B smash on the tape, she makes it the basis of \"Boom Bap,\" quoting its title nine times as she mocks those who expect her to be Trina more so than Kelly Rowland. From the blown raspberries to the screams of \"I\'m everything!,\" it\'s a comic and brilliant act of contrarian autonomy. Rest assured, there\'s plenty of rappity rap-rap on Alligator Bites as Doechii lays bare her paradoxical qualities -- declarations of dominance, examinations of self-doubt, both the pressures and exploits of her fame brought to light -- in vivid style. Her microphone control and wordplay are in top form on \"Nissan Altima,\" a swift and booming track where the self-dubbed \"trap Grace Jones\" alternately motivates and intimidates with belligerent verses that include a shrugging note of her replacement of a man with a woman. The humorous if vulnerable \"Denial Is a River\" is storytelling on the level of MC Lyte and Slick Rick with late-\'80s production touches to match. She\'s just as effective making stealth moves over a lithe bassline on \"Bullfrog,\" her delivery both winding and precise. The songs that put Doechii\'s singing voice at the fore -- the slippery 808-fest \"Slide,\" the calmly cathartic \"Beverly Hills,\" and the psychedelic folk-soul title song -- are highly appealing as well. ~ Andy Kellman', '1.STANKA POOH\n2.BULLFROG\n3.BOILED PEANUTS\n4.DENIAL IS A RIVER\n5.CATFISH\n6.SKIPP\n7.HIDE N SEEK\n8.BLOOM\n9.WAIT\n10.DEATH ROLL\n11.PROFIT\n12.BOOM BAP\n13.NISSAN ALTIMA\n14.GTFO\n15.HUH!\n16.SLIDE\n17.FIREFLIES\n18.BEVERLY HILLS\n19.ALLIGATOR BITES NEVER HEAL'),
(114, '111073', 'Short n\' Sweet (Deluxe)', 323, 1680, 4, 16, 'Universal', '2025-02-14', '2LP', '2025-06-09 01:11:15', 1, 1, '', 'Side A\n1.      Taste\n2.      Please Please Please\n3.      Good Graces\n4.      Sharpest Tool\n5.      Coincidence\n6.      Bed Chem\nSide B\n1.      Espresso\n2.      Dumb &amp; Poetic\n3.      Slim Pickins\n4.      Juno\n5.      Lie to Girls\n6.      Don’t Smile\nSide C\n1.      15 Minutes\n2.      Please Please Please (feat. Dolly Parton)\n3.      Couldn’t Make It Any Harder\nSide D\n1.      Busy Woman\n2.      Bad Reviews'),
(115, '111070', '143 (Silver Nugget Vinyl)', 332, 1280, 4, 16, 'Universal', '2024-09-20', '1LP', '2025-06-09 01:11:15', 1, 1, '★全球1150億串流天量，史上首位獲得三首RIAA鑽石唱片認證，流行天后Katy Perry睽違四年性感回歸\n★葛萊美團隊回歸聯手掌舵，亞特蘭大饒舌巨星21 Savage、JID，話題女聲Kim Petras、新生代饒舌女力Doechii輪番助陣\n流行天后Katy Perry睽違四年性感回歸！擁有1150億串流量、超過7000萬專輯銷量與1.43億單曲銷量，立足Capitol唱片旗下最暢銷女藝人，成為音樂史上僅有12位藝人，加總突破1億張單曲銷售認證的輝煌紀錄，也是RIAA史上首位獲得三首RIAA鑽石唱片的藝人，包括“Firework”、“Dark Horse”和“Roar”。此後，還陸續將“California Gurls”、“E.T.”以及“Teenage Dream”推向鑽石殿堂，總計6首單曲、1張專輯，共7張作品獲頒鑽石認證！入圍13次葛萊美獎肯定，2010-2013整整3年的告示牌榜單，都籠罩在Katy Perry一首接一首冠軍單曲魅力之中，寫下連續69周駐留熱門單曲榜前10強的空前紀錄！\n「我以象徵愛的天使數字143為主軸，灌注一張大膽、活力與慶祝色彩的流行舞曲專輯，充滿超高能量、超夏日、非常快的音樂速度。」Katy Perry如此解釋第7張全新大碟【143】的基本概念，並說明143名稱的由來：「幾年前，我們家在健康方面經歷一些困難和挑戰，情況有點可怕。我開始以不同方式看到「143」，我發現這是「我愛你」的代碼。我那時真的相信那是我的天使，我人生指引者在跟我說「我愛你」，他們會保護我，帶我走在對的路上。」不僅如此，這還是一張鼓舞人心、挑戰性十足的華麗回歸作品，並且將會是一場大型熱舞派對，所有人都歡迎加入同樂。\n找回5度葛萊美獎「年度製作人」認證，成功打造Britney Spears、Backstreet Boys千萬金曲，堪稱偶像製造機的Max Martin；眾天后御用神團隊，葛萊美獎肯定的挪威雙人組合Stargate (Mariah Carey、Rihanna) ；8次葛萊美獎提名Dr. Luke (Nicki Minaj、Kelly Clarkson)等昔日操刀她冠軍名曲的金牌製作人，並且首次與加拿大電音界混音/製作/DJ神手Vaughn Oliver (Kylie Minogue、Kim Petras)＋美國跨界嘻哈鬼才Rocco Did It Again! (Lil Wayne、Pitbull)合作。首支單曲“WOMAN\'S WORLD”，是一首對於各種形式的女性力量頌歌，時尚ELLE雜誌形容：「充滿積極正能量，並帶有歡愉氛圍。」閃爍迷人浩室舞韻的“LIFETIMES”，揭開Katy Perry音樂生涯的全新篇章，反映關於愛的無限可能性，充分展現對於愛的深刻理解；於專輯發行前夕，Katy Perry於MTV音樂錄影帶大獎拿下「音樂錄影帶先鋒獎」，帶來近10分鐘的金曲串燒演出，全場歡聲雷動，並首度獻唱新歌“I\'M HIS, HE\'S MINE”，歌曲取樣Crystal Waters 90年代舞池暢銷曲“Gypsy Woman”，邀請新生代饒舌女力Doechii幫腔，性感魅惑、同時展現女性主導的霸氣，充滿力與美的自信態度；此外，更動員亞特蘭大饒舌巨星21 Savage、JID，與葛萊美史上首位獲獎跨性別歌手的話題女聲Kim Petras跨刀獻唱，一同狂歡！正如Katy Perry對新專輯不斷強調的概念「143是一場盛大的派對，每一個人都被受邀！」，無論你慶祝的是對人生的勵志、感情的堅強、對年輕的享樂、對族群的包容、對往日的緬懷，都能在Katy Perry的音樂世界中全然釋放！', 'A1 Woman\'s World\nA2 Gimme Gimme\nA3 Gorgeous\nA4 I\'m His, He\'s Mine\nA5 Crush\nA6 Lifetimes\nB1 All The Love\nB2 Nirvana\nB3 Artificial\nB4 Truth\nB5 Wonder'),
(116, '111063', 'The Rise and Fall of a Midwest Princess (1 Year Anniversary)', 331, 2380, 4, 16, 'Universal', NULL, '2LP', '2025-06-09 01:11:15', 1, 1, '★掀起全球「H-O-T-T-O-G-O」中毒瘋傳現象！大膽無懼、挑戰傳統審美觀，MTV 音樂錄影帶大獎最佳新人榮耀，Z世代酷兒新偶像Chappell Roan首張專輯！\n★發行一年重返排行榜，拿下英國專輯榜冠軍、告示牌亞軍席次，由操刀Olivia Rodrigo專輯，榮獲葛萊美獎肯定Daniel Nigro擔綱製作！\n如果你是別人眼中的「怪咖」，別怕，Chappell Roan幫你一起展現真實自我，擁抱獨特與不凡，無論你有多「怪」，這世界都需要你的精彩存在！2024年爆紅超級新人，魅力席捲全世界，歌壇新世代酷兒代表，華麗浮誇的妝容打扮，深受變裝皇后的影響，引領戲劇化「坎普風」音樂調性，Chappell Roan以極具個人特色和視覺表演，挑戰傳統審美觀、顛覆常規，讓每個舞台都是感官盛宴，一場流行文化革命即將展開！\n對許多人來說，Chappell Roan似乎是一夕爆紅成名，但她的職業生涯已走過近10年的艱辛，克服無數困難，還被其他主流大廠解約，只能獨自收拾殘局。在作為獨立藝術家的短暫卻關鍵旅程中，Chappell Roan學會相信自己的直覺，開始撰寫喚起酷兒的歡樂歌曲，並在過程中尋獲更龐大粉絲群。本名Kayleigh Rose Amstutz，為了紀念因腦癌去世的祖父Dennis K. Chappell，將他生前最喜歡的傳統牛仔歌謠“The Strawberry Roan”，組合出自己的藝名Chappell Roan，從小罹患雙向情緒障礙症，發病過程會出現「焦躁」和「憂鬱」兩種極端的情緒失調，個性特別內向、害羞、自卑和保守，就連班上的怪咖都無法與她產生共鳴。Chappell Roan說道：「我就是個怪咖，當我開始寫流行音樂時，必須替和我一樣個性的人討回公道，進而解放心靈自由。」\n2023年發行的處女作【The Rise And Fall Of A Midwest Princess】，其成功之路在當今音樂產業中顯得尤為特別。這張專輯崛起過程是個經典的「慢燒」案例，銷售和串流量持續穩步累加，打破現今串流媒體瞬間決定作品熱門或失敗的常態。在擔任三座葛萊美獎認證「追夢少女」Olivia Rodrigo的巡演嘉賓以及Coachella音樂祭典演出後，Chappell Roan迅速成為媒體與聽眾焦點，加上她的TikTok影片快速爆紅，使得這位新星備受矚目，隨後在芝加哥最大音樂節LOLLAPALOOZA，她的演出時段吸引大約11萬人擠爆現場，創下該音樂節史上最多觀眾到場紀錄。在種種的推波助瀾下，讓專輯越賣越暢銷，衝上英國冠軍、美國亞軍席次，入選綜藝、滾石雜誌、告示牌、NME、時代雜誌、Vogue、Pitchfork等重要傳媒「2023年最佳專輯」榜單，首專中14首歌曲，就有多達8首陸續攀入榜中，Spotify狂破23億門檻！啦啦隊舞風的單曲“HOT TO GO!”發行一周年之際，不僅重返排行榜，超越破億收聽，甚至在棒球場上驚見鋼鐵直男們跳起經典的「H-O-T-T-O-G-O」字母舞；奠定成功基石的“Pink Pony Club”，散發歡樂輕快的流行曲調，描繪女孩在LGBTQ夜店中找到自我；不禁隨之起舞的“Red Wine Supernova”，唱出對愛慕之人渴望的心聲，欲想激發一段纏綿悱惻的浪漫愛戀；遊走在Dream Pop邊緣的“Casual”，敘述真實的糟糕約會經驗，與一位不願意給予承諾的對象間的情感糾結；懷舊Synthpop風格的“My Kink Is Karma”，透露一段不堪的分手心境，這首歌雖毒性十足，但卻如此真實、令人崩潰地引起共鳴。【The Rise And Fall Of A Midwest Princess】是Chappell Roan探索和擁抱自我的過程，記錄第一次陷入同性愛戀的電影般旅程，在充滿混亂和不完美的瞬間中，突顯色彩斑斕的自我發現和轉變。', 'LP1\n1. Femininomenon\n2. Red Wine Supernova\n3. After Midnight\n4. Coffee\n5. Casual - Ig Track\n6. Super Graphic Ultra Modern Girl\n7. Hot To Go!\n8. My Kink is Karma\n9. Picture You\n10. Kaleidoscope\n11. Pink Pony Club\n12. Naked In Manhattan\n13. California\n14. Guilty Pleasure\nLP2.\n1. Pink Pony Club\n2. Naked In Manhattan\n3. California\n4. Guilty Pleasure'),
(117, '111062', 'The Rise And Fall Of A Midwest Princess', 331, 1580, 4, 16, 'Universal', NULL, '2LP', '2025-06-09 01:11:15', 1, 1, '★掀起全球「H-O-T-T-O-G-O」中毒瘋傳現象！大膽無懼、挑戰傳統審美觀，MTV 音樂錄影帶大獎最佳新人榮耀，Z世代酷兒新偶像Chappell Roan首張專輯！\n★發行一年重返排行榜，拿下英國專輯榜冠軍、告示牌亞軍席次，由操刀Olivia Rodrigo專輯，榮獲葛萊美獎肯定Daniel Nigro擔綱製作！\n如果你是別人眼中的「怪咖」，別怕，Chappell Roan幫你一起展現真實自我，擁抱獨特與不凡，無論你有多「怪」，這世界都需要你的精彩存在！2024年爆紅超級新人，魅力席捲全世界，歌壇新世代酷兒代表，華麗浮誇的妝容打扮，深受變裝皇后的影響，引領戲劇化「坎普風」音樂調性，Chappell Roan以極具個人特色和視覺表演，挑戰傳統審美觀、顛覆常規，讓每個舞台都是感官盛宴，一場流行文化革命即將展開！\n對許多人來說，Chappell Roan似乎是一夕爆紅成名，但她的職業生涯已走過近10年的艱辛，克服無數困難，還被其他主流大廠解約，只能獨自收拾殘局。在作為獨立藝術家的短暫卻關鍵旅程中，Chappell Roan學會相信自己的直覺，開始撰寫喚起酷兒的歡樂歌曲，並在過程中尋獲更龐大粉絲群。本名Kayleigh Rose Amstutz，為了紀念因腦癌去世的祖父Dennis K. Chappell，將他生前最喜歡的傳統牛仔歌謠“The Strawberry Roan”，組合出自己的藝名Chappell Roan，從小罹患雙向情緒障礙症，發病過程會出現「焦躁」和「憂鬱」兩種極端的情緒失調，個性特別內向、害羞、自卑和保守，就連班上的怪咖都無法與她產生共鳴。Chappell Roan說道：「我就是個怪咖，當我開始寫流行音樂時，必須替和我一樣個性的人討回公道，進而解放心靈自由。」\n2023年發行的處女作【The Rise And Fall Of A Midwest Princess】，其成功之路在當今音樂產業中顯得尤為特別。這張專輯崛起過程是個經典的「慢燒」案例，銷售和串流量持續穩步累加，打破現今串流媒體瞬間決定作品熱門或失敗的常態。在擔任三座葛萊美獎認證「追夢少女」Olivia Rodrigo的巡演嘉賓以及Coachella音樂祭典演出後，Chappell Roan迅速成為媒體與聽眾焦點，加上她的TikTok影片快速爆紅，使得這位新星備受矚目，隨後在芝加哥最大音樂節LOLLAPALOOZA，她的演出時段吸引大約11萬人擠爆現場，創下該音樂節史上最多觀眾到場紀錄。在種種的推波助瀾下，讓專輯越賣越暢銷，衝上英國冠軍、美國亞軍席次，入選綜藝、滾石雜誌、告示牌、NME、時代雜誌、Vogue、Pitchfork等重要傳媒「2023年最佳專輯」榜單，首專中14首歌曲，就有多達8首陸續攀入榜中，Spotify狂破23億門檻！啦啦隊舞風的單曲“HOT TO GO!”發行一周年之際，不僅重返排行榜，超越破億收聽，甚至在棒球場上驚見鋼鐵直男們跳起經典的「H-O-T-T-O-G-O」字母舞；奠定成功基石的“Pink Pony Club”，散發歡樂輕快的流行曲調，描繪女孩在LGBTQ夜店中找到自我；不禁隨之起舞的“Red Wine Supernova”，唱出對愛慕之人渴望的心聲，欲想激發一段纏綿悱惻的浪漫愛戀；遊走在Dream Pop邊緣的“Casual”，敘述真實的糟糕約會經驗，與一位不願意給予承諾的對象間的情感糾結；懷舊Synthpop風格的“My Kink Is Karma”，透露一段不堪的分手心境，這首歌雖毒性十足，但卻如此真實、令人崩潰地引起共鳴。【The Rise And Fall Of A Midwest Princess】是Chappell Roan探索和擁抱自我的過程，記錄第一次陷入同性愛戀的電影般旅程，在充滿混亂和不完美的瞬間中，突顯色彩斑斕的自我發現和轉變。', 'LP1\n1. Femininomenon\n2. Red Wine Supernova\n3. After Midnight\n4. Coffee\n5. Casual - Ig Track\n6. Super Graphic Ultra Modern Girl\n7. Hot To Go!\n8. My Kink is Karma\n9. Picture You\n10. Kaleidoscope\n11. Pink Pony Club\n12. Naked In Manhattan\n13. California\n14. Guilty Pleasure\nLP2.\n1. Pink Pony Club\n2. Naked In Manhattan\n3. California\n4. Guilty Pleasure'),
(118, '111057', 'Mayhem', 333, 1680, 4, 16, 'YHM Indie', '2025-03-07', '2LP', '2025-06-09 01:11:15', 1, 1, 'Blending the eclectic energy that first captivated her fans with a bold, fearless artistic vision, MAYHEM marks a triumphant return to Gaga’s pop roots. The album explores themes of chaos and transformation, celebrating music’s power to unite, provoke, and heal.\n“The album started as me facing my fear of returning to the pop music my earliest fans loved,” said Gaga. Far from a nostalgic throwback, MAYHEM reinvents her early sound with a kaleidoscopic approach that draws from her expansive musical library while embracing a fresh and fearless artistic perspective. Gaga describes the creative process as “reassembling a shattered mirror: even if you can’t put the pieces back together perfectly, you can create something beautiful and whole in its own new way.”', ''),
(119, '111052', 'BRAT (Translucent Black Vinyl)', 334, 1380, 4, 16, 'Warner Music', NULL, '1LP', '2025-06-09 01:11:15', 1, 1, '', '1. 360\n2. Club Classics\n3. Sympathy is a Knife\n4. I Might Say Something Stupid\n5. Talk Talk\n6. Von Dutch\n7. Everything is Romantic\n8. Rewind\n9. So I\n10. Girl, So Confusing\n11. Apple\n12. B2b\n13. Mean Girls\n14. I Think About It All the Time\n15. 365'),
(120, '111047', 'Hydra (10th Anniversary Edition)', 335, 1480, 4, 17, 'Music On Vinyl', '2024-10-11', '2LP', '2025-06-09 01:11:15', 1, 1, '‘Hydra’ is the sixth studio album by Dutch symphonic metal band Within Temptation. It was originally released on January 31, 2014 in Europe and on February 4, 2014 in North America. The album contains guest appearances by singer Howard Jones (ex-Killswitch Engage), rapper Xzibit, metal vocalist Tarja Turunen (ex-Nightwish) and alternative rock singer Dave Pirner (Soul Asylum).\nIt was the first album by Within Temptation to be recorded with three guitarists, with Stefan Helleblad making his Within Temptation studio debut on ‘Hydra’ since his addition to the band shortly after the release of ‘The Unforgiving’ in 2011. ‘Hydra’ is also the first Within Temptation album to feature Robert Westerholt\'s growling techniques since the band\'s debut album, ‘Enter’ in 1997.\nThe band wanted it to be a real Within Temptation record, but heavier, more musically challenging, pushing borders and frontiers with new elements and influences, and at the same time bring back more from their early metal roots  “... A bit like the past and future at the same time\" – as stated by the band.\nThe album title refers to the great variation in musical genres, the band improves on with each new release. Guitarist Robert Westerholt adds: \"Hydra is a perfect title for our new album, because like the monster itself, the record represents the many different sides of our music\". According to the ancient Greek mythology, the Hydra was a giant multi-headed serpent that, for each severed head, sprang forth two more in their place.\nThis new Expanded Edition comes with 8 bonus tracks, never released on vinyl before.', 'LP1\n1. Let Us Burn\n2. Dangerous\n3. And We Run\n4. Paradise (What About Us?)\n5. Edge of the World\n6. Silver Moonlight\n7. Covered By Roses\n8. Dog Days\nLP2\n1. Tell Me Why\n2. Whole World is Watching\n3. Keep On Breathing\n4. One of These Days\n5. Living On Fire\n6. And We Run\n7. Silver Moonlight\n8. Coverd By Roses\n9. Tell Me Why\n10. Whole World is Watching'),
(121, '111401', '《時空陷落MEGAPORTAL 2425》限量Live黑膠', 407, 950, 5, 20, '禾廣娛樂', '2025-08-06', '1LP', '2025-06-09 01:11:15', 1, 1, '見證閃靈宇宙收合・珍藏閃靈大港現場\n限量Live黑膠：時空陷落MEGAPORTAL 2425\n從多元宇宙疊加的《皇軍》序曲啟動，歷經《鎮魂醒靈寺》陰陽兩界戰鬥，穿越《百萬遍》與《暮沉武德殿-民謠版》的虛實宇宙MEGAPORTAL，最後送你回到大港2025現場，與全場數萬歌迷大合唱《皇軍》，陷落在閃靈時空。\n精選2024、2025閃靈大港開唱的精選曲目，\n呈現各層次時空的穿越、撞擊、疊加、崩塌，驚悚、混亂、戰鬥、吶喊\n規格：180g / 12 吋黑膠\nCHTHONIC releases a Live Vinyl “MEGAPORTAL2425”\nCHTHONIC released its Live Vinly “MEGAPORTAL2425”, which includes 5 selected songs from the 2024 and 2025 Megaport Festivals, and videos have also been released online.\nThere has been a consistent theme in CHTHONIC’s performances at Megaport Festival  over the past two years, which broke the boundary between reality and illusion and brought onto stage the virtual time and space. In 2024, technology was used to allow virtual characters to be presented in real time on the big screen, and in 2025, the characters appeared on the stage in person and interacted with the characters on the big screen.\nLead vocalist Freddy explained that, the screen at these two concerts are a \"tunnel of time and space\", or what people would call \"portals\" in time-travel dramas. The virtual time and space are connected to the real world through the portals. We see the virtual character through the screen, and the character sees us in the real world. When we performed \"Endless Aeons\",  the character traveled through and appeared in the real world.\nOther than “Endless Aeons”, the interweaving of time and space also appeared in other songs included in this Live EP. Including the overture \"MEGAPORTAL INTRO\", which superimposes different versions of \"Takao\" to present a chaotic and thrilling atmosphere; \"Quell the Souls in Sing Ling Temple\" is a battle across the world and the underworld; for \"Defenders of Bú-Tik Palace–acoustic version\", Finn, who has appeared in several CHTHONIC music videos in the past decade, was on the stage and to reenact the classic scene of the characters shouting the lyrics. Finally, tens of thousands of fans in the audience sang the chorus of \"Takao\" together, bringing the concert to a lively and perfect end.\nIn addition, the title of this Live EP, \"MEGAPORTAL 2425\", is also cleverly designed. \"MEGAPORTAL\" not only reflects the theme of the concert \"PORTAL\", but also extends from the name of the music festival \"MEGAPORT Festival\".', 'Side A:\n1.MEGAPORTAL INTRO\n2.鎮魂醒靈寺-Live 2024大港開唱　Quell the Souls in Sing Ling Temple-Live 2024 Megaport\n3.百萬遍-Live 2025大港開唱　Endless Aeons-Live 2025 Megaport\nSide B:\n1.暮沉武德殿民謠版-Live 2025大港開唱　Defenders of Bu-Tik Palace acoustic-Live 2025 Megaport\n2.皇軍-Live 2025大港開唱　TAKAO-Live 2025 Megaport'),
(122, '111346', '愛人', 408, 2780, 5, 19, 'Stereo Sound', NULL, '1LP', '2025-06-09 01:11:15', 1, 1, '1985年原始類比母帶復刻・音響名匠武澤茂最新剪輯之作\n繼廣受好評的《償還》復刻盤後，Stereo Sound再度傾力推出鄧麗君1985年代表作《愛人》黑膠復刻版本。本作嚴選首版原始類比母帶，交由日本哥倫比亞錄音室的權威工程師武澤茂親自操刀，忠實重現鄧麗君音樂生涯中的經典之音。\n此次所使用的母帶為AMPEX 456 Studio Master，採1/4吋寬、38cm/秒的專業母帶格式，並經過當年廣泛使用的Dolby A降噪處理。此母帶由Taurus Records製作，當時由東芝EMI負責壓片與銷售。母帶保存狀況極佳，以A面與B面兩卷完整保留至今。\n剪輯工程亮點如下：・使用改裝版 Studer A80 錄音機進行播放，再透過Dolby 363 單元進行降噪解碼・監聽喇叭採用英國Bowers & Wilkins MATRIX 801，經精密改裝以重現極致聲音細節・音源經英國 dCS 的902 A/D 與 952 D/A 轉換系統處理，進行微調後傳送至德國 Neumann 製VMS70 刻盤機，以SX74 刻盤頭及藍寶石針進行刻錄・所使用之漆盤來自目前全球唯一的漆盤製造廠商——日本Public Records (MDC)，片面35cm規格\n本復刻盤不僅完整保留鄧麗君那細膩動人的嗓音質感，也將伴奏的空氣感與演奏深度刻畫得淋漓盡致。無論是人聲的光澤、旋律的流轉，皆忠實再現原始母帶所蘊藏的音樂本質。', '1. 愛人\n2. 雨に濡れて\n3. ノスタルジア\n4. 驛舎(ステーション)\n5. I LOVE YOU\n6. 乱されて\n7. ミッドナイト・レクイエム\n8. 愛は砂のように\n9. 夕凪\n10. 今でも・・・・・・'),
(123, '111345', '償還', 408, 2780, 5, 19, 'Stereo Sound', NULL, '1LP', '2025-06-09 01:11:15', 1, 1, '亞洲歌姬的傳世名作，1984年經典重現・高音質類比錄音復刻版\n1984年，鄧麗君轉籍Taurus Records，以〈償還〉一曲華麗重返日本樂壇，創下百萬銷量、席捲排行榜。該曲不僅成為代表作品之一，更以其名發行同名專輯。如今，這張紀念性的經典之作，經由Stereo Sound以發燒級規格隆重復刻，重新問世。\n此次復刻版，嚴選1984年原始母帶，由日本哥倫比亞錄音室資深工程師武澤茂親自操刀剪輯。使用Studer A80開盤錄音機與Neumann VMS70 + SX74剪輯系統，忠實重現原始錄音之純淨與細膩，為音響愛好者帶來最接近錄音現場的聆聽體驗。\n專輯共收錄12首歌曲，其中包含鄧麗君重新錄製的7首經典原創曲目，與〈北國之春〉等5首日文名曲翻唱。即便是寶麗多時期的重要作品〈機場〉與〈雪妝〉，亦於此專輯中煥然再現。\n鄧麗君一生堅持以全類比方式錄音，不使用數位處理、不剪輯拼接，唱錯即重錄——唯有一次到位的歌聲，才能傳達最真摯的情感。這份對音樂的極致追求，也隨著這張復刻黑膠，原音重現。', '1. つぐない\n2. 晩秋\n3. 待ちわびて\n4. 雪化粧\n5. 東京ジェラシー\n6. 上海エレジー\n7. 空港\n8. 娘心\n9. さよならあなた\n10. 夢芝居\n11. 笑って乾杯\n12. 北国の春'),
(124, '111322', '安和橋北 (日版)', 409, 1980, 5, 18, 'YHM Indie', NULL, '2LP', '2025-06-09 01:11:15', 1, 1, '《董小姐》宣告新民謠世代的來臨 備受期待\n宋冬野首張個人專輯《安和橋北》\n2013年無疑是這個名叫宋冬野的北京民謠歌手備受關注的一年。簽約中國獨立音樂大廠摩登天空、歌曲被網路瘋狂傳播、選秀歌手翻唱《董小姐》引發的爆紅、音樂圈前輩們的大力推崇，中國百站巡演等都使得這個音樂人，順理成章的成為了2013年中國獨立音樂的一個熱門話題。12月3日，宋冬野的首張個人專輯《安和橋北》將由索尼音樂在台灣正式發行。關於城市、夢想、和做夢的人們，《安和橋北》會給出一個完整的答案。\n音樂人推薦：\n10年前，獨立音樂在Live House裡發光，抓著好不容易搶到的一張票，我們的身體跟心靈得到一個晚上的自由，我們的品味曾經與所謂主流、所謂大眾無關，那時候「獨立音樂」有一些「文化菁英」的染色。10年來，五月天，陳綺貞，張懸，蘇打綠...超越了媒體與商業影響力的界限，成為貨真價實的主流。2013年宋冬野也因為《董小姐》一曲爆紅加入了這「新主流」的行列。他的首張專輯《安和橋北》在我們從未聽聞的熱烈期待中降臨。20來歲的他，居然有這麼低沉大器的嗓音，優雅的旋律跟歌詞唱著今天北京青年的群像。同時我喜歡這樣的故事，宋冬野從Live House與網路流傳的demo出發，因為音樂本身的美好而發生巨大的影響力。欣喜地反覆聽著這張專輯，我知道這是「新主流」音樂來臨的預言。\n--1976阿凱\n他的名字也許解釋了他的一生，在聽見他的聲音之後，才更能感受這美麗的名字裡，描繪著寒冷的原野上，才能滋養最脆弱也最堅忍的生命力。宋冬野，一個來自北京的男子，簡簡單單，帶著一把吉他，和他一股寒冷裡顯得格外溫暖的聲音，唱著原創新民謠。\n他的音樂像冬天一樣冷調，卻在這天氣裡唱出了溫暖的火候。微於柴火，強於燭光。像一陣哆嗦使人拉緊了衣角，再次確認那一身暖衣裡的身子，還在微微發燙著。所有被冷鋒劃過的傷口都要因為他而癒合。\n他像冬天原野裡的青草，躺在最低底的大地上睡過了四季。又像青草上滑落的朝露，比水氣重，比淚水輕。微傾訴著這一切的故事。像他從不曾在意，卻又弦外有音。\n其實他早已都唱給你了，因為他就在你的身子裡唱著歌。\n--hush！樂團主唱 Hush', '1. 給抱著盒子的姑娘\n2. 莉莉安\n3. 鴿子\n4. 董小姐\n5. 斑馬，斑馬\n6. 夢遺少年\n7. 六層樓\n8. 關憶北\n9. 卡比巴拉的海\n10. 連衣裙\n11. 安和橋\n12. Intro...'),
(125, '111274', '雨季', 410, 1000, 5, 19, '滾石 ROCK', '2025-07-04', '1LP', '2025-06-09 01:11:15', 1, 1, '在劉若英的雨季裡，溫柔比堅強更需要勇敢...\n*打了一把鑰匙給你 - 劉若英親自作曲，王中言作詞；\n現代的愛情，懂事的女人，是不是不該有抱怨?\n*男人的皮衣 - 陳昇詞曲創作，男人的皮衣給予女人溫暖，\n卻又護衛男人的自私，讓女人在愛情中掙扎。\n*雨季 - 雨中迎他，雨中送他，如果愛情是甜蜜的折磨，\n寧願雨季永遠不要結束。\n。原始母帶製作\n。德國Optimal刻片、壓片\n。140g\n。限量發行', 'A Side\nA1.打了一把鑰匙給你 5\'03\"\nA2.雨季 4\'35\"\nA3.蒲公英 3\'44\"\nA4.罵妳 3\'50\"\nA5.Monica 4\'46\"\nB side\nB1.男人的皮衣 6\'05\"\nB2.歌詞給我(音樂+O.S) 1\'44\"\nB3.背影    5\'15\"\nB4.單車失竊記 4\'56\"\nB5.說話    5\'18\"'),
(126, '111194', '聰明糊塗心', 411, 1299, 5, 19, '滾石 ROCK', '2025-06-06', '1LP', '2025-06-09 01:11:15', 1, 1, '陳淑樺1991年代表作『聰明糊塗心』\n所有女人都在問的問題，\n所有男人都在等的答案。\n完整的心 陪伴自己\n在柔軟的幻想 堅韌的生活裡\n光和影的交互作用\n心中那情感和理智的天秤\n輕輕放著\n陪伴自己的聰明糊塗心\n貼心的歌與我們緊緊隨行\n『聰明糊塗心』，是一張以女性內心世界為主題的專輯，\n從女人的角度來觀照他生活的天地和面對情感的態度。\n「聰明」和「糊塗」可說是女人的兩面，\n女人總是在生活裡聰明，在愛裡糊塗，\n女人的世界無時無刻不在這樣的心情裡徘徊著。\n。原始母帶製作\n。英國 Abbey Road Studios 刻片\n。東洋化成壓片\n。180g\n。限量發行', 'A Side\nA1.你變了沒有 3\'18\"\nA2.這樣愛你對不對 3\'53\"\nA3.聰明糊塗心 5\'04\"\nA4.愛情請進 3\'32\"\nA5.夜遊 5\'42\"\nA6.LOVE COMES AGAIN 3\'45\"\nB side\nB1.想你的人沒有睡 4\'32\"\nB2.當我看你的時候 3\'43\"\nB3.光的樓梯 3\'36\"\nB4.你夢到我了嗎 3\'09\"\nB5.這樣愛你對不對 5\'27\"\nB6.愛的小語 4\'30\"'),
(127, '111060', '你愛我嗎', 412, 899, 5, 19, '滾石 ROCK', '2025-04-18', '1LP', '2025-06-09 01:11:15', 1, 1, '張艾嘉用歌聲詮釋情感，最深情的告白，是你心情最真實的寫照。\n電影，可能她更為人熟悉的事業；但是音樂中的她，是唱片界心目中不可或缺的超級巨星。\n因為電影中的張艾嘉是多種面貌的張艾嘉，但是，在唱片專輯，她只能真誠地扮演「自己」。\n(張艾嘉自己曾經說：「我唱歌的聲音，沒有辦法說謊。」)\n她的每一張專輯，幾乎都帶來一些她想說的話，夾雜著她私人的事、私人的感受。\n在唱片裡，她是真誠的，彷彿想溝通點什麼。\n在愛情生活上，張艾嘉不僅是個實踐者，也是個哲學者。\n她固然曾有過(一定也會再有)美麗而轟轟烈烈的愛情，她更有各種現代女性的愛情主張。\n。原始母帶製作\n。德國Optimal刻片、壓片\n。140g\n。限量發行', 'A Side\nA1.她想    3\'20\"\nA2我站在全世界的屋頂 3\'27\"\nA3.那天我們談了一夜生活 4\'19\"\nA4.雨在她心中停留 3\'45\"\nA5.最愛    4\'47\"\nB side\nB1.她的心是一個巨大的修車廠 3\'48\"\nB2.她沿著沙灘邊緣走 4\'06\"\nB3.她打算這樣過一輩子了 4\'02\"\nB4.一個失戀男子的告白 3\'53\"\nB5.最愛 (演奏曲) 3\'34\"'),
(128, '111059', '放肆的情人', 413, 1299, 5, 18, '滾石 ROCK', '2025-04-11', '1LP', '2025-06-09 01:11:15', 1, 1, '陳昇的音樂唱出平凡人的疑惑，充滿真實的人性，他關懷人性勝於表現自己，旋律，歌詞都是發自內在的坦白，誠懇而赤裸地與你深刻對談。縱情的音樂  自在的生活  放肆的愛陳昇─他的歌，獻給所有在不安中長大的孩子們。\n生活的陳昇─\n他遊蕩在擁擠的台北樂園，看著衣冠整齊、西裝領帶的人們熱絡的交際。所以，他解開鈕扣、坦露胸膛，他說：「涼快！」這是陳昇，一個真正生活的人。從不刻意成為所謂的好人，也不認為無意義的尊嚴可以讓一個人得到多少的驕傲及快感。他自在、隨興、敢放肆，他的生命真實。\n寫作、攝影的陳昇─\n這個時代，沒有英雄，貪戀私利的人多如過江的魚。陳昇在這樣的環境裡踉蹌起落，文字是他可以自由思想的方式，在字句組合當中，他創造自己廣闊的世界。\n文字讓陳昇找到另一個世界，而相機卻讓他在現實社會裡擁有第三隻眼睛。他看人間情事，記錄快速前進的文明遺落的人本現象。\n音樂的陳昇─\n他撕裂天空的唱法，完全放肆，歌聲毫不猶豫地追隨情緒直趨沸點！陳昇的音樂，唱出平凡人的疑惑，充滿真實的人性，他關懷人的生活勝於表現自己。旋律、歌詞是發自內在的坦白，誠懇而赤裸地與你深刻談談。\n深具個人色彩的音樂魅力，正逐步襲捲每一個不安份的自由靈魂，陳昇和你有一點看法相同──知道歌，除了唱之外，最好還能具有一些表達內心意圖的價值。\n。原始母帶製作\n。東洋化成壓製\n。180g\n。限量發行', 'A Side\nA1.我的明天 6\'16\"\nA2.獵人與羔羊 3\'54\"\nA3.孩子    2\'58\"\nA4.愛欲之潮來襲時......    3\'48\"\nA5.宿命    4\'58\"\nB side\nB1.最後一次溫柔    4\'50\"\nB2.子夜二時，你做什麼 4\'47\"\nB3.溫柔的迪化街    4\'06\"\nB4.嗚哩哇啦 ROCK\'N ROLL 3\'57\"\nB5.世界的主人 4\'07\"'),
(129, '110960', '改變所有的錯', 414, 1280, 5, 18, '音橋 ENRICH', '2024-12-25', '1LP', '2025-06-09 01:11:15', 1, 1, '哈林庾澄慶獨特的音樂魅力連老外也無法擋，對音樂要求甚嚴的他唱響金曲無數，讓我一次愛個夠、想哭就到我懷裡哭、改變所有的錯、快樂頌…等歌曲皆成為當時全民必備熱門曲，使得他一路走來人氣始終高居不下。\n庾澄慶（英語：Harlem Yu，1961年7月28日—），台灣男歌手、詞曲作家、音樂製作人、主持人。由於創作曲風廣泛、精通多樣樂器，有「音樂頑童」之稱號。在主持和歌唱領域，庾澄慶跨域拿下「金鐘獎」和「金曲獎」最佳個人獎項。1986年發行出道專輯《傷心歌手》，1996年拿下美國「告示牌音樂獎」的第三屆「年度亞洲傑出創作藝人獎」，1998年起連續五年入圍金曲獎「最佳國語男歌手獎」，2002年則藉專輯《海嘯》奪下第13屆金曲獎「最佳國語男演唱人獎」。在主持方面，他以綜藝節目《超級星期天》獲得兩屆金鐘獎「綜藝節目主持人獎」，以《騎吧！哈林小隊》獲得「益智及實境節目主持人獎」，並主持過三屆金曲獎頒獎典禮。2012年起，他曾擔任六季《中國好聲音》系列導師。\n庾澄慶在華語流行樂領域創下數項紀錄：他是台灣第一位囊括作詞、作曲、編曲、演奏、製作的流行樂歌手[3]，並創作出台灣第一首饒舌流行歌曲《報告班長》，成為華語流行音樂史上第一位演唱中文饒舌歌的歌手，也是台灣第一位舉辦不插電演唱會的歌手；此外，他創造台灣音樂史上第一個虛擬歌手「哈寶寶」。', 'A\n1.改變所有的錯\n2.那一個心痛的夜晚\n3.來搭乘我的心\n4.多一點點的愛\n5.快樂是個什麼東西\nB\n1.是誰在改變\n2.進入我的世界\n3.每次都新鮮\n4.傳說中的他\n5.不要拔掉我的插頭'),
(130, '110911', '說時依舊', 415, 1000, 5, 19, '音橋 ENRICH', '2024-12-25', '1LP', '2025-06-09 01:11:15', 1, 1, '【說時依舊】是歌手林慧萍的第十七張個人專輯；在歌林唱片於1990年10月9日發行。\n這張專輯不僅標誌林慧萍結束了與歌林唱片長達九年的合作關係，同時也是她最後一張黑膠唱片的發行。\n【說時依舊】本由新加坡歌手潘盈演唱；姚謙說服三毛讓這首歌重新製作在臺灣推出。\n【說時依舊】入圍第三屆金曲獎最佳錄音獎。\n流行歌的世界裡『情歌』是極受歡迎的一種，它不受時間、空間的限制，依附人的感情，抒發人的情緒，甚至承載人的回憶，不斷傳唱。情歌人人會唱，各有巧妙不同。具有獨特唱腔及音色的林慧萍所唱之情歌，給人有種不捨的感覺、情感豐富且哀怨細緻，她把歌曲的精髓發揮的淋漓盡致，讓歌迷的感情得到抒發。林慧萍演唱的情歌曲式豐富、多采多姿。在當代歌手裡獨樹一格，也得到歌迷最大的迴響，歷經數十年仍為歌迷懷念。', 'A\n1.說時依舊 4’30\n提起當年往事，淚眼笑荒唐。我是真的、真的、真的愛過你，說時依舊淚如傾…\n2.感情線上 3’53\n回想起來，忍不住笑自己的天真，居然以你左手掌上感情線預測自己的明天…\n3.當他對我說謊的時候 3’12\n他有張無辜的笑容;當他對我說謊的時候。\n4.你情我願 5’30\n因為你我只是兩個平凡人，有著相同的感受…\n5.以淚封箋 4’09\n我用好幾年的歲月來填寫，寄上吻我用淚封信箋。\nB\n1.一個人看電影 4’40\n我不喜歡一個人看電影，我從來不喜歡證明我的傷心…\n2.等待最後一個情人 4’08\n日子膨脹的空洞，才知道我仍然也需要被人擁有…\n3.他不知道他是我的情人 4’58\n有時候我等在黃昏的街頭，假裝和他偶然相逢…\n4.Blue Blue Love 4’29\n誰愛誰得多，我痛苦無話說。\n5.你今天穿那一件心情 3’48\n也許過去她始終停在你最美的距離，而我卻在不該的時，向你接近…'),
(131, '110853', '偏偏我卻都記得(限量湖水藍透明膠)', 416, 1480, 5, 19, '環球 UNI', '2024-12-13', '1LP', '2025-06-09 01:11:15', 1, 1, '唱作天后 艾怡良 Eve Ai\n《偏偏我卻都記得》\n2021全創作專輯\n「不放過我們的，永遠都是回憶。」\n艾怡良 懺悔後的吿解\n唱而優則演  金曲金馬雙料肯定\n艾怡良Ｘ陳建騏  全新懺悔之作  與回憶搏鬥的過程\n艾怡良睽於2021年發表之專輯作品《偏偏我卻都記得》。回想起從2018年的《垂直活著，水平留戀著。》深獲各界肯定，〈Forever Young〉也讓艾怡良首獲最佳作曲人殊榮。\n2019和2020則是以不同形式跨足電影界，2019演唱施立導演的《野雀之詩》電影主題曲〈愛比死更寂寞〉令人驚艷，2020年更發表由自己出演女主角並自己創作的電影《我沒有談的那場戀愛》主題曲〈我這個人〉，再度入圍金曲獎最佳作曲人之外，演技與歌曲也雙獲金馬獎入圍肯定，同時入圍最佳新演員和最佳原創電影歌曲獎。〈我這個人〉也一舉奪下金馬獎最佳原創電影歌曲。\n接著，艾怡良即將再從電影女主角身份，回歸創作歌手，2021年交出全新創作專輯《偏偏我卻都記得》，包含〈我這個人〉在內的十一首歌曲，把生活裡的每個部分經過她細心的詮釋後，成為歌曲以音樂形式發表。這次的專輯依舊與熟悉的製作人－陳建騏再度聯手打造，專輯名稱《偏偏我卻都記得》其實並非任一歌名，亦非節錄歌詞，而是以專輯的名稱作為這次意念的「總結」，從這個帶著懺悔的角度，用歌曲一一從回憶裡告解。\n有時候你以為，那些都是愛，其實只是貪。\n「要提起勇氣再愛之前，先好好懺悔。」\n陳建騏：「還是說，多一點是貪，少一點是愛。那麼，嗔顛癡悲鬱憤狂，全都給你。敢不敢？」\n專輯以〈貪〉做為概念單曲先行釋出，詞曲由艾怡良獨自完成，她的文字總是擅長以看似旁觀者的角度描寫主觀意志，那種其實看似不服輸的示弱，正是許多人感情裡無法避免的貪念。有時候愛著一個人，並不是這麼大方到可以把這些愛，輕易地分給別的人事物。延伸到生命裡，對於那種極度希望得到的，其實往往也只得到了一小部分，微乎其微，即使你用盡全力，甚至自不量力。製作人陳建騏在歌曲中除了使用鋼琴、吉他、合成器與大提琴等素材編製出貼合艾怡良意志的編曲，更在作品中加入許多急促的呼吸聲與環境噪音，這些聲響都讓整首歌曲的貪念主題更顯張揚，以〈貪〉作為這次專輯的概念敘述，是艾怡良對自我與世界表達懺悔的方式。\n緊接另一主打〈我多想變成她〉則是再創艾怡良抒情作品新樣貌，動人程度不減，但格局更加寬廣，或許是這樣的，你的愛有多少，就有多少空間置放回憶，好的、壞的、痛的，或是不論多想忘記，但偏偏卻都還記得的。\n艾怡良除了創作旋律的特殊辨識度讓人過耳難忘，文字上其實也屢創佳句，也因為這樣有趣並具辨識度的創作人格建立，許多曲風都可以在詞曲的基礎上圍繞著艾怡良的醇厚嗓音而成立。〈以灰之名〉的直率復古搖滾，是對偏執的敬與恨同時發生。〈聰明〉與〈懷疑論〉的電子猛獸重擊冷感柵欄，抱怨的同時卻還是留一線期待。〈偏愛〉、〈痛感〉與〈早晚〉的都會三部曲講的是從慾望的流動，到無法跨越的鴻溝，再到不求的淡然。〈一個禮拜至少有一天是醒著的〉則是全面性自省，讓雷鬼節奏放下抒情重擔再一肩扛起稚氣。當然也有 〈先過完今天吧〉的微正能量，可能努力過也專注過，這些事都比不上放棄過，過一天是一天。而在去年搭配電影發行的〈我這個人〉其實反而是這張專輯的創作起點，在被發表時就已經確認要收錄進這張新專輯裡，以熟悉的歌曲作結，像是我們不論面對什麼，也或許都是用同樣的方式，熟悉的方式，甚至擅長的方式終結，自私一點無妨。\n〈貪〉MV由影后謝盈萱自選作品主演    動靜皆宜  獻出震撼演技\n比爾賈導演在聽完歌曲〈貪〉後一口答應拍攝，擅長奇幻與抽象風格的詮釋，作品裡許多畫面亮相時都讓大家驚喜。謝盈萱在ＭＶ裡飾演貪心的凡人，即使已經擁有了許多物質滿足，仍然想奪取勸諫者（艾怡良飾演）的智慧，再將其奉獻給神，讓自己成為神選者。最終貪心敵不過智慧與熱情，結局反而乾脆俐落。而且，即使我們想再提起勇氣做以前做錯過的事，前提都是，我們該好好懺悔。', 'A1  以灰之名 / Remains\n「你看見那片旱無歉意的荒原    嚮往著如常兌現　你有過的虧欠」\nA2  聰明 / Clever\n「前提總是決裂　一再重蹈覆轍  哪還夠　去說她的錯」\nA3    貪 / Greediness\n「兩手空空了  卻不見得愛得太收斂」\nA4  我多想變成她 / Forgetful\n「看不清的才遺落自己，是嗎？」\nA5  懷疑論 feat. Dizparity / Skepticism feat. Dizparity\n「一個漂亮臉蛋　毫無誠意  在我這就等於　抽乾了空氣」\nB1   一個禮拜至少有一天是醒著的 feat. 呂士軒／Sober feat. Trout Fresh\n「一個英雄配一個舞群  這是人間　懶得整理」\nB2    偏愛 feat. 9m88 &amp; BCW / Love Taste feat. 9m88 &amp; BCW\n「多少人讚嘆活得自在  想的和做的　卻逃不過暗自傷感」\nB3    先過完今天吧 / Let\'s Call It A Day\n「日子很可怕　但是清醒更可怕」\nB4    痛感 feat. 李玖哲 / Something \'bout you feat. Nicky Lee\n「你要的是愛的感覺　還是被愛」\nB5    早晚 / Being Late\n「到最後我才告解  後悔都知道一些」\nB6    我這個人 / I Missed You（Bonus Track）\n「多成熟我都不能  假裝我很快樂」'),
(132, '110746', 'Just No Other Way', 417, 1418, 5, 19, 'SONY MUSIC', '2025-01-17', '1LP', '2025-06-09 01:11:15', 1, 1, '★CoCo李玟1999年第三張英文專輯，紀念CoCo出道30周年，全新黑膠紀念版本\n★專輯收錄全美告示榜舞曲榜No.49動感傑作 \"Do You Want My Love\"，澳洲排行榜No.29單曲\"Wherever You Go\"，以及收錄於電影\"Runaway Bride落跑新娘 \"原聲帶專輯之單曲\"Before I Fall in Love\"\n★Made In Germany德國壓片製作12吋180g重磅黑膠，33 1/3轉\n此張”Just No Other Way”專輯為CoCo李玟生涯第三張的錄音室專輯，同時也是首張進軍國際市場的雄心之作，專輯由李玟在加拿大溫哥華以及美國洛杉磯兩地製作完成，富有與一般華語音樂專輯不同的動感與能量。單曲「Do You Want My Love」找來來自紐約的嘻哈團體Natural Elements成員A-Butta合唱; 「Wherever you go」更找來Celine Dion, Mariah Carey, Whitney Houston等天后御用葛萊美獎製作人Ric Wake親手打造; 與R&B 福音歌手Kelly Price合唱的中板節奏藍調抒情曲「Can’t Get Over」唱出對愛情逝去的哀愁，專輯中更特別收錄了在「Runaway Bride 落跑新娘」電影原聲帶中挑戰國際市場的作品「Before I Fall In Love」。\n此張”Just No Other Way”英文專輯可以說是CoCo李玟音樂能量的集大成之作，踏出亞洲挑戰國際市場的格局表露無遺，也是華語藝人邁向國際、具有代表意義的指標性音樂作品，在CoCo李玟出道30周年後推出黑膠版本，讓CoCo的音樂繼續以不同形式繼續流傳，讓她對音樂的愛無限延伸。', 'Side A\n01.    Do You Want My Love\n02.    Just No Other Way (To Love Me)\n03.    Can’t Get Over\n04.    Did You Really Love Me\n05.    Before I Fall In Love\n06.    Wherever You Go\nSide B\n01.    I Will Be Your Friend\n02.    All Tied Up In You\n03.    Don’t You Want My Love\n04.    Crazy Ridiculous\n05.    Can We Talk About It\n06.    Do You Want My Love (Kenny Diaz Remix)'),
(133, '110719', 'Sent (彩膠)', 418, 1300, 5, 19, '禾廣娛樂', '2024-11-06', '1LP', '2025-06-09 01:11:15', 1, 1, '【規格】日壓彩膠、重量370g\n和「愛 Sent 時代」共舞，9m88 要用 8 首歌淨化「Sent 男 Sent 女」心中的苦！\n在這個「愛 Sent 時代」裡，我們每天收發上萬條通知，放任手機佈滿紅點，可最快的通訊軟體，也追不上最在乎的那個他。太害怕錯過，太不耐寂寞。明明身處自由表達的年代，卻學會用貼圖拖延尷尬，「笑死」、「愛心」、「哈哈哈」已是學校沒教的社交日常。\n籌備第三張專輯《Sent》時，9m88 遂從「訊息」發想，整理那些藏在備忘錄裡，打完又刪掉的筆記暫存檔。她分享心事，寄出清倉，自癒癒人，只求身心健康。\n《Sent》距離前作《9m88 Radio》僅一年，成全與國際 beatmakers 合作的夢想後，9m88 回歸華語流行本位，再度搭檔 YELLOW黃宣、余佳倫（阿涼）共同製作。創作方式卻不同於往，陸續邀請到——陳綺貞 X 馬念先 X YELLOW黃宣 X 百合花奕碩 X 羅妍婷 X 陳冠亨——齊力訂造數首詞曲；與他們親密連線，一首首逼出自己意料之外的音樂能量。\n【歌曲介紹】\n01 頭髮 Hair\n在愛情裡裝作沒事的我們，其實都很有事。《Sent》的專輯開場曲〈頭髮〉借物抒情，透過髮型的變換，9m88 在內心的小劇場裡梳理著一個人的思念。她低迴沉緩地唱，既渴望對方發現自己「換髮型了」，又期待這段痛苦的關係能似剪髮，俐落地一刀兩斷。此曲少見地以大提琴與低音提琴為編曲主體，拉弓、敲絃皆在呼應歌詞畫面，做出演奏變化。\n02 看向我吧 Look at My Way\n9m88 與多次奪下金音獎「最佳爵士專輯獎」的羅妍婷共同創作，兩位爵士女孩，善用長笛、單簧管等木管樂器的溫暖質地，唱出人們眼底的光與希望。這首為「眼動童書」創作的繪本主題曲，揣摩著孩童般的聽感，以及 88 式的招牌動感，有公益的期待，也有繽紛的和弦魔力，直到歌曲尾聲，迸發出艷放的七彩和聲。\n03 足久無見 Tsiok Kú Bô Kìnn\n「足久無見／感覺敢會散去？」9m88 首支台語「驚」曲，由百合花樂團的奕碩創作，當暈船北管遇上 disco-funk，二十一世紀的舞女拒絕「暗暗流著目屎」。她提著紅白塑膠袋上街，把拖鞋當高跟鞋踩，悲哀立刻要鬧，受傷立刻要叫，若能止痛，也不怕表現地莫名其妙。我就問你：「我的心意／敢是囥佇糞埽訊息？」\n04 決定不想你 Sent\n決定不想你，是我遺忘太久的權利，卸下負累的過去，在自由空氣裡，我重建自己。〈決定不想你〉是陳綺貞聆聽 9m88 的生命經歷後交出的作品，因為詞曲太貼合 9m88 的真實心境，讓她在配唱時一度淚灑錄音室裡。收回我的心，不再被誰佔據，僅搭著一把吉他編曲，9m88 在這首歌裡卸下武裝，更顯堅強無比。\n05 野獸派 Fauvism\n若你邀請提姆波頓在萬聖節重新執導《荒野大鏢客》，便會拍出這一首歌。由 YELLOW黃宣與 9m88 合寫的〈野獸派〉，釣出 9m88 心中最張狂的那面，demo 原名〈Ready to die?〉，編曲詭譎卻不可怕，歌曲長度 4 分 44 秒，恰是「相信直覺」的天使數字，暗示著你只要信念堅定，再怪狀的幽魂都干擾不了你。\n06 若我告訴你我愛的只是你 What If?\n翻唱自張雨生在 1997 年的經典歌曲，9m88 讓他的神魂與當代爵士樂手相遇，除了首度合作的紐約日籍小號、薩克斯風手，黒田卓也（Takuya Kuroda）先生，還包括：編曲人兼貝斯手藤井俊充、鋼琴手曾增譯、鼓手黃子瑜。精彩的演奏火花與和聲，預備為每一個消沉的早晨醒神，提醒我們愛的你，「就是你獨一不二的你」。\n07 Frenemy\n〈你朝我的方向走來〉大馬小芭雙拍檔再聚首，馬念先與 9m88 共譜的〈Frenemy〉，以「亦敵亦友」的關係為主題。音樂復刻九〇年代 Babyface、惠妮休斯頓全盛時期的節奏藍調金曲，歌詞卻藏著 2000 年前後的台灣青春記憶，KTV 裡的左右為難，同學間的交換日記，像名為 Y2K 的洋蔥撥開，意圖讓人在留言區落下時代的眼淚。\n08 夏天妳要離開我了 Farewell Summer\n專輯最後一首收錄的歌曲，也是唯一一首由 9m88 獨立完成詞曲的歌。呼應 10 月專輯發行入秋，告別夏天的換季氣氛，輕鬆的巴薩諾瓦（bossa nova）吉他、鋼琴，輪轉風水命運，不吉不凶，愛恨情仇都隨風，話題曬乾沉入深深的腦海中。據悉，9m88 堅持第二人稱要以女部的「妳」標示夏天，若想知道原因，不妨找機會有禮貌地詢問她。', '01 頭髮 Hair\n02 看向我吧 Look at My Way\n03 足久無見 Tsiok Kú Bô Kìnn\n04 決定不想你 Sent\n05 野獸派 Fauvism\n06 若我告訴你我愛的只是你 What If?\n07 Frenemy\n08 夏天妳要離開我了 Farewell Summer'),
(134, '110616', 'BOOMERANG', 419, 1000, 5, 19, '滾石 ROCK', '2024-10-18', '1LP', '2025-06-09 01:11:15', 1, 1, '孫盛希第六張創作專輯\n《Boomerang》\n「生命是一連串的投擲與迴響\n你越用力放下的 只會更加反彈」\n「Boomerang」是社群世代大家口中的「動動」，也早在200年前就被記錄成打獵或運動娛樂使用的「迴力鏢」，迴旋的具體意象，令人聯想到行動與省思，於是又引申出「自食其果」的意義。\n孫盛希：「這張專輯可以說是人生最長期的檢討。」\n睽違3年再度出輯，專輯命名為《Boomerang》來自一個明確的動機，孫盛希在這段時間來回反思與他人的互動關係、觀照自身的改變，深刻察覺「現在」，都來自過往的「投擲」。所有的選擇、判斷、作為，都會一次一次地產生迴響，回望著過去的此刻，也正在為未來留下新的殘影。消磨有時，積累有時，然而，當你貌似明白獲得與失去是怎麼一回事，又會在殷切期盼中無妄落空；在終於鬆弛的那刻被猝不及防地狠狠一擊。反芻著那些新的體悟和舊的傷疤，卻依然指向你自己。\n孫盛希首度擔綱企製統籌，視聽一體全面包辦\nKIRE X Alex Colours X Karencici X U:NUS高有翔\n高維綸 X 陳君豪 X 彭柏邑 X 賴暐哲\n葛萊美最佳唱片包裝設計獲獎設計師 于薇 操刀專輯裝幀\n曾與Rihanna、Sia合作的母帶工程師 Will Quinnell 打磨專輯母帶\n中韓英3語歌詞各顯性格 擴展國際市場版圖\n10種節奏 定義最動感的失落 堆疊一場靈魂拷問\n不同於過去作品，《Boomerang》是一張沒有抒情慢歌的專輯，而是在孫盛希獨有的R&B靈魂中融合了House、Synth Pop、Reggaeton等風格，充滿大量電子元素，並在歌曲中巧玩節拍。孫盛希坦言：「歌曲含有很多的掙扎，原本想像編曲方向都會是再黯淡一點，但做完整張反而有很多的節奏。」就像是在釐清矛盾的心理過程總是亂中有其序，跟上曲中奔走不一的節奏，重新詮釋情緒動態的邊界。\n專輯視覺邀請新生代導演Psychobaby Gill擔任視覺顧問，以深諳流行元素的眼光與專業的影像敘事背景，協作企劃專輯的動靜態拍攝。專輯內頁影像交由時尚攝影師Debbie Kuo掌鏡，擅長以清透光影襯托人物面貌的她，在秉持純粹的肖像拍攝，將最貼近孫盛希本體的氣息，凝結在每一幀照片中。\n最後交由曾獲葛萊美最佳包裝設計獎的潛力設計師于薇，負責完成裝幀設計。黑色外封如黑洞般包羅一切，在封底精緻還原迴力鏢的輪廓，還保留了貫穿MV的紅色元素；而內頁採用特殊紙材，結合各自埋藏伏筆的圖像，讓翻閱專輯的過程成為另一場探索。\n接續釋出的音樂錄影帶也是完整專輯概念的重要環節，8支MV集結5位導演：一盞 EthanYIJAN、林君樺 Psychobaby Gill、李佳樺 Dr.Leonardo、Timothy、彭道森 Dawson Pon，以各自迥異的視角，打造出契合歌曲情感精髓的動態影像。每個故事各自獨立，也相互呼應，讓《Boomerang》完成一次視聽俱全的迴旋。\n歌曲介紹／\n《Boomerang》巡禮生命軌跡，對自己誠實是第一步。先是揭露那些說不出口的自我；坦誠面對慾望與擔憂；連續的碰撞中逐漸清楚自己不可逾越的底線；也經驗過世界化為灰階的晦暗。縱使耗費比較長的時間，卻沒有絲毫浪費分秒，每一次的迴繞，都是為了更靠近自己的內心，也更走向他人。\nA1. INFP\n成為自己，好不容易，取悅自己，必須用力。孫盛希第六張創作專輯首波主打MBTI單曲〈INFP〉，屬於調停者類型的孫盛希，以全新切面介紹自己，也譜寫INFP人格難以傾訴的黑暗告白。歌詞中的藏頭詩如呢喃細語，拼湊出倖存後的無力感；整首歌的旋律和編曲承載了一切不可預測的情緒曲線，聽得到多少變奏，就有多少的洶湧，等著被撫慰。\nA2. Unwind\n慾望賦予你生命力，生存的自信卻將你蒙蔽，無視眼前偌大的警訊。〈Unwind〉是孫盛希與KIRE的共同創作，英文佔主要篇幅的歌詞中，兩句縝密嵌入的韓文成亮點，經過孫盛希極具敘事性的聲線詮釋，貼切勾勒出極度渴望著彼此的激烈追求。Synth pop 不間斷的躁動聲響是甜蜜的陷入，使聽者迷走在急促節奏，感覺自己在奔馳的快感中被重新定義，卻忽視腎上腺素的飆升讓你亂了心律。結局展開前，誰會知道，拋下一切的後果是慌亂的潰堤，還是不敢奢望的烏托邦？\nA3. jagi (feat. KIRE)\n這份愛需要你的勇敢，等「愛過了」，我們再來後悔好不好？孫盛希化身戀愛女神，搭檔時尚性感音樂人KIRE，一首雙人唱跳放電系單曲，發動助攻追愛男女的戀愛電波。〈jagi〉融合Reggaeton，曲風挾帶拉丁美洲的熱帶性感節奏，加上夢幻甜美的弦樂、鋼琴及合成音色，歌詞洗腦，成形略有K-POP特色的歌曲；「jagi」是韓文中的「寶貝」、「親愛的」，情侶限定的親暱稱呼，這也是孫盛希首次在作品放入中、韓、英歌詞，是為兩人風格融合、審美獨到的默契之作。\nA4. Bounce\n煩惱無限的人生，有限的快樂一點也不過分。孫盛希再度攜手時尚性感音樂人KIRE，打造「直覺舞曲」，掃除矛盾絕對解熱，帶你拋開大腦、浸泡直覺裡。中韓英三語歌詞交織，像是3種快樂因子伴隨節奏雀躍跳動。〈Bounce〉唱跳大勢House-Pop曲風，希式抒情佐韓文饒唱如融化冰淇淋消暑又解饞，稍縱即逝的快樂都必須把握！Groove it，現在就是我們擁有的一切！\nA5. Try (feat. Alex Colours)\n有一種愛人的方式，不去問值不值得，因為在未來，你或許再也不會如此痴狂地深愛著一個人。受歷史悠久的法國坎城唱片展 Midem邀請，孫盛希加入串連國際音樂人的線上創作營，與來自法國的Alex Colours、瑞典的Niclas Lundin展開合作。〈Try〉完美結合歐陸電子流行樂大幅度跳躍的節奏感，與華語音樂對情感細緻巧妙的心境描寫，韻律感流暢的魔性Hook「Try～Try～Try～」，經過金曲製作人陳君豪操刀編曲後，層次提味昇華，調和華語與西洋音樂的聽感平衡。「不要太快放棄一段美好關係的可能，感覺對了就值得你一再試。」是孫盛希想透過這首歌傳達的核心概念。\nB1. Adddicted (feat. Karencici)\n愛昏頭解藥難找，還好有閨蜜在線，陪你一起罵，為你全力應援。實現粉絲願望，孫盛希合體潮流女聲Karencici，深夜聊天寫成歌，暢聊無法抗拒的吸引力，超直白成癮告解，就怕被「他」聽到。〈Adddicted〉由孫盛希和新銳製作人彭柏邑 Boiii P為歌曲輪廓打底，加入Karencici態度滿點的歌詞與靈魂演唱，兩種女聲完成一首真性情又具活力的療傷舞曲。整首歌編曲層次豐富，帶點復古不忘時髦，電吉他、貝斯，還有合成器在軌道上各顯奇技，好似聽見女孩不斷冒泡的內心小劇場，又甜又酸，明知有毒，就是無法自拔。\nB2. Judge Me\n「You can judge me, but please don’t leave me」，親近之人的質疑總是最難過，也是最不忍懈怠。在爭執臨界點寫下的〈Judge Me〉，是善感的抱怨，也是脆弱的懇求。EP和synth pad的音色營造出的懸疑感，像是猜忌彼此的壞念頭，總不知道它們什麼時候會冒出頭來，成為引誘對方離去的餌。「別讓這關係瞬間變成回憶」一語道盡心底最深的殷盼。\nB3. TMT (feat. U:NUS高有翔)\n〈TMT〉是孫盛希攜手U:NUS高有翔及製作人彭柏邑Boiii P的首度合作，歌名取自“Too Many Times”的縮寫，點出關係裡經歷太多反覆折騰，無從解套的困境。由清脆縈繞的電吉他鋪墊主旋律，乍聽慵懶睏倦，仔細品味歌詞，會發現這是消化痛楚後，才能娓娓道來的一根事後菸。孫盛希在唱詞之間韻存的空氣感，和U:NUS高有翔淡漠的聲線，都自證著過境的激情，不過是一片灰燼。誰會想到感情滿溢而留下的痕跡，都是此刻陣痛不止的前兆，一刺一刺攻回心房。\nB4. Bullet\n終於，可以卸下勉強的微笑，不必再用力攔住墜落的衝動。〈Bullet〉由饒舌怪才張伍和孫盛希填詞，一字一句都是極致的空寂落寞，沉重的節奏下，孫盛希唱得從容淡然，儘管嗓音的力道不減，情緒卻是低靡消沈。最低潮的虛無感無法下嚥，它的龐大迫使我們放下曾經的依戀執著，徹底逃離就是唯一的慰藉。要是已經努力活過，卻成了千瘡百孔的樣子，就不會再感到痛，也不覺得遺憾。\nB5. 清醒夢 Lucid Dream\n聽說當愛情離開時，我們才能一次次拼湊出自己在愛情裡的模樣，與坦承對愛真正的渴求，〈清醒夢〉是一首孫盛希赤誠無比的獨白，不同力道的聲線詮釋，心中無聲的吶喊，盪漾在現實與夢境之間，與製作人賴暐哲、作詞人楊彤共同創作的〈清醒夢〉，在自己與他人的夢境間穿梭，等待宣洩祕密後，折返的那一句句回聲。尾奏呼應著前奏，是一次次不停輪迴的矛盾，主歌與副歌，是內在理性與瘋狂的辯論過程，試著接受每一刻的變動，因為轉瞬間可能，我又推翻了自己，離開操控夢中的情節，活著真實的自己。\n黑膠內容物：\n1. 黑膠\n2. 寫真內頁\n3. 隨機簽名小卡', 'A Side\n1. INFP\n2. Unwind\n3. jagi (feat. KIRE)\n4. Bounce\n5. Try (feat. Alex Colours)\nB side\n1. Adddicted (feat. Karencici)\n2. Judge Me\n3. TMT (feat. U:NUS高有翔)\n4. Bullet\n5. 清醒夢 Lucid Dream'),
(135, '110488', '從心愛你', 420, 1000, 5, 19, '滾石 ROCK', '2024-12-13', '1LP', '2025-06-09 01:11:15', 1, 1, '1992，從心愛你！\n2024，重新愛你！\n讓你聽見黃鶯鶯，最真摯的聲音\n她選擇一顆童心，獻給你最單純的感動\n她選擇一顆生活的心，讓你能更接近自己\n從 TRACY自在的心中，她獻給你最真摯的愛\n從心愛你……\n沒有繁複的文字\n也沒有炫人耳目的哲學\n我們只想在種種光彩奪目的生活中\n找到一個更單純的心境\n在一個新而未知的溫馨世界裡\n我們覺得無比愉快\n似乎 沒有什麼不能做的\n是的 我們從此坦誠相待\n世界上還有好多好多的故事才剛開始\n只希望我們都能繼續以最初的那份\n單純、自在的心…\n在未來，去分享更多的故事、聲音與愛\n。原始母帶製作\n。東洋唱片壓製\n。180g\n。限量發行', 'A Side\nA1.For Love    2\'00\"\nA2.是否真愛我    4\'01\"\nA3.倆個人的事    4\'11\"\nA4.我喜歡你    5\'16\"\nA5.Honey    4\'19\"\nA6.有關昨晚    5\'27\"\nB side\nB1.手邊的咖啡 6\'07\"\nB2.討你歡心 4\'14\"\nB3.逛街   4\'23\"\nB4.拿心來疼  4\'57\"\nB5.同在一個城市之中 3\'56\"\nB6.For Dream 1\'27\"'),
(136, '110436', '平凡', 421, 1000, 5, 19, '滾石 ROCK', '2024-10-01', '1LP', '2025-06-09 01:11:15', 1, 1, '黃韻玲最新專輯《平凡》是你最獨特的選擇\n平凡，是黃韻玲表裡如一的固執\n音樂，是黃韻玲多情善變的執著\n她與眾不同\n和你一樣\n。原始母帶製作\n。東洋唱片生產\n。180g\n。限量發行', 'A Side\nA1.關不掉的收音機 3\'36\"\nA2聽一首傷心的歌 4\'34\"\nA3.寫信給你 4\'10\"\nA4.笑話    2\'59\"\nA5.事情本來就是這樣 2\'25\"\nB side\nB1.三個人的晚餐 4\'17\"\nB2.胡思亂想 3\'29\"\nB3.遠方 3\'42\"\nB4.Formosa 4\'34\"\nB5.繼續 1\'51\"'),
(137, '110420', '神的孩子都在跳舞', 422, 1000, 5, 20, '滾石 ROCK', '2024-12-27', '1LP', '2025-06-09 01:11:15', 1, 1, '。原始母帶製作\n。德國Optimal刻片、壓片\n。限量發行\n。12吋圖片膠\n絕對要推薦！\n超音速飆爆220BPM 五月天主義的最絕對表態\n第一次全員創作到齊 五月天種族最堅持的十三首原創密碼公開\n★倔強★\n--五月天主義的最絕對態度，五月天種族的最音樂堅持。\n--英式搖滾曲風倔強流竄【飄一代】的血液，美式搖滾音色倔強表態【我這國】的神情。\n--五月天倔強繼\"憨人\"之後，最不妥協五月天夢想交響樂！\n★孫悟空★\n--怪獸騰雲駕霧創作飆曲＋阿信七十二變狂想作詞。\n--神祕主義曲風前導，帶出音樂中的飛翔感與異次元時空。\n--匪夷所思的新世紀嘻遊記反諷現實造化，第五張五月天最爽快的第一首搖滾神話。', 'A Side\nA Side\nA1.孫悟空 4\'12\"\nA2.倔強    4\'21\"\nA3.垃圾車 4\'16\"\nA4.小護士 2\'43\"\nA5.讓我照顧你 3\'59\"\nA6.約翰藍儂 3\'25\"\nB Side\nB1.回來吧 4\'30\"\nB2.錯錯錯 3\'44\"\nB3.晚安 地球人 4\'08\"\nB4.超人    4\'29\"\nB5.神的孩子都在跳舞 0\'38\"\nB6.聖誕夜驚魂 2\'43\"\nB7.垃圾車(朋友版) 4\'03\"'),
(138, '110398', '你在我心上 30周年紀念專輯 (紅黑大理石紋彩膠)', 417, 1658, 5, 19, 'SONY MUSIC', '2024-09-27', '1LP', '2025-06-09 01:11:15', 1, 1, '★CoCo李玟 《Always On My Mind》 經典翻唱專輯，紅黑大理石紋彩膠紀念版\n★Made In Germany德國壓片製作180g重磅彩膠，33 1/3轉\n收錄8首CoCo李玟親自監製摯愛金曲 堅持高品質錄音製作\n對音樂、對家庭、對歌迷們的愛 CoCo李玟永遠放在心上\n2024年是CoCo李玟出道30周年，雖然她已離開我們，對她的思念及追想從未間斷，粉絲也衷心期盼可以聽見更多CoCo未曾釋出的作品。就在今年，CoCo生前已錄製完畢的經典翻唱歌曲錄音，集結成專輯《Always On My Mind》出版 。\n這些經典歌曲是由CoCo自己親任監製，從2016年開始陸續製作，CoCo挑選自己與家人喜愛的歌、抒發自己心情的歌，以及對當代有深刻影響的經典歌曲，以自己的想法重新詮釋，從近40首預選歌單中進行討論、試唱，最終濃縮出8首完成品。CoCo很清楚這些老歌原本的曲風與背後故事，每一首她都用了很多心血去加入創意重新編排跟領悟歌詞的故事。歌單有抒情經典「夜夜夜夜」、「我真的受傷了」、「你怎麼捨得我難過」，CoCo兒時在香港長大喜歡的粵語歌「疾風」，CoCo媽媽的偶像貓王代表歌曲「Always On My Mind」，與大姊Carol合唱「遇見」、二姊Nancy合唱「IF」，以及三姐妹一起合唱的「珍惜今天(When Will I See You Again)」。\n在音樂製作方面，CoCo邀請到香港資深音樂製作大師趙增熹合作，作為主唱和額外編曲的製作人，錄製大部分的弦樂及部分樂器如銅管樂、打擊樂、鼓等。 CoCo對自己的作品有很高的要求，總是盡量將音樂品質推向極致，在製作這張專輯時不改初衷，以音響發燒片的錄音水準進行錄製，編曲也是與專業音樂家一起錄製大部分樂器，而不是使用電腦midi編程，希望可以做出非常高品質的錄音，讓CoCo的歌聲與真實樂器的聲響共舞，如果用有質感的Hi-Fi高傳真播放系統，都可以聽得出每一顆音的細節。\nCoCo製作這張專輯，不僅是為了自己，也是為了她的家人，正如專輯名稱《Always On My Mind》 ，對音樂、對家庭、對歌迷們的愛，CoCo總是一直放在心上，藉由這張專輯的音樂與歌聲，CoCo李玟將這份愛永遠留在這世界，送給每一位愛她的人，讓愛無限傳遞。\n[歌曲介紹]\n1. Always On My Mind\n「Always On My Mind」是CoCo媽媽的偶像貓王唱紅的經典歌曲，事母至孝的CoCo曾經在母親節發文說「媽媽就是我的世界(My mom is the world to me)」，在選曲時也選了媽媽的最愛來表達心聲。這首1972年發行的歌曲原是貓王與前妻仳離之後推出，歌詞中表達「失去後才知道珍惜」的深情與遺憾：也許我沒有時刻陪伴在你身旁，或是即時表達我的愛，但是你永遠在我心上。CoCo李玟演唱的版本將曲速放慢，以她自然到有如融入呼吸的R&B轉音，聲線從輕柔吟唱到高亢訴情，隨情緒蕩漾流轉，傾訴她心中的滿滿的愛與牽掛之情，精彩卻不流於炫技，深刻展現她Diva天后的演唱功力，與她想要傳達的心聲。\n2. 你怎麼捨得我難過\n1990年首度出版的「你怎麼捨得我難過」是流行K歌經典，原曲是慢板抒情歌，CoCo李玟將它改成輕快爵士曲風來詮釋，沖淡原曲的悲情感，「你怎麼捨得我難過」的詢問不再是悲痛沈重，而是帶著CoCo的陽光與自信態度，不卑不亢的表達出內心思念與牽掛。\n3. 我真的受傷了\n張學友原唱，CoCo李玟以big band輕爵士的形式改編，CoCo與生俱來的甜美音色歌聲中融合了期待、落空、脆弱、嬌嗔等複雜多重情緒表現，節拍自由多變的演唱方式，搭配鋼琴、弦樂、管樂器豐富而多層次的編曲，將這首歌唱出截然不同的韻味。\n4. 夜夜夜夜\n齊秦的代表作品之一，CoCo李玟的版本只以鋼琴伴奏，卻將歌聲張力拉到最大，從一開始的呢喃細語漸漸堆疊情緒，中段間奏之後釋放情緒盡情飆高音，最後再收回到淡然，細膩無比的情緒轉換收放控制，CoCo唱出了教科書等級的Diva歌后演唱功力展現。\n5. 珍惜今天(When Will I See You Again) 演唱: CoCo Lee李玟, Nancy Lee李思林, Carol lee 李秋林\n在2024年6月15日CoCo李玟出道30周年紀念日當天，「珍惜今天(When Will I See You Again)」已搶先釋出，這首歌是由Carol李秋林 & Nancy李思林 & CoCo李玟三姐妹一起合唱，CoCo邀請作詞人易家揚老師填上中文歌詞翻唱。這也是繼1997年「我的翅膀」之後，李家三位姐妹再度充滿互相支持陪伴的真摯正能量合唱。CoCo當時選這首歌，是希望在每一次演唱會跟歌迷說再見時，能有一首溫馨快樂的歌作為結尾，這首珍惜今天的歌詞就是這樣形容的：珍惜現在的每一刻，用音樂連繫你我，期盼再次相見。\n6. 疾風(粵)\n「疾風」是香港80年代實力偶像歌手陳百強的名曲，也是兒時在香港長大的CoCo李玟喜愛的粵語歌曲。原曲以熱鬧歡快的拉丁曲風，搭配正向積極、勇往直前的歌詞，而CoCo也有一首熱力四射的拉丁舞曲經典「真情人」，當時她的電動馬達臀也成為標誌性舞蹈掀起一陣熱潮。CoCo版本的「疾風」保留了拉丁節奏，唱出她一直以來總是帶給大家的熱情與正向的能量。\n7. 遇見 演唱: CoCo Lee李玟, Carol lee 李秋林\n孫燕姿代表作之一，CoCo李玟與大姐Carol李秋林合唱，兩人溫暖的歌聲和音，攜手唱出對愛的期盼與希望。\n8. If 演唱: CoCo Lee李玟, Nancy Lee李思林\nCoCo李玟與二姐Nancy李思林合唱英文老歌，優美的弦樂線條襯托純淨的二重唱合聲，讓聽者有如乘著歌聲一起飛上雲端仙境，迎向充滿愛與光的天際。', 'Side A\n1. Always On My Mind\n2. 你怎麼捨得我難過\n3. 我真的受傷了\n4. 夜夜夜夜\nSide B\n5. 珍惜今天 演唱: CoCo Lee李玟, Nancy Lee李思林, Carol lee 李秋林\n6. 疾風(粵)\n7. 遇見 演唱: CoCo Lee 李玟, Carol Lee李秋林\n8. If 演唱: CoCo Lee李玟, Nancy Lee李思林');
INSERT INTO `vinyl` (`id`, `shs_id`, `title`, `author_id`, `price`, `genre_id`, `gender_id`, `company`, `release_date`, `format`, `create_date`, `stock`, `status_id`, `desc_text`, `playlist`) VALUES
(139, '110364', '周蕙-25 精選雙彩膠', 423, 1000, 5, 19, '華研國際', NULL, '2LP', '2025-06-09 01:11:15', 1, 1, '走過泥濘 迎接花開\n周蕙美聲觸動樂壇25週年\n首度跨廠牌唯一精選2LP  20首經典主打原聲收藏\n跨廠牌雙彩膠旗艦盤  重磅重現周蕙經典金曲\n德國原廠壓片限量生產\n煦日黃×花瓣粉 雙彩膠花開美好\n周蕙與你約定的25週年，紀念《25》雙彩膠相伴花開美好\n2024年是周蕙出道第25週年，一路走過不同景色，周蕙初心始終不變。周蕙在眾歌迷期盼之下更首度唱進北流舉辦《25》週年演唱會，現場滿場觀眾如約而至，共同見證了周蕙25年來經典中的經典！在這別具意義的時刻，周蕙籌備多時的《25》雙彩膠終於公開，以迎接花開美好姿態的全新系列視覺亮相，將20首金曲以高規格的珍藏限量形式與你相伴，一張出道至今最經典的跨廠牌旗艦盤，2024必須收藏的雙彩膠精選。\n橫跨1999～2024全時期金曲，首次跨廠牌精選原聲收錄\n1999年是開啟周蕙時代的起點，2024她一如初衷地唱著一首首伴你生命往前的歌曲；25年了，大家終於等到她首次的「跨廠牌」《25》雙彩膠精選，周蕙和團隊經過反覆思考，最後忍痛刪減終於挑出20首最能代表周蕙時代的經典歌曲，包含〈約定〉、〈不想讓你知道〉、〈好想好好愛你〉、〈寂寞城市〉、〈守約〉、〈不愛了也是一種愛〉、〈我看見的世界〉、〈彎彎的月光〉...等曲目，以原聲完整收錄，並由德國原廠壓片限量生產。\n驚喜彩蛋，唯一收藏！周蕙親筆手寫20首歌詞\n《25》2LP以煦日黃×花瓣粉實體雙彩膠呈現，視覺設計充滿巧思，金曲裝幀設計師畢展熒以春暖花開的煦煦能量貫穿設計，攝影大師蘇益良的鏡頭，也完美捕捉周蕙現階段最舒心自在的姿態。而專輯中最驚喜的彩蛋，是周蕙出道以來首次的親筆手寫歌詞，她不斷琢磨細節筆跡，一一將20首歌像是本音樂日記又或是感謝的情書般寫下，在迎來花開美好的此時此刻，更加意義非凡。\n周蕙《25》精選雙彩膠規格\n●180g／12吋／33⅓轉 重磅彩膠壓碟\n●Made In Germany 德國Optimal Media 原廠壓片限量生產', 'LP1.\n1.    不想讓你知道\n2.    約定\n3.    風鈴\n4.    好想好好愛你\n5.    事到如今\n6.    話題\n7.    相遇太早\n8.    體溫\n9.    寂寞城市\n10.    愛情無關是非\nLP2.\n1.    最愛\n2.    守約\n3.    不愛了也是一種愛\n4.    我看見的世界\n5.    美好生活\n6.    當歸\n7.    為自己而自己\n8.    彎彎的月光\n9.    千千萬萬個你\n10.    釀月光'),
(140, '110256', '不完全自救手冊(白色彩膠)', 424, 1790, 5, 20, '禾廣娛樂', '2024-08-20', '2LP', '2025-06-09 01:11:15', 1, 1, '專輯介紹\n這不是一本使用手冊，是一本導覽手冊。\n帶你導覽11種看似日常的異常。\n這些異常，卻又如實反映著許多人心裡的日常。\n《不完全自救手冊》是製作人荒井十一繼2020年推出《不完美人生指南》後，發佈的第二個限定合作音樂企劃專輯。邀集了 29 組音樂人配對合作，以音樂寫下 11 段題旨各異的自救歷程。共同響應的音樂人，除了好久不見的林憶蓮、驚喜獻聲的王心淩，更有許多台前幕後的金曲獎常客，橫跨演唱、創作、製作領域。以及2024金曲獎多項入圍的許鈞、裘德、蘇運瑩...等人都在其中，與意想不到的音樂人共同創作，寫下人生中需要自救的片刻。也許這 11 首歌曲，救不了你的人生，但至少你知道，在這條自救的路上不是只有你一個人。\n藝人介紹\n-    6位金獎製作人聯手製作\n荒井十一、陳珊妮、陳建騏、五月天瑪莎、鄭楠、秦四風\n-    29組音樂人聯名參與\n林憶蓮、王心淩、HUSH、黃綺珊、蘇運瑩、許鈞、裘徳、王菀之、陳綺貞、康士坦的變化球、曾國宏 (落日飛車)、洪佩瑜、周雲蓬、李銖銜 James Lee、Ice paper、李吉吉 (Project Ace) 、KAFE.HU 咖啡胡、三隻狗、圖靈音樂實驗室、Von Citizen、王OK、JIHU、張羽涵 Leezi...\n產品包裝介紹\n《不完全自救手冊》收藏版雙膠盤，由三金設計師方序中「究方社」操刀設計，邀來知名3D設計龔爰合作，一同解構各個自救主題，重新以展品的方式呈現，再將它們收納於專輯中。就像是一本導覽手冊，帶你探究每首歌曲背後的自救故事。\n曲目介紹\n01. 是你治癒了我的孤單\n林憶蓮與鄭楠首次合作單曲。如同林憶蓮所說：「與其說是新歌，倒寧願這是一種陪伴。」兩人對於「愛」的想法，就是不求回報地去付出、去陪伴，就能治癒自己心裡的孤單。就像一朵輕柔的雲，總能給予撫慰的力量。\n02. 漫無\n陳珊妮、張羽涵 Leezi 跨世代、跨地域，甚至跨越價值觀的交流。在躺平已經成為一門顯學的時代，陳珊妮仍然可以在想漫無目的躺平的無力感中，為 Leezi 找到前進的動力。就算是選擇躺平，也可以為自己留下一點什麼。\n03. Phone人院\n王心淩、李吉吉、咖啡胡，三個風格各異的音樂指標，從各自不同的面向，來看科技帶給生活的便利與焦慮。這世界雖然變得有點瘋，太多碎片化的資訊讓人無法消化，但既然無法擊敗它，還是選擇加入它吧。\n04. Fall\nJames 李銖銜在 Von Citizen 的重金屬搖滾中，得以將自己的人生故事吶喊宣洩。王菀之的加入則成為穿透其中的光，讓無限墜落的情緒，得到一點輕盈向上的力量。發洩後更知道生命的韌性，可能遠超過我們所能想像。\n05. F U\n許鈞、荒井十一、克昶，三位音樂工作夥伴打破既定合作關係組成樂隊，化身「三隻狗」對於生活中太多使人焦慮的事情，來一次不吐不快。即使吐完之後，才發現那些螞蟻般大小的煩惱，其實都是自己過度膨脹的問題。\n06. 開關\n蘇運瑩加入 Ice Paper 的音樂寓言故事。兩人在電子合成器鼓點的節奏中，開啟對於日復一日程式般生活的思辨。如果能掌握改變現狀的開關，即使另一頭充滿未知，即使終將無法逃脫。有沒有勇氣，為自己做出選擇？\n07. 冰\n在康士坦的變化球標誌性的音樂行進中，陳綺貞填上了又美又痛的歌詞，加上裘德突破格局的演唱方式，堪稱三方完美聯動。面對「冰」註定的消逝，太多歌曲教人放下，但能夠擁抱美好到最後一秒，即使痛，也絕不是徒勞無功。\n08. 另外一個夢想\nHUSH、國國以及瑪莎，分享彼此對於工作、音樂、旅行和生活的熱情與消磨。在感覺麻木，身心都生鏽的時候，這首歌就像是藏在內心深處，未曾實現過的另外一個夢想，不斷跳出來，問著自己「你好嗎？」你會怎麼回答呢？\n09. 閃念\n周雲蓬以苦痛為題，落筆寫下「閃念」，在圖靈音樂實驗室的手中，卻有了西洋巴羅克的古典樂包裝。周老師說「苦痛是人生的常態」，有些苦痛，可以隨時間寄存在那個時空中。而能夠苦中作樂，總有一天會春暖花開。\n10. 這條小魚在乎\n王OK、洪佩瑜，這兩位當代最溫暖的女中音，在製作人陳建騏的設計下，以完美合聲的自我對話形式，講述現代人常自我感覺不良好的內耗情結。只要這條小魚能在乎自己在乎的事，不管是大海，或是魚缸，沒有什麼能將她泅困。\n11. 終自由\n黃綺珊、秦四風的「小霞」班底，遇上彝族獨立音樂人JIHU。以極微的開場，堆疊至激昂的收尾，講述在關係中面對的溝通問題，最終獲得自由的答案還是在自己身上。因為面對他人，我們僅看見片面的對方，卻有一覽無遺的自己。', 'LP1\nA面\n01. 是你治癒了我的孤單 03:21\n02. 漫無03:04\n03.Phone人院03:24\n04.Fall（墜落）04:14\nB面\n05.F U（乏力的時刻喲）05:05\n06.開關05:17\n07.冰04:16\nLP2\nC面\n08.另外一個夢想05:53\n09.閃念04:23\n10.這條小魚在乎04:31\n11.終自由05:03\nTotal  48：31'),
(141, '110151', '往天涯的盡頭單飛', 425, 1299, 5, 20, '滾石 ROCK', '2024-10-18', '1LP', '2025-06-09 01:11:15', 1, 1, '。原始母帶製作\n。英國Abbey Road Studios刻片\n。東洋化成壓製  180g\n。限量發行\n王新蓮在20歲時，被朋友抓去參加金韻獎，演唱「風中的早晨」。22、23歲在PUB演唱，並開始寫歌﹔24歲加盟「巨將」，出版「不要太多」專輯﹔25歲到滾石，製作過「回聲」、「潘越雲金曲精選」、「你愛我嗎」(張艾嘉專輯)、「快樂天堂」等許多受歡迎的專輯。鄭華娟則是在17歲時，參加了金韻獎。20歲考進中國卡通製作公司，編導過警政署的宣導短片。21歲時，李宗盛邀請她為鄭怡專輯寫歌，不久，寶麗金欣賞她的才華，力邀她錄製專輯－「求職」。23歲時，開始加盟「滾石」，參與梁銘越「中國冥想音樂」製作，並為潘越雲等人寫歌。由她們的經歷裡可發現，參加「金韻獎」以及到「滾石」是一個共同的交接點。\n「往天涯的盡頭單飛」就是王新蓮和鄭華娟這兩個勇敢又自然的女孩，在離開之前的最後一次合作。她們以多年的相知經驗共同譜曲，共同演唱，融入她們過去旅行的經驗和情感，唱出告別的心情和衝刺的喜悅。她們主張「自然」是因為自然難求，她們離開城市是因為難以呼吸。她們從墾丁到巴黎，從「回聲」到「快樂天堂」的種種經驗，都促使這張告別作擁有最大的視野和胸襟。你在入暑之前的六月，不論將要畢業還是聯考，「往天涯的盡頭單飛」都提供你一次與自然一同遨翔的經驗。', 'A Side\nA1.往天涯的盡頭單飛 4\'56\"\nA2.想著你 想著我 4\'20\"\nA3.時差    4\'49\"\nA4.我的你 5\'13\"\nA5.因為有愛 4\'29\"\nB side\nB1.啦啦歌 4\'01\"\nB2.祝福我 3\'25\"\nB3.夜裡的火車 3\'21\"\nB4.許願池 3\'50\"\nB5.Are You The Gift From God 4\'17\"\nB6.Say Bye-bye in Monte Carlo 4\'58\"'),
(142, '110090', '未完成(典藏彩膠.湖水綠)', 426, 1000, 5, 19, '華納 WAR', '2024-10-11', '1LP', '2025-06-09 01:11:15', 1, 1, '是廢墟裡淋著大雨的一架鋼琴\n是彈著琴望天而笑的一個表情\n讓我們深刻動容\n她 帶著一架鋼琴來到這裡\n在城市的最中央\n我們認識了 孫燕姿\n那個彈鋼琴的女生\n那個__用音樂遊走世界__的女生\n從「你從沒聽過一個22歲的女生這樣唱歌」到全亞洲形成獨特的「孫燕姿現象」，這個漸漸長大的女孩，要用音樂繼續遊走世界，與生俱來的音樂使命感，有了起點而沒有終點，現在到未來，是永無休止的音符。像個旅人堅持她未完成的路，孫燕姿從出發的那天就注定了，她必須一直繼續那些關於音樂和成長的事。\n放了自己2個月的大假，完全擺脫工作的經歷了一趟倫敦、巴黎、紐約之旅，沒有刻意，自由自在的真實生活之後，第6張專輯的孫燕姿回到原點，一個最單純音樂人，「我就是喜歡音樂，喜歡音樂可以有很多方式，今天大家接受我，我會很感激大家願意分享我的音樂，但是如果有一天，不是這樣了，我相信我依然可以找到一個方式，快樂的做音樂」。\n如果說今日的孫燕姿有什麼神奇的魔力，可以叱吒樂壇，她並不想出風頭或讓大家surprise，對她來說，音樂就是一種表達，她就是要一種共鳴，她只是想要唱---人生是個進行式，因為未完成… 所以要一直繼續 ---繼續實現她在音樂這條路永遠未完成的期待。\n每個人心底深處都存著，一個一定要完成的夢；一個一定要實現的心願，否則人生會是遺憾.所以，在無力對抗的現實裡，時間不停前進，生活不斷流動，不論發生什麼，不論遭遇什麼，仍然勇敢在無法預知發生的未來，繼續堅持速度向前走 「未完成to be continued…」如同每個人生的進行式，每個階段，永遠都有未知的精彩與未完成的任務必須去實現、去完成。\n★180g / 12吋 / 331/3轉 典藏彩膠.湖水綠\n★英國Curve Pusher 刻片\n★美國RTI 電鍍\n★台灣Mobineko壓片\n★典藏流水編號　絕對珍藏', 'Side A\n1. 神奇\n2. 我不難過\n3. 永遠\n4. 未完成\n5. 接下來\n6. 學會\nSide B\n1. 年輕無極限\n2. 了解\n3. 休止符\n4. 沒有人的方向\n5. My story , your song'),
(143, '110024', '心愛妹妹的眼睛', 427, 899, 5, 18, '滾石 ROCK', '2024-10-04', '1LP', '2025-06-09 01:11:16', 1, 1, '有夢的眼睛 如詩的心底\n化不開的憂鬱，深深鎖在他的眉宇\n說不出的深情，悠悠映在他的眼眸\n什麼樣的男子，讓人痛在心裡\n才知道一生的愛戀可以如此濃釅\n才明白一世的執著可以如此無悔\n一生一世  從一而終\n張洪量的歌聲 讓你心碎的聲音，如迎面而來的風一路颳進你心的海洋，\n古典悠柔回聲重重，掀起如夢般的心痛。\n。原始母帶製作\n。德國Optimal刻片、壓片\n。140g\n。限量發行', 'A Side\nA1.在意的並不是妳的美 4\'35\"\nA2心愛妹妹的眼睛 4\'09\"\nA3.我愛妳 4\'45\"\nA4.愛與生的苦惱 5\'20\"\nA5.情人崗七十二烈士(序曲) 2\'28\"\nB side\nB1.從一而終，對妳 4\'15\"\nB2.早該知道 4\'05\"\nB3.童謠    4\'19\"\nB4.妳知道我在等妳嗎？ 4\'11\"\nB5.想 3\'49\"'),
(144, '110011', 'My Love', 428, 1000, 5, 18, '滾石 ROCK', '2024-09-06', '1LP', '2025-06-09 01:11:16', 1, 1, '。原始母帶製作\n。德國Optimal刻片、壓片\n。140g\n。限量發行\n慢歌痴醉快歌瘋狂 十首真情動心的歌\n一生一世的溫柔 一心一意的對你\n「充滿童話般魔力的愛情海航行」\n其實自有一套獨特的航行哲學\n任自由的風決定航行方向\n這是一種水瓶座男孩的浪漫\n那裡有許多美麗的故事正在發生\n如果你願意  願意用心感受、細心體會\n一次充滿童話般魔力的愛情海旅行\n充滿童話般的魔力 十種心情溫度與夢想融會\n杜德偉 MY LOVE\n在杜德偉愛情海的旅程中\n他以真情作為指南針\n而所有的溫柔都在真心澆留的港灣停泊\n他的心底盛載著一座寬廣遼闊的海洋\n那裡也有許多心情渴望與你分享\n透過他的聲音  在這裡 你將遇見\n推薦曲：\n《鍾愛一生》在杜德偉飽和真情的醇厚聲音裡，正傳遞出他執著的信念。鍾愛一生，童話般的的愛情絕對不是夢想。\n《讓自己快樂》節奏強烈，洋溢青春動感與歡樂氣氛，是製作人小蟲老師展現另一種風貌的力作。\n《是我寵壞了妳》驕縱慣於在愛情裏任性來去的妳，只因為珍惜這份情緣，是一種無怨無悔的愛情詮釋。', 'A Side\nA1.    鍾愛一生    4\'34\"\nA2    想著你的感覺    4\'00\"\nA3.    溫柔陷阱     4\'32\"\nA4.    透明的愛     4\'41\"\nA5.    找回愛情    3\'39\"\nB side\nB1.    讓自己快樂     3\'51\"\nB2.    是我寵壞了妳    3\'39\"\nB3.    攔截你的心    4\'29\"\nB4.    獨舞     4\'47\"\nB5.    舊愛     4\'39\"'),
(145, '109968', '紅線(透明紅膠)', 429, 1380, 5, 19, '音橋 ENRICH', '2024-06-18', '1LP', '2025-06-09 01:11:16', 1, 1, '★限量編號\n高質量的音色紀錄江蕙澎湃柔情的感情細節\n台語歌壇的無敵天后－江蕙終於推出了她的全新專輯‘紅線’。這張專輯是江蕙加盟新東家－好樂迪的第一張專輯，因此不經過了一年多的醖釀，台語歌壇的無敵天后－江蕙終於推出了她的全新專輯‘紅線’。這張專輯是江蕙加盟新東家－好樂迪的第一張專輯，因此不論是江蕙本身及好樂迪唱片都是投入了完全的心力來製作這張專輯，以期將最好的台語歌呈現在所有人的面前。好樂迪唱片更是破天荒的跨公司合作，請來了江蕙的老戰友－知名音樂人姚謙來統籌這張專輯。\n這張專輯的10首歌，除了有姚謙、周杰倫、方文山、伍思凱、鄭進一、武雄、鄭華娟…等知名音樂創作人的全新力作之外，精心挑選的翻譯歌曲也都是萬中選一的好歌。因此在每一首歌中都可以聽見對製作物要求的細膩及用心。也使得這張專輯端出了台語歌中前所未見的豐富菜色。\n10首值得細細品味的精緻好歌，每一首歌都代表對台語歌的用心，江蕙希望能唱給所有跟她一樣在這塊土地上生長的每一個人聽。希望能讓每個聽過這張專輯的人都會發現台語歌的美和優雅。更希望藉着這張‘紅線’聯繫着台語歌和所有有情人的感情。為台語歌和所有的有情人牽紅線，讓孤寂已久的台語歌再次被期待和被喜愛。', 'SIDE A\n1.想起伊 4\'06\n2.紅線 5\'10\n3.夢中的情話 4\'46\n4.上海假期 3\'43\n5.遙遠的等待 4\'22\nSIDE B\n6.幸福的小站 4\'37\n7.到底誰是伊 3\'05\n8.彼呢愛你 4\'14\n9.歡喜唱歸暝 4\'10\n10.心愛的，今晚置叨位 4\'44'),
(146, '109967', '劉若英精選', 410, 1000, 5, 19, '滾石 ROCK', '2024-09-06', '1LP', '2025-06-09 01:11:16', 1, 1, '我們都在劉若英的歌聲裡，見證自己最認真的愛情 ﹗\n是劉若英讓我們相信愛情，讓愛情的回憶沒有遺憾 ﹗\n本黑膠專輯為限量版發行, 首批無限量流水編號, 有日本字體書腰\n180g  33 1/3轉, 日本壓片進口, 雙開封套,\n極具珍藏價值 ! 欲購從速 !', 'A Side\n1. 收穫    4\'01\"\n2. 很愛很愛你　4\'42\"\n3. 後來    5\'38\"\n4. 成全    4\'33\"\n5. 決定    5\'14\"\n6. 一輩子的孤單    4\'31\"\nB Side\n1.  打了一把鑰匙給你　5\'03\"\n2.  我等你　4\'25\"\n3.  對面男生的房間　4\'06\"\n4.  透明　2\'38\"\n5.  為愛痴狂　5\'02\"\n6.  雨季　4\'35\"\n7.  花季未了　4\'33\"'),
(147, '109953', '辛曉琪精選', 430, 1000, 5, 19, 'ROCK HK', '2024-09-06', '1LP', '2025-06-09 01:11:16', 1, 1, '', '1.領悟\n2.走過\n3.味道\n4.承認\n5.荒唐\n6.戒痕\n7.愛上他不只是我的錯\n8.深情相擁(辛曉琪,張國榮)\n9..女人何苦為難女人\n10.童話\n11.遺忘\n12.戀人啊'),
(148, '109793', '蔓延', 431, 1580, 5, 19, '音橋 ENRICH', '2024-05-21', '1LP', '2025-06-09 01:11:16', 1, 1, '★限量600張\n★獨立編號版\n許美靜參加新加坡《尋找巨星》歌唱比賽並獲佳和唱片簽約，1994年推出首張專輯《明知道》在星馬地區創造好成績也讓台灣唱片公司關注到許美靜。李宗盛曾力邀她加盟滾石唱片，然她為求與陳佳明合作共事而加盟陳任職之上華唱片。\n1996年6月和12月接連兩張專輯《遺憾》、《都是夜歸人》的出版，使得許美靜真正躍上巨星系列。《遺憾》在台創下60萬張的銷量，歌曲〈遺憾〉、城裡的月光廣為傳唱。《都是夜歸人》在台銷售超過55萬張。1996年連續發行的兩張專輯都在亞洲銷售超過200萬張，《遺憾》更是預估超過250萬張。\n1997年以粵語歌曲《明知故犯》和傾城兩首廣東歌曲打進香港與東南亞市場，兩首歌收入於精選集《靜聽精彩13首》，當時在香港佔據流行榜冠軍3周，在香港銷售超過20萬，新加坡超過10萬。1997年底台灣發行第四張國語專輯蔓延，專輯在台賣出20萬張成績不俗然而並沒有達到預期的數字。她及後轉向其他地方發展，在香港以及東南亞發行首張全粵語專輯《好美靜》。1999台灣市場發行第五張專輯《快樂無罪》，在台也達到超過25萬佳績。同年年中與上華唱片約滿發行國語精選輯收入一首新歌〈你抽的煙〉，在台創下近50萬的銷量， 2000年發行國語專輯《靜電》，專輯主打電子風格，為重要的音樂轉換里程碑。\n《遺憾》內的〈城裡的月光〉成為許美靜溫暖型歌曲的代表；《都是夜歸人》 也成為許美靜最廣為人知的經典唱片。許美靜個人專輯《快樂無罪》在音樂品質上已經超過了前面的高度，演唱台灣女詩人李格弟的詞作〈風的嘆息〉，成為專輯內最優秀的作品；輯內音樂才女陳冠蒨詞曲作品〈回心轉意〉也表明許美靜演繹女性內心深度世界的發展方向。\n許美靜的音樂特點是靜寂、暗冷，旋律通常非常流暢優美，偶爾也會有一些活潑或另類的歌曲。歌詞的特點，就是描繪出一幅在漠然的現代社會中失望、無奈、頽廢但又渴望撫慰的都市愛情觀。而每一張唱片都會有一兩首非常溫暖的勵志歌曲，比如《城裡的月光》、《陽光總在風雨後》等。同時她的嗓音也很柔和、低沉，從沒有大聲叫嚷的歌曲。', '1.這一天(序曲) 曲/陳佳明\n2.交通 曲/許美靜/詞/趙琳\n3.蔓延 曲/陳佳明/詞/陳佳明\n4.單數 曲/陳佳明/詞/陳佳明\n5.紅顏 曲/許美靜/詞/陳佳明\n6.漩渦 曲/許美靜/詞/趙琳\n7.發呆 曲/何偉心/詞/陳佳明\n8.玫瑰 曲/陳佳明/詞/陳佳明\n9.白日夢 曲/何偉心/詞/何偉心\n10.夢見 曲/許美靜/詞/陳佳明\n11.失蹤 曲/陳佳明\n12.聽那星光歌唱 曲/陳佳明/詞/陳佳明'),
(149, '109792', '都是夜歸人(限量編號版灰膠)', 431, 1580, 5, 19, '音橋 ENRICH', '2024-04-25', '1LP', '2025-06-09 01:11:16', 1, 1, '★限量600張\n★獨立編號版\n許美靜參加新加坡《尋找巨星》歌唱比賽並獲佳和唱片簽約，1994年推出首張專輯《明知道》在星馬地區創造好成績也讓台灣唱片公司關注到許美靜。李宗盛曾力邀她加盟滾石唱片，然她為求與陳佳明合作共事而加盟陳任職之上華唱片。\n1996年6月和12月接連兩張專輯《遺憾》、《都是夜歸人》的出版，使得許美靜真正躍上巨星系列。《遺憾》在台創下60萬張的銷量，歌曲〈遺憾〉、城裡的月光廣為傳唱。《都是夜歸人》在台銷售超過55萬張。1996年連續發行的兩張專輯都在亞洲銷售超過200萬張，《遺憾》更是預估超過250萬張。\n1997年以粵語歌曲《明知故犯》和傾城兩首廣東歌曲打進香港與東南亞市場，兩首歌收入於精選集《靜聽精彩13首》，當時在香港佔據流行榜冠軍3周，在香港銷售超過20萬，新加坡超過10萬。1997年底台灣發行第四張國語專輯蔓延，專輯在台賣出20萬張成績不俗然而並沒有達到預期的數字。她及後轉向其他地方發展，在香港以及東南亞發行首張全粵語專輯《好美靜》。1999台灣市場發行第五張專輯《快樂無罪》，在台也達到超過25萬佳績。同年年中與上華唱片約滿發行國語精選輯收入一首新歌〈你抽的煙〉，在台創下近50萬的銷量， 2000年發行國語專輯《靜電》，專輯主打電子風格，為重要的音樂轉換里程碑。\n《遺憾》內的〈城裡的月光〉成為許美靜溫暖型歌曲的代表；《都是夜歸人》 也成為許美靜最廣為人知的經典唱片。許美靜個人專輯《快樂無罪》在音樂品質上已經超過了前面的高度，演唱台灣女詩人李格弟的詞作〈風的嘆息〉，成為專輯內最優秀的作品；輯內音樂才女陳冠蒨詞曲作品〈回心轉意〉也表明許美靜演繹女性內心深度世界的發展方向。\n許美靜的音樂特點是靜寂、暗冷，旋律通常非常流暢優美，偶爾也會有一些活潑或另類的歌曲。歌詞的特點，就是描繪出一幅在漠然的現代社會中失望、無奈、頽廢但又渴望撫慰的都市愛情觀。而每一張唱片都會有一兩首非常溫暖的勵志歌曲，比如《城裡的月光》、《陽光總在風雨後》等。同時她的嗓音也很柔和、低沉，從沒有大聲叫嚷的歌曲。', '【Side A】\n1.都是夜歸人(之夜歸)\n2.迷亂\n3.答案\n4.別走\n5.把你放在心裡\n【Side B】\n6.顏色\n7.只是這人生\n8.如此\n9.揮別\n10.陽光總在風雨後'),
(150, '109707', '二樓後座(黑膠版)', 432, 1000, 5, 20, '滾石 ROCK', '2024-07-12', '1LP', '2025-06-09 01:11:16', 1, 1, '自己的天空   赤誠的音樂\n樂壇之大   只有一個二樓後座\n本黑膠專輯為限量版發行, 首批無限量流水號, 日本字體書腰,\n180g  331/3轉, 日本壓片進口, 雙開封套,\n極具珍藏價值 ! 欲購從速 !', 'A Side\n1. 超級武器 4\'29\"\n2. 總有愛 4\'40\"\n3. 醒你    4\'30\"\n4. 遙遠的Paradise 4\'19\"\n5. We Don`t Wanna Make It Without You 4\'24\"\nB Side\n1.  傷口    4\'03\"\n2.  打救你    4\'32\"\n3.  仍然是要闖    4\'40\"\n4.  冷雨沒暫停    4\'22\"\n5.  愛得太錯    4\'18\"\n6.  祝您愉快    3\'55\"'),
(151, '111377', 'ROSIE (BAND COVER BABY PINK)', 510, 1280, 6, 22, 'YHM Indie', NULL, '1LP', '2025-06-09 01:11:16', 1, 1, '', '1. Number One Girl\n2. 3Am\n3. Two Years\n4. Toxic Till the End\n5. Drinks or Coffee\n6. Apt. - By Rose\'; Bruno Mars\n7. Gameboy\n8. Stay a Little Longer\n9. Not the Same\n10. Call It the End\n11. Too Bad for Us\n12. Dance All Night'),
(152, '111370', 'DOWN TOWN (七吋)', 511, 780, 6, 23, 'YHM Indie', NULL, '1LP', '2025-06-09 01:11:16', 1, 1, '名曲〈DOWN TOWN〉也將首次以7 吋黑膠單曲的形式同步發售，極具收藏價值！', 'A1.DOWN TOWN\nB1.いつも通り'),
(153, '111369', 'SONGS 50th Anniversary Edition', 511, 1480, 6, 23, 'YHM Indie', '2025-04-23', '1LP', '2025-06-09 01:11:16', 1, 1, '《SONGS》是由山下達郎、大貫妙子、村松邦男、鰐川己久男、野口明彥（後來伊藤銀次、寺尾次郎、上原裕也也參與）所組成的傳奇樂團Sugar Babe在1975年4月25日發行的唯一專輯。本次紀念版將推出三種格式：CD、12吋黑膠唱片與卡帶，完整重現當年感動！\n這張專輯不僅是日本城市流行音樂（City Pop）歷史上的重要里程碑，也被譽為山下達郎與大貫妙子音樂生涯的原點之作。50年後再度重溫那個時代的純粹聲音，無論是樂迷還是收藏家，都值得珍藏這份經典。', '1. SHOW\n2. DOWN TOWN\n3. 蜃気楼の街\n4. 風の世界\n5. ためいきばかり\n6. いつも通り\n7. すてきなメロディー\n8. 今日はなんだか\n9. 雨は手のひらいっぱい\n10. 過ぎ去りし日々“60\'s Dream”\n11. SUGAR'),
(154, '111348', 'Linda Carriere', 512, 1380, 6, 22, 'YHM Indie', NULL, '1LP', '2025-06-09 01:11:16', 1, 1, '細野晴臣製作 × 山下達郎・矢野顯子・吉田美奈子豪華陣容齊聚傳說中的1977年未發專輯，睽違近半世紀，終於面世！\n1977年，由細野晴臣傾力製作，為歌手琳達・卡莉耶打造的出道專輯，歷經近50年塵封，如今終於正式發行！這張專輯原為琳達的日本出道作品，雖完成錄製，卻因緣際會未曾公開，僅有少數業界人士獲得作為宣傳用途的測試壓片版本，自此成為傳說中的「幻之專輯」。\n收錄全10首全新創作歌曲，詞曲陣容堪稱夢幻：・作詞全由 James Reagon 擔綱，貫穿全作的詞意世界・作曲陣容包含：– 細野晴臣 4曲– 山下達郎 2曲– 吉田美奈子 2曲– 矢野顯子 1曲– 佐藤博 1曲\n所有曲目皆為當時量身打造之原創創作，是70年代日本流行音樂創作力全盛期的縮影。\n這次復刻發行，邀請GOH HOTODA以最新技術重新混音，並由細野晴臣親自監製確認，力求忠於原始錄音質感，同時賦予現代音響精緻度。無論對資深樂迷、昭和音樂收藏家，或是熱愛City Pop、Groove Soul的現代樂迷而言，都是值得珍藏的歷史級音樂作品。', 'A1 .Up On His Luck\n作詞：ジェームス・レイガン　作曲：山下達郎\nA2. Loving Makes It So\n作詞：ジェームス・レイガン　作曲：吉田美奈子\nA3 .Sunday Girl\n作詞：ジェームス・レイガン　作曲：細野晴臣\nA4 .All That Bad\n作詞：ジェームス・レイガン　作曲：細野晴臣\nA5 .Proud Soul\n作詞：ジェームス・レイガン　作曲：吉田美奈子\nB1 .Laid Back Mad Or Mellow\n作詞：ジェームス・レイガン　作曲：矢野顕子\nB2. Child On An Angel\'s Arm\n作詞：ジェームス・レイガン　作曲：細野晴臣\nB3. Vertigo\n作詞：ジェームス・レイガン　作曲：佐藤博\nB4. Love Celebration\n作詞：ジェームス・レイガン　作曲：山下達郎\nB5. Socrates\n作詞：ジェームス・レイガン　作曲：細野晴臣'),
(155, '111326', 'modal soul', 513, 1380, 6, 21, 'Hydeout Productions', NULL, '2LP', '2025-06-09 01:11:16', 1, 1, '作為 metaphorical music 之後，心象風景般的比喩音樂第二章。\n我祈願聆聽這張專輯的人們，哪怕只是一點點，也能感受到幸福的心情。\n以上這段文字，是Nujabes本人在專輯《modal soul》發行當時，作為在tribe上的介紹文所撰寫的。這段極為簡潔的文字，出於希望聽眾能透過親身聆聽來產生共鳴的想法，因此他刻意未提及專輯中收錄曲目的內容，並將自己的心願寄託於這段簡短的評論中。', '1. Feather (featuring Cise Starr&amp;Akin from CYNE)\n2. ordinary joe (featuring Terry Callier)\n3. reflection eternal\n4. Luv (sic.)pt3 (Featuring Shing02)\n5. Music is mine\n6. Eclipse (feat.Substantial)\n7. The Sign (feat.Pase Rock)\n8. Thank you (featuring Apani B)\n9. World\'s end Rhapsody\n10. Modal Soul (featuring Uyama Hiroto)\n11. flowers\n12. sea of cloud\n13. Light on the land\n14. Horizon'),
(156, '111304', 'GOLD', 166, 1280, 6, 21, 'Nippon Columbia', NULL, '1LP', '2025-06-09 01:11:16', 1, 1, '收錄包括日劇【東京風潮 下町大家族物語】片尾曲「SECOND」等共10首', '1. それ以外に何がある\n2. いつの日も\n3. サーチライト\n4. セコンド\n5. かくれんぼ featuring.金子マリ\n6. TOUCH\n7. 宙\n8. 泣くなひまわり\n9. 屋根の下のSmile\n10. GOLD'),
(157, '111241', 'MELODIES(2025 Vinyl Edition)', 514, 1280, 6, 21, 'Sony Music JP', '2025-05-21', '1LP', '2025-06-09 01:11:16', 1, 1, '祝!山下達郎 活動50周年!!1983年~93年までに発表されたMOONレーベル6作品をアナログ盤1枚組で再発売。MOONレーベル移籍第1弾アルバム「MELODIES」。それまでのRCA/AIR時代からサウンドの方向性を大きく変え、独自の路線を歩み始めた結果、作品の幅が拡がり、その中からクリスマスの定番曲「クリスマス・イブ」が生まれた。ポップス史に残る記念碑的傑作。「クリスマス・イブ」「高気圧ガール」「メリー・ゴー・ラウンド」他収録。山下達郎自身による詳細ライナー付き!!(2025年ヴァイナル・カッティング/180g重量盤)', '1.悲しみのJODY(She Was Crying)\n2.高気圧ガール\n3.夜翔(Night-Fly)\n4.GUESS I\'M DUMB\n5.ひととき\n6.メリー・ゴー・ラウンド\n7.BLUE MIDNIGHT\n8.あしおと\n9.黙想\n10.クリスマス・イブ'),
(158, '111219', 'Shadow', 515, 1180, 6, 22, 'YHM Indie', NULL, '1LP', '2025-06-09 01:11:16', 1, 1, '2022年7月にリリースしたアルバム「Shadow」が待望のLP化！\n数量限定盤として発売決定！！\n●2022年7月27日にリリースしたアルバム「Shadow」。作曲家・林哲司全面プロデュースのもと、ジャパニーズ・シティ・ポップのブームの中で海外でも再評価されている楽曲や、シングル楽曲の”陰”に隠れた名曲を最新リ・マスタリング。更に林哲司が新曲2曲をプロデュースし、およそ35年ぶりの共同制作が実現した。まさに必聴盤とも呼べるアルバムが、LP化＆数量限定盤として発売決定！\n●LP化にあたり林哲司自らが再度選曲した名曲たちを厳選収録。12インチの特大ジャケットも要チェックとなっている。\n●4月1日(土)には、「林哲司 SONG FILE SPECIAL with 杉山清貴 菊池桃子」の開催が決定。\n昨年12月に初共演となった林哲司と菊池桃子の再共演に加え、杉山清貴も迎えいれたまさに“スペシャル”な１夜は大注目となること間違いなし！', 'Side A\n1. Again\n作詞：売野雅勇 作曲：林哲司 編曲：林哲司\n2. Adventure（from ADVENTURE）\n作詞：有川正沙子 作曲：林哲司編曲：林哲司\n3. Blind Curve（from OCEAN SIDE）\n作詞：秋元康 作曲：林哲司 編曲：林哲司\n4. Good Friend（from ADVENTURE）\n作詞：青木久美子 作曲：林哲司 編曲：林哲司\n5. 雨のRealize（from ADVENTURE）\n作詞：青木久美子 作曲：林哲司 編曲：林哲司\nSide B\n1. カレンダーにイニシャル（from TROPIC of CAPRICORN）\n作詞：秋元康 作曲：林哲司 編曲：林哲司\n2. Ocean Side（from OCEAN SIDE）\n作詞：青木久美子 作曲：林哲司 編曲：林哲司・兼崎順一\n3. Boy Friend（from TROPIC of CAPRICORN）\n作詞：秋元康 作曲：林哲司 編曲：林哲司\n4. Mystical Composer（from ADVENTURE）（※CD盤未収録曲）\n作詞：佐藤純子 作曲：林哲司 編曲：林哲司\n5. 奇跡のうた\n作詞：吉元由美 作曲：林哲司 編曲：林哲司'),
(159, '111143', '青い森 Ⅳ - 蔦屋書店の音楽', 516, 1080, 6, 21, 'YHM Indie', NULL, '1CD', '2025-06-09 01:11:16', 1, 1, '「青い森」をテーマに作られたharuka nakamura による蔦屋書店の音楽プロジェクト。最終作となる第四弾は懐かしいギターの音色が主体となるアコースティック・アンビエント音楽。最終作で原点であるギターに帰結し、新たな風景を生み出した。ジャケット写真はシリーズ全てを担当した親交の深い写真家・川内倫子。\n________________\n音楽家 haruka nakamuraが2023年-2024年、蔦屋書店の全国のいくつかの店内音楽を1年間担当。楽曲は全て蔦屋書店プロジェクトのための書き下ろし曲。本を扱う書店のコンセプト、またピアノやギターなど楽器の故郷でもある「森」をテーマに、ナカムラの故郷・青森と繋がった「青い森」と題し2024年秋までの期間中、全4作品のアルバムを制作。\n最終作は10代から弾き続けている父親のアコースティック・ギターと、師であるNujabes、hydeoutレーベルからアルバム「MELODICA」制作時にプレゼントされたガット・ギターで録音。そこに青い森シリーズから導入されたシンセサイザーがブレンドされた新たな音楽は、どこか初期作品「grace」やnicaを彷彿させる、ピアノを本格的に弾き始める前の懐かしいサウンド。\n今作の川内倫子のジャケット写真にも表現されている、陽だまりの庭に辿り着いたかのような、最終作に相応しい希望を携えた多幸感あふれるアルバム。\n青い森シリーズの統一されたコンセプチュアル・デザインにより、部屋に飾りたくなる美しい装丁のCDアルバムとしても展開される。', '1. ひとつのうた\n2. green\n3. 青い鳥\n4. 風がページをめくる日\n5. リズム\n6. ギター\n7. 花々\n8. 木漏れ日\n9. passage\n10. 森からの手紙\n11. blessing'),
(160, '111142', '青い森 Ⅳ - 蔦屋書店の音楽', 516, 1180, 6, 21, 'YHM Indie', '2025-04-12', '1LP', '2025-06-09 01:11:16', 1, 1, '「青い森」をテーマに作られたharuka nakamura による蔦屋書店の音楽プロジェクト。最終作となる第四弾は懐かしいギターの音色が主体となるアコースティック・アンビエント音楽。最終作で原点であるギターに帰結し、新たな風景を生み出した。ジャケット写真はシリーズ全てを担当した親交の深い写真家・川内倫子。\n________________\n音楽家 haruka nakamuraが2023年-2024年、蔦屋書店の全国のいくつかの店内音楽を1年間担当。楽曲は全て蔦屋書店プロジェクトのための書き下ろし曲。本を扱う書店のコンセプト、またピアノやギターなど楽器の故郷でもある「森」をテーマに、ナカムラの故郷・青森と繋がった「青い森」と題し2024年秋までの期間中、全4作品のアルバムを制作。\n最終作は10代から弾き続けている父親のアコースティック・ギターと、師であるNujabes、hydeoutレーベルからアルバム「MELODICA」制作時にプレゼントされたガット・ギターで録音。そこに青い森シリーズから導入されたシンセサイザーがブレンドされた新たな音楽は、どこか初期作品「grace」やnicaを彷彿させる、ピアノを本格的に弾き始める前の懐かしいサウンド。\n今作の川内倫子のジャケット写真にも表現されている、陽だまりの庭に辿り着いたかのような、最終作に相応しい希望を携えた多幸感あふれるアルバム。\n青い森シリーズの統一されたコンセプチュアル・デザインにより、部屋に飾りたくなる美しい装丁のCDアルバムとしても展開される。', '1. ひとつのうた\n2. green\n3. 青い鳥\n4. 風がページをめくる日\n5. リズム\n6. ギター\n7. 花々\n8. 木漏れ日\n9. passage\n10. 森からの手紙\n11. blessing'),
(161, '111055', 'Rosie (VAMPIREHOLLIE RED Edition Vinyl)', 510, 1000, 6, 22, 'YHM Indie', NULL, '1LP', '2025-06-09 01:11:16', 1, 1, 'RED vinyl of “rosie” with exclusive bonus track “vampirehollie”. includes 12”x24” lyrics insert. ROSÉ Store Exclusive, limited quantity first pressing.\nrosie - the first studio album by ROSÉ.', '1. number one girl\n2. 3am\n3. two years\n4. toxic till the end\n5. drinks or coffee\n6. APT. (ROSÉ &amp; Bruno Mars)\n7. gameboy\n8. stay a little longer\n9. not the same\n10. call it the end\n11. too bad for us\n12. dance all night\n13. vampirehollie'),
(162, '111029', '竹內瑪莉亞 RCA時期 黑膠套裝', 517, 4680, 6, 22, 'YHM Indie', '2025-03-19', '6LP', '2025-06-09 01:11:16', 1, 1, '一次擁有 竹內瑪莉亞 早期在RCA的專輯！包含首張專輯《BEGINNING》、《UNIVERSITY STREET》、《LOVE SONGS》、《MISS M》到第五張專輯《Portrait》以及特別加收的一張現場錄音作品，共六張黑膠以胡桃木材質禮盒包裝、紙質封套、解說文、內袋、海報與照片卡復刻封入。', '「BEGINNING」\n1. グッドバイ・サマーブリーズ\n2. 戻っておいで・私の時間\n3. 夏の恋人\n4. 輝くスターリー・ナイト\n5. 目覚め (Waking Up Alone)\n6. ジャスト・フレンド\n7. 突然の贈りもの\n8. おかしな二人\n9. ムーンライト・ホールド・ミー・タイト\n10. サンタモニカ・ハイウェイ\n11. すてきなヒットソング (My Hit Songs)\n「UNIVERSITY STREET」\n1. オン・ザ・ユニヴァーシティ・ストリート\n2. 涙のワンサイデッド・ラヴ\n3. 想い出のサマーデイズ\n4. ISN\'T IT ALWAYS LOVE\n5. ホールド・オン\n6. J-Boy\n7. ブルー・ホライズン\n8. ドリーム・オブ・ユー～レモンライムの青い風～\n9. かえらぬ面影\n10. グッドバイ・ユニヴァーシティ\n「LOVE SONGS」\n1. FLY AWAY\n2. さよならの夜明け\n3. 磁気嵐\n4. 象牙海岸\n5. 五線紙\n6. LONELY WIND\n7. 恋の終わりに\n8. 待っているわ\n9. SEPTEMBER\n10. 不思議なピーチパイ\n11. little lullaby\n「MISS M」\n1. SWEETEST MUSIC\n2. EVERY NIGHT\n3. MORNING GLORY\n4. SECRET LOVE\n5. HEART TO HEART\n6. 二人のバカンス\n7. 遠く離れて (WHEN YOU\'RE SO FAR AWAY)\n8. 雨のドライブ\n9. FAREWELL CALL\n「Portrait」\n1. ラスト・トレイン\n2. CRYING ALL NIGHT LONG\n3. ブラックボード先生\n4. 悲しきNIGHT ＆ DAY\n5. 僕の街へ\n6. 雨に消えたさよなら\n7. リンダ\n8. イチゴの誘惑\n9. NATALIE\n10. ウエイトレス\n11. SPECIAL DELIVERY～特別航空便\n12. ポートレイト～ローレンスパークの想い出～\n「Mariya Takeuchi RCA YEARS Vinyl Box Collection Special Bonus Disc」\n1. 戻っておいで・私の時間 (オーケストラVer.)\n2. J-Boy （LIVE Ver.）\n3. SEPTEMBER (LIVE Ver.)\n4. Special Delivery ～特別航空便～　（LIVE Ver.）\n5. 象牙海岸 (LIVE Ver.)\n6. すてきなヒット・ソング (LIVE Ver.)\n7. Sweetest Music (LIVE Ver.)\n8. 二人のバカンス (LIVE Ver.)\n9. Natalie (LIVE Ver.)\n10. リンダ (LIVE Ver.)\n11. 五線紙 (LIVE Ver.)\n12. ASK ME WHY'),
(163, '111014', 'PRETTY IN SUMMER(7\")', 518, 600, 6, 22, 'YHM Indie', '2025-02-19', '1LP', '2025-06-09 01:11:16', 1, 1, 'シティポップとラバーズレゲエ/ライトレゲエを都会的なサウンドにマッチングさせた「シティポップ・レゲエ」のシンガーとして、そしてシティポップDJとしても活躍するNatsuSummer。\nメインプロデューサーでもあり、シティ・ポップ・ブームの仕掛け人として絶大な信頼を得るクニモンド瀧口(RYUSENKEI)の書き下ろし&アレンジによる新曲「PRETTYINSUMMER」!\n終わらないシーズン「EndlessSummer」と、都会で音楽を通じて出会う恋人のストーリーをテーマとしたリリックが、風景とシーンを想像させるシティ・ポップ・レゲエ。ライトでメロウなラバーズレゲエが心地よくナイスな感覚を感じさせてくれる。\n2020年発売のシングル「潮騒サンセット」がここに来てSpotify再生160万回突破と超ロングセラーを誇るNatsuSummerの期待のニューシングル!\n“DJ”ナツ・サマーとしてのミックスCD第2弾「EndlessNatsuSummer 2」(タワーレコード限定発売)からのシングルカット!', 'A1.PRETTY IN SUMMER\nB1.PRETTY IN SUMMER(Instrumental)'),
(164, '110998', 'a son of the sun＜限定盤＞', 519, 1380, 6, 21, 'Hydeout Productions', '2024-10-05', '2LP', '2025-06-09 01:11:16', 1, 1, '', 'LP 1\n【A面】\n1. 81summer\n2. Climbed Mountain\n3. One Dream\n【B面】\n1. Nightwood\n2. Waltz For Life Will Born\n3. Ribbon In The Sea\nLP 2\n【A面】\n1. Port51(interlude)\n2. Carbon Rose\n3. Vision Eyes featuring Golden Boy\n4. Fly Love Song featuring Pase Rock\n【B面】\n1. Last Transit(interlude)\n2. Stratus\n3. Walk In The Sunset\n4. Color of Jade'),
(165, '110997', '2nd Collection:Hydeout Productions', 520, 1280, 6, 23, 'Hydeout Productions', '2024-10-05', '2LP', '2025-06-09 01:11:16', 1, 1, '現代の音楽業界全体の流れとは別に、宣伝活動を行わず純粋に音=作品のリリースのみでリスナーから大きな支持を獲得した稀有のインディペンデントレーベル「Hydeout Productions」のレーベルのコレクションアルバム第2弾「2nd Collection」が2LPでリリース。\nそれは、Nujabesのアルバム『Metaphorical Music』『Modal Soul』と平行して、よりレンジの広い作品・人選で綴られたHydeoutのもう一つの世界。\n前回のアルバム『Modal soul』から「Reflection Eternal」の別章とも言うべき存在である「Another Reflection」等、レーベルコレクションアルバムでありながらNujabesの2nd Album『Modal Soul』以降のレーベルの方向性を示した作品。', 'A1. Nujabes - Voice Of Autumn\nA2. Nujabes - Sky Is Falling (feat. C.L. Smooth)\nA3. Uyama Hiroto - Waltz For Life Will Born\nA4. Clammbon By Nujabes - Imaginary Folklore\nB1. Nujabes - Hikari (feat. Substantial)\nB2. Nujabes - Counting Stars\nB3. Nujabes - Another Reflection\nB4. Nujabes - Fly By Night (feat. Five Deez)\nC1. Pase Rock - Old Light (Voices From 93 Million Miles Away Remix)\nC2. Emancipator - With Rainy Eyes\nC3. Shing02 - Luv(sic.) Modal Soul Remix\nD1. Uyama Hiroto - Windspeaks\nD2. DSK (2) - Winter Lane (Nujabes Remix)\nD3. Nujabes - After Hanabi -Listen To My Beats'),
(166, '110996', 'First Collection: Hydeout Productions', 43, 1280, 6, 23, 'Hydeout Productions', '2024-10-05', '2LP', '2025-06-09 01:11:16', 1, 1, '地道なアナログ・リリースでリスナーとの信頼関係を築いてきた”hydeout productions”の、レコードのみでしか聴けなかった楽曲と新曲で構成されたコレクションCD。Shing02の「Luv(sic.)pt1」、そして「Luv(sic.)pt2」、FunkyDLの「Don\'t Even Try It」など小さなスタジオから多くの人の心に届いたスペシャルなサウンド。nujabesの活動の原点といえる部分を収録した作品。\nA collection CD of “hydeout productions” that has built a relationship of trust with listeners through steady analog releases, composed of songs that could only be heard on vinyls and new songs.Special sounds from many small studios such as Shing02\'s “Luv (sic.) Pt1”, “Luv (sic.) Pt2” and FunkyDL\'s “Don\'t Even Try It”. This work contains the part that can be said to be the origin of nujabes activities.', 'A1. Nujabes - Moon Strut (Intro)\nA2. Funky DL - Don\'t Even Try It\nA3. Apani B-Fly Emcee - Strive\nA4. Substantial - Home Sweet Home\nB1. Nujabes - Still Talking To You\nB2. Shing02 - Luv(sic)\nB3. Nujabes - Steadfast\nB4. Substantial &amp; L-Universe - Lyrical Terrorists\nC1. L-Universe - Lose My Religion -Remix-\nC2. Pase Rock - It\'s About Time -Fat Jon Remix-\nC3. Five Deez - Plazma Avenue -Remix-\nD1. Cise Starr - D.T.F.N.\nD2. Funky DL - People Don\'t Stray\nD3. Shing02 - Luv(sic) Pt2'),
(167, '110975', 'Yoshino Fujimal (Pink Color Vinyl)', 521, 1280, 6, 21, 'YHM Indie', NULL, '1LP', '2025-06-09 01:11:16', 1, 1, 'Fujimaru Yoshino\'s first solo album, \"YOSHINO FUJIMAL,\" released in 1982 and produced with AB\'S members, will be released on pink-colored vinyl!\nThe performers included Matsushita Makoto, Watanabe Naoki, and Okamoto Kazuo, who would later become AB\'S, with Kuwana Haruko on backing vocals and EPO also participating as backing chorus.', 'A-Side\n1. WHO ARE YOU?\n2. MIDNIGHT PLUS 1\n3. ONE SHOT LADY\n4. FREE WAY 5 TO SOUTH\nB-Side\n1. GIRL\'S IN LOVE WITH ME\n2. SHANG-HIDE NIGHT\n3. NOT WHAT I\'M LOOKING FOR\n4. Pretender'),
(168, '110969', 'The Book 3', 522, 1280, 6, 23, 'Sony Music JP', NULL, '1LP', '2025-06-09 01:11:16', 1, 1, '結成5周年記念！EP『THE BOOK』シリーズの12inchアナログレコード発売\n2024年10月1日のYOASOBI5周年を記念して、過去リリースしてきたバインダー型EP『THE BOOK』『THE BOOK 2』『THE BOOK 3』を12inch アナログレコードでリリース！\nジャケット写真は、今回の為に描き下ろしされた特別イラスト。', '1.    勇者\n2.    Interlude “Awakening”\n3.    祝福\n4.    海のまにまに\n5.    ミスター\n6.    Interlude “Worship”\n7.    アイドル\n8.    セブンティーン\n9.    アドベンチャー\n10.    好きだ'),
(169, '110968', 'The Book 2', 522, 1280, 6, 23, 'Sony Music JP', NULL, '1LP', '2025-06-09 01:11:16', 1, 1, '結成5周年記念！EP『THE BOOK』シリーズの12inchアナログレコード発売\n2024年10月1日のYOASOBI5周年を記念して、過去リリースしてきたバインダー型EP『THE BOOK』『THE BOOK 2』『THE BOOK 3』を12inch アナログレコードでリリース！\nジャケット写真は、今回の為に描き下ろしされた特別イラスト。', '1.    ツバメ\n2.    三原色\n3.    大正浪漫\n4.    もう少しだけ\n5.    優しい彗星\n6.    怪物\n7.    もしも命が描けたら\n8.    ラブレター'),
(170, '110967', 'THE BOOK', 522, 1280, 6, 23, 'Sony Music JP', NULL, '1LP', '2025-06-09 01:11:16', 1, 1, '結成5周年記念！EP『THE BOOK』シリーズの12inchアナログレコード発売\n2024年10月1日のYOASOBI5周年を記念して、過去リリースしてきたバインダー型EP『THE BOOK』『THE BOOK 2』『THE BOOK 3』を12inch アナログレコードでリリース！\nジャケット写真は、今回の為に描き下ろしされた特別イラスト。', '1.    Epilogue\n2.    アンコール\n3.    ハルジオン\n4.    あの夢をなぞって\n1.    たぶん\n2.    群青\n3.    ハルカ\n4.    夜に駆ける\n5.    Prologue'),
(171, '110951', 'THE GREATEST UNKNOWN 完全生産限定盤', 523, 1000, 6, 23, 'Sony Music JP', NULL, '2LP', '2025-06-09 01:11:16', 1, 1, 'King Gnuが、アルバム「THE GREATEST UNKNOWN」を待望のアナログ化！！\n前作「CEREMONY」に続き、30万枚以上売り上げたアルバム「THE GREATEST UNKNOWN」のアナログ盤を2024年11月27日に発売決定！2023年11月29日にバンド4作目となるNEW ALBUM「THE GREATEST UNKNOWN」をひっさげたKing Gnu自身最大規模の全国5大ドームツアーでは、全国5都市9公演を通じて38万人、続くアジアツアーでは4都市7公演を行い、計40万人を動員しました。メジャーデビューから約5年でのドームツアー開催はバンドとしては史上最速の記録となりました。', '1.    MIRROR -メルセデス・ベンツ 新型ＥクラスCMソング-\n2.    CHAMELEON -フジテレビ月9ドラマ『ミステリと言う勿れ』主題歌-\n3.    DARE??\n4.    SPECIALZ -TVアニメ『呪術廻戦』「渋谷事変」オープニングテーマ-\n5.     一途(ALBUM ver.) -『劇場版 呪術廻戦 0』主題歌-\n6.     δ\n7.     逆夢 -『劇場版 呪術廻戦 0』エンディングテーマ-\n8.    IKAROS\n9.    W●RKAHOLIC\n10.    ):阿修羅:(\n11.     千両役者(ALBUM ver.) -NTTドコモ 5G「希望を加速しよう2nd篇」CMソング-\n12.     硝子窓 -映画『ミステリと言う勿れ』主題歌-\n13.     泡(ALBUM ver.) -映画「太陽は動かない」主題歌-\n14.    2 Μ Ο Я Ο- MARO CMソング-\n15.    STARDOM(ALBUM ver.) -2022 NHKサッカーテーマ-\n16.    SUNNY SIDE UP\n17.     雨燦々 -TBS系日曜劇場「オールドルーキー」主題歌-\n18.    BOY -TVアニメ「王様ランキング」第1クール オープニング・テーマ-\n19.     仝\n20.     三文小説(ALBUM ver.) -日本テレビ系 土曜ドラマ「35歳の少女」主題歌-\n21.    ЯOЯЯIM'),
(172, '110933', 'Candy (45轉)', 524, 800, 6, 22, 'UNI JP', NULL, '1LP', '2025-06-09 01:11:16', 1, 1, '90年代を代表するジャパニーズ・アーバン・メロウの傑作として2018年のRECORD STORE DAYで初7インチ・カットされ大きな話題を呼んだ今作を、今回はオリジナルテイクのインストゥルメンタルverを加え、12inch/45rpmカラーレコード仕様でリリース。', '1. Candy -KC melts \"miss. G\" Remix-\n2. Candy\n3. Candy -Instrumental-'),
(173, '110932', 'Metaphorical Music', 513, 1380, 6, 21, 'Hydeout Productions', NULL, '2LP', '2025-06-09 01:11:16', 1, 1, 'アナログのシングルを中心にリリースを重ねてきたnujabesが渾身の力を注ぎ込んで完成させたアルバム『metaphorical music』。多くの人々に愛され続けているhydeout productionsの核となる作品であり、名曲の数々が刻まれている歴史的な名盤。', 'Side A\n1.Blessing\' It (feat. Substantial &amp; Pase Rock from Five Deez)\n2.Horn In The Middle\n3.Lady Brown (feat. Cise Starr from Cyne)\n4.Kumomi\nSide B\n1.High\n2 Lows (feat. Cise Starr from Cyne)\n2.Beat Lament The World\n3.Letter From Yokosuka\n4.Think Different (feat. Substantial)\nSide C\n1.A Day by Atmosphere Supreme\n2.Next View (feat. Uyama Hiroto)\n3.Latitude ~Remix (feat. Five Deez)\n4.F.I.L.O. Feat.Shing02\nSide D\n1.Summer Gypsy\n2.The Final View\n3.Peaceland'),
(174, '110902', 'BIG WORLD', 525, 1580, 6, 23, 'YHM Indie', '2025-03-26', '1LP', '2025-06-09 01:11:16', 1, 1, '坂本龍一、満島ひかり、中島美嘉、田島貴男 (Original Love)、中納良恵(EGO-WRAPPIN’)、齋藤飛鳥（乃木坂46）、suis (ヨルシカ)、PORIN (Awesome City Club)、CHAI、どんぐりず、ermhoi (Black Boboi / millennium parade)、RHYMEといった豪華アーティストが参加した、MONDO GROSSOの2022年リリースのアルバム「BIG WORLD」が重量盤でアナログ化。', 'Side A\n1.INTRO\n2.IN THIS WORLD feat. 坂本龍一 [Vocal:満島ひかり]\n3.FORGOTTEN [Vocal:ermhoi (Black Boboi / millennium parade)]\n4.B.S.M.F [Vocal:どんぐりず]\n5.OH NO! [Vocal:CHAI]\n6.最後の心臓 [Vocal:suis (ヨルシカ)]\nSide B\n1.STRANGER [Vocal:齋藤飛鳥 (乃木坂46)]\n2.迷い人 [Vocal:中納良恵 (EGO-WRAPPIN\')]\n3.幻想のリフレクション [Vocal:田島貴男 (Original Love)]\n4.CRYPT [Vocal:PORIN (Awesome City Club)]\n5.OVERFLOWING [Vocal:中島美嘉]\n6.BIG WORLD [Vocal:RHYME]'),
(175, '110797', 'MIGNONNE', 526, 1000, 6, 22, 'Sony Music JP', NULL, '1LP', '2025-06-09 01:11:16', 1, 1, '「横顔」「突然の贈りもの」「海と少年」など、矢野顕子、竹内まりや、槇原敬之らがカヴァーした名曲が数多く収録された大貫妙子3枚目のオリジナル・アルバムで、ヨーロピアン・サウンド志向の3部作「ROMANTIQUE（ロマンティーク）」「AVENTURE（アヴァンチュール）」「Cliche（クリシェ）」へとつながる重要作。\nアレンジャーは坂本龍一と瀬尾一三が担当し、細野晴臣、高橋幸宏、鈴木茂等、豪華メンバーが参加。海外で特に人気が沸騰している「4:00A.M.」収録。', 'Side-A\n1. じゃじゃ馬娘\n2. 横顔\n3. 黄昏れ\n4. 空をとべたら\n5. 風のオルガン\nSide-B\n1. 言いだせなくて\n2. 4:00A.M.\n3. 突然の贈りもの\n4. 海と少年\n5. あこがれ'),
(176, '110788', 'I Love Cinemas - Premium Edition -', 527, 2180, 6, 22, 'YHM Indie', NULL, '2LP', '2025-06-09 01:11:16', 1, 1, '手嶌葵の代表作としてロングセラーを続ける名作映画のカバーアルバム2作品(『The Rose～I Love Cinemas～』と『La Vie En Rose ～I Love Cinemas～』)を1つにまとめた『I Love Cinemas -Premium Edition -』が初アナログレコード化!\n音質を重視した重量盤仕様で数量限定発売。\n「TheRose」「MoonRiver」「Alfie」「Smile」「Night And Day 」など誰もが耳にしたことのある名曲全20曲を2枚組で収録。手嶌葵の透明感のある歌声とピアノやギターによるジャジーでアコースティックな演奏で楽しめる作品。レコードならではの音質で楽しめる貴重な作品。手嶌葵のファンは勿論、JAZZボーカル・アーティストの音楽を嗜むファン方にもお薦め。', '1. The Rose\n2. Moon River\n3. Calling You\n4. Raindrops Keep Fallin\'On My Head\n5. Over The Rainbow\n6. Beauty And The Beast\n7. What Is A Youth?\n8. Alfie\n9. The Rose (extra ver.)\n10. Winter Light\n11. Smile\n12. La Vie En Rose\n13. A Dream Is A Wish Your Heart Makes\n14. Song Of Green Mansions\n15. Secret Kingdom\n16. Night And Day\n17. Wouldn’t It Be Loverly?\n18. Fascination\n19. Edelweiss\n20. Angel'),
(177, '110738', 'Precious Days＜完全生産限定盤＞', 517, 1680, 6, 22, 'Warner JP', '2024-10-23', '2LP', '2025-06-09 01:11:16', 1, 1, '2014年に発売したアルバム『TRAD』以来10年ぶり、通算12枚目のオリジナル・アルバム。\n映画や地上波TVドラマ、Netflixアニメなどの主題歌、TVやニュース番組のテーマソング、CMソング、加えて杏里さんとのコラボ・ソングや山下達郎とのハーモニーが美しい洋楽カヴァー、松浦亜弥さんや早見沙織さんへの提供曲のセルフカヴァー（それぞれ松浦亜弥さんと早見沙織さんがコーラスとして参加）など、初音源化された楽曲も多数収録。2024年8月に発売されたシングル「歌を贈ろう」（生田絵梨花さんがコーラス参加）も収録。', '01. Brighten up your day !\nテレビ朝日「大下容子 ワイド！スクランブル」テーマソング\n02. 小さな願い（2024 New Remix）\n映画「あいあい傘」主題歌\n03. ベイビー・マイン（日本語Ver）\nディズニー映画「ダンボ」日本版エンドソング\n04. 君の居場所（Have a Good Time Here）\nNetflixシリーズ「ポケモンコンシェルジュ」主題歌\n05. Smiling Days（2024 New Remix）\nベルメゾンCM楽曲\n06. Watching Over You（Duet with 杏里）\nテレビ朝日金曜ナイトドラマ「和田家の男たち」主題歌\n07. 遠いまぼろし\n08. Subject:さようなら\nセルフカヴァー（松浦亜弥への提供楽曲）松浦亜弥がコーラス参加\n09. 夢の果てまで\nセルフカヴァー（早見沙織への提供楽曲）早見沙織がコーラス参加\n10. TOKYO WOMAN\nフジテレビ深夜ドラマ「TOKYO WOMAN」主題歌\n11. 旅のつづき（2024 New Remix） ]\n映画「最高の人生の見つけ方」主題歌\n12. Coffee &amp; Chocolate\n朝日生命CMソング\n13. Days of Love\nエアウィーヴCMソング\n14. 歌を贈ろう\nABCテレビ・テレビ朝日系ドラマ「素晴らしき哉、先生！」主題歌　生田絵梨花がコーラス参加\n15. 今を生きよう（Seize the Day）（2024 New Remix）\nNHK総合 土曜時代ドラマ「ぬけまいる～女三人伊勢参り」主題歌\n16. All I Have To Do Is Dream（Duet with 山下達郎）\n17. 今日の想い（2024 New Remix）\nテレビ東京系列「ワールドビジネスサテライト（WBS）」エンディングテーマ曲\n18. May Each Day'),
(178, '110657', 'VOCALIST 6', 528, 1880, 6, 21, 'UNI JP', '2025-03-26', '2LP', '2025-06-09 01:11:16', 1, 1, '2005年から2015年にかけて発売された初のカバーアルバム『VOCALIST』シリーズ（女性アーティストの名曲をカバー）。そのラストアルバム「VOCALIST 6」(2015年1月21日発売)から10年目となる2025年1月21日より、『VOCALIST』シリーズ 全6タイトルのアナログレコード盤が3ヶ月連続で発売。（「VOCALIST 4」「VOCALIST VINTAGE」「VOCALIST 6」は初アナログレコード化）', 'LP1.\nSIDE A\n1 さよならの向う側\n2 Woman“Wの悲劇”より\n3 サンキュ.\nSIDE B\n1 寒い夜だから…\n2 桜色舞うころ\n3 風立ちぬ\nLP2.\nSIDE A\n1 スローモーション\n2 やさしい悪魔\n3 想い出のスクリーン\nSIDE B\n1 かもめが翔んだ日\n2 告白\n3 春なのに\n4 ダンデライオン～遅咲きのタンポポ～'),
(179, '110656', 'VOCALIST VINTAGE', 528, 1880, 6, 21, 'UNI JP', '2025-03-26', '2LP', '2025-06-09 01:11:16', 1, 1, '2005年から2015年にかけて発売された初のカバーアルバム『VOCALIST』シリーズ（女性アーティストの名曲をカバー）。そのラストアルバム「VOCALIST 6」(2015年1月21日発売)から10年目となる2025年1月21日より、『VOCALIST』シリーズ 全6タイトルのアナログレコード盤が3ヶ月連続で発売。（「VOCALIST 4」「VOCALIST VINTAGE」「VOCALIST 6」は初アナログレコード化）', 'LP1.\nSIDE A\n1 夢は夜ひらく\n2 悲しい酒\n3 虹色の湖\nSIDE B\n1 人形の家\n2 再会\n3 酒場にて\n4 夕月\nLP2.\nSIDE A\n1 北国行きで\n2 ブルーライト・ヨコハマ\n3 伊勢佐木町ブルース\nSIDE B\n1 恋の季節\n2 愛の讃歌\n3 別れのブルース\n4 真夜中のギター'),
(180, '110631', '殘夢', 529, 1580, 6, 22, 'UNI JP', '2024-12-11', '2LP', '2025-06-09 01:11:16', 1, 1, '初出場した紅白歌合戦でも披露した大ヒット曲「唱」、アニメ「SPY×FAMILY」Season 2オープニングの主題歌「クラクラ」、\nTBSドラマ「18／40～ふたりなら夢も恋も～」の主題歌「向日葵」、2024年初のリリースとなったロッテ チョコレート 60周年記念CMソング「ショコラカタブラ」など\n多数のタイアップ楽曲に加え、未発表の新録音源を含む全16曲を収録。', 'SIDE A\n抜け空【楽曲提供：雄之助_牛肉】\n行方知れず 【楽曲提供：椎名林檎】\nDIGNITY 【楽曲提供：B’z】\nショコラカタブラ【楽曲提供：TAKU INOUE_かめりあ】\nSIDE B\nクラクラ【楽曲提供：meiyo　編曲：菅野よう子×SEATBELTS】\nアタシは問題作 【楽曲提供：ピノキオピー】\nリベリオン 【楽曲提供：Chinozo】\nオールナイトレディオ 【楽曲提供：Mitchie M】\nSIDE C\n向日葵【楽曲提供：みゆはん　編曲：40mP】\n永遠のあくる日 【楽曲提供：てにをは】\nMIRROR【楽曲提供：なとり】\nルル【楽曲提供：MARETU】\nSIDE D\n唱【楽曲提供：Giga &amp; TeddyLoid_TOPHAMHAT-KYO】\nいばら 【楽曲提供：Vaundy】\nValue【楽曲提供：ポリスピカデリー】\n0【楽曲提供：椎乃味醂】'),
(181, '111429', '奧斯威辛的刺青師', 585, 1480, 7, 25, 'Music On Vinyl', '2024-12-06', '2LP', '2025-06-09 01:11:16', 1, 1, 'The Tattooist of Auschwitz is a 2024 six-part TV miniseries based on the international bestselling novel by Heather Morris, inspired by the real-life story of Holocaust prisoners Lali and Gita Sokolov.\nThe story follows one man, Lali, a Slovakian Jew, who, in 1942, was deported to Auschwitz, the concentration camp where over a million Jews were murdered during the Holocaust. Shortly after arrival, Lali was made one of the Tätowierer (tattooists), charged to ink identification numbers onto fellow prisoners’ arms. One day, he met Gita when tattooing her prisoner number on her arm, leading to a love that defies the horrors around them. The cast features Harvey Keitel, Melanie Lynskey, Jonah Hauer-King, and Anna Próchniak.\nMusic for the series was composed by multi Academy Award-winning composer Hans Zimmer and Kara Talve. The soundtrack also features the brand new song \"Love Will Survive\" by global music icon Barbra Streisand. The music for the show received 2 Primetime Emmy nominations, for \"Outstanding Original Music and Lyrics\" and \"Outstanding Music Composition for a Limited or Anthology Series, Movie or Special (Original Dramatic Score)\"\nThe Tattooist of Auschwitz is available on black vinyl and includes a 4-page booklet.', 'LP1\n1. Whatever It Takes\n2. Krompachy\n3. If Someone Sees Her\n4. Just Like When I Met Her\n5. I\'m Free\n6. How Can You Be Here?\n7. What Happens To the Women?\n8. The Tenor (Quando M\'en Vo)\n9. You Think You\'re Special\n10. One Day, When It\'s Safe\n11. Not Long Now\nLP2\n1. Whatever It Takes (Grandma\'s Piano)\n2. You Have No Fear\n3. Not the Women and Children\n4. We Will Be Strong (Chazak, Chazak, V\'nitchazek)\n5. I Will Find You\n6. The Death March\n7. Mekudeshet Li (Sacred To Me)\n8. To See It Through These Old Eyes\n9. Ani Ma\'amin (I Believe)\n10. Whatever It Takes (Say Goodbye To This Place)\n11. Love Will Survive (From the Tattooist of Auschwitz)'),
(182, '111373', '超級瑪利歐世界 原聲帶', 586, 3680, 7, 28, 'YHM Indie', '2025-04-30', '3LP', '2025-06-09 01:11:16', 1, 1, '任天堂經典遊戲《超級瑪利歐世界》的原聲帶首度以黑膠唱片形式發行！本作自1990年與主機同時上市以來，全球累計銷售突破2,000萬套，成為歷史上最暢銷的電玩之一。\n這次的原聲帶由傳奇音樂人すぎやまこういち擔任總製作，並由知名爵士薩克斯風手渡邊貞夫擔任音樂製作。演奏陣容包括野力奏一（鍵盤）、松木恒秀（吉他）、梶原順（電吉他）、高水健司（貝斯）、渡嘉敷祐一（鼓）、濱口茂外也（打擊樂）、鳥山敬治（合成器）等一流音樂家。\n收錄內容不僅涵蓋《超級瑪利歐世界》的配樂，更完整網羅《超級瑪利歐兄弟》1至3代的原創背景音樂與經典音效，共179首曲目，是所有電玩與音樂迷必收的夢幻逸品！', ''),
(183, '111232', '科密特青蛙：綠色特輯', 43, 1380, 7, 29, 'Walt Disney Records', '2025-05-09', '1LP', '2025-06-09 01:11:16', 1, 1, '★慶祝美國傳奇布偶節目「The Muppet Show」重返好萊塢的歡唱搖滾特輯\n★號召Weezer、OK GO、The Fray、Paramore主唱Hayley Williams、Evanescence前主唱Amy Lee、Good Charlotte吉他手Billy Martin…等當代搖滾菁英，翻玩這群布偶角色曾在電視與電影中歡唱的名曲\n大青蛙、豬小姐將帶領風靡全球超過半世紀的美國傳奇布偶節目「The Muppet Show」中深受歡迎的布偶夥伴再度重返好萊塢，在2011年感恩節檔期推出與Jason Segel、Amy Adams等影星合演的同名電影「The Muppets」，迪士尼唱片公司為了慶祝這個娛樂圈年度盛事，特地製作音樂特輯【Muppets: The Green Album】，號召Weezer、OK GO、The Fray，以及Paramore樂團主唱Hayley Williams、Evanescence樂團前主唱Amy Lee、Good Charlotte樂團吉他手Billy Martin…等當代搖滾菁英，翻玩這群布偶角色在電視布偶節目與電影中歡唱的名曲。\n洛杉磯流行龐克搖滾團Weezer與以「暮光之城」、「變形金剛3」等電影原聲帶歌曲竄紅的Paramore樂團主唱Hayley Williams配搭，合唱1979年獲得奧斯卡最佳電影主題曲提名的甜蜜情歌\"The Rainbow Connection\"；2007年以\"Here It Go Again\"的跑步機音樂錄影帶紅翻天的加州搖滾團OK GO，惡搞布偶秀1970年代招牌主題曲\"Muppet Show Theme Song\"；以TOP10單曲\"How To Save A Life\"跳登主流的科羅拉多州搖滾團The Fray，挑選「The Muppets Show」第一季中無厘頭翻唱義大利電影音樂作曲家Piero Umiliani的1960年代創作曲\"Mah Na Mah Na\"而成的暢銷作\"Mahna Mahna\"；流行重搖滾樂團Evanescence前主唱Amy Lee以迷幻唱腔改造英國金榜TOP10名曲\"Halfway Down The Stairs\"；曾與Jason Mraz合作過的創作女聲Rachael Yamagata選唱出自1979年布偶秀首部電影「The Muppet Show」的抒情小品\"I’m Going To Go Back There Someday\"。', '1.Muppet Show Theme Song - Performed by OK Go\n2.Rainbow Connection (feat. Hayley Williams) - Performed by Weezer (Featuring - Hayley Williams)\n3.Mahna Mahna - Performed by The Fray\n4.Movin\' Right Along - Performed by Alkaline Trio\n5.Our World - Performed by My Morning Jacket\n6.Halfway Down the Stairs - Performed by Amy Lee\n7.Mr. Bassman - Performed by Sondre Lerche\n8.Wishing Song - Performed by The Airborne Toxic Event\n9.Night Life - Performed by Brandon Saller and Billy Martin\n10.Bein\' Green - Performed by Andrew Bird\n11.I Hope That Something Better Comes Along - Performed by Matt Nathanson\n12.I\'m Going to Go Back There Someday - Performed by Rachael Yamagata'),
(184, '111170', '獅子王：木法沙', 587, 1080, 7, 29, 'Walt Disney Records', '2024-12-13', '1LP', '2025-06-09 01:11:16', 1, 1, '★見整偉大傳奇崛起，【獅子王】辛巴傳奇老爸木法沙正式登場，揭曉不朽傳奇的起源故事！\n★原聲帶由操刀【海洋奇緣】、【魔法滿屋】，金牌音樂製作Lin-Manuel Miranda，操刀打造原創歌曲，“Circle Of Life”原唱Lebo M再次獻上震撼開場之聲“Ngomso”\n【電影入座】\n2024年底上映的【獅子王：木法沙】，採用真人電影製作技術與擬真電腦動畫相結合，改編自迪士尼1994年經典動畫電影【獅子王】，也是2019年【獅子王】版本的前傳兼續集，由執掌奧斯卡「最佳影片」的【月光下的藍色男孩】導演Barry Jenkins操刀。這部作品透過回憶形式，揭開木法沙的童年經歷，和牠一路走來成就榮耀石史上最偉大國王稱號的磨難與不凡，同時呈現木法沙和塔卡關係未破裂之前，牠們之間的兄弟情誼以及純真一面。這場偶然的相遇，開啟一段驚心動魄的旅程，一群不平凡的角色聯手尋找命運的歸宿，彼此的羈絆將在面對危險與致命威脅時，經受考驗。由加拿大影視獎最佳男配角Aaron Pierre（木法沙）、美國演員工會獎與好萊塢影評人協會電影獎肯定Kelvin Harrison Jr.（塔卡）、流行天后Beyoncé（娜娜）、影歌視三棲天王Donald Glover（辛巴）、喜劇演員Seth Rogen（彭彭）、Billy Eichner（丁滿）、丹麥最帥大叔Mads Mikkelsen（奇羅斯）等巨星領銜配音並演唱！\n【音樂開始】\n集結作曲家、劇作家、演員、歌手、電影製作人等身分的全方位才子Lin-Manuel Miranda，替【獅子王：木法沙】原聲帶打造動人歌曲。曾掌舵百老匯音樂劇【紐約高地】和【漢密爾頓】，並為動畫電影【海洋奇緣】和【魔法滿屋】打造原創歌曲，並獲得多項榮譽，包括：3座東尼獎、2座艾美獎、1座安妮獎以及5座葛萊美獎，並曾2度提名奧斯卡獎，2018年獲頒甘迺迪中心榮譽獎。導演Barry Jenkins和Lin-Manuel Miranda共同商討如何將經典永恆的主題，與全新劇情發展做結合，打造配樂的奇妙旅程。請回全球觀眾最熟悉的【獅子王】系列片頭曲“Circle Of Life”的演唱/創作首腦、南非籍的Lebo M，再次獻上震撼開場之聲“Ngomso”，Ngomso是南非科薩語「明日」的意思，被Jenkins和Miranda譽為靈魂核心，不可或缺，猶如來自非洲大草原呼喚的聲音，依舊是映入觀眾耳中的第一感動，讓人瞬間沉浸其中。Miranda在創作中直言：「大部分的歌詞早已隱藏在劇本之中」，當他聽到台詞：「I Always Wanted A Brother」時，即刻誘發內心強烈悸動以及全然投入感，此曲由配音木法沙與塔卡的Aaron, Kelvin偕同配音幼獅的Braelyn Rankins、Theo Somulo四人共同演唱，歌誦木法沙與塔卡的兄弟情誼。Jenkins則對配音木法沙的父母親 – 葛萊美獎提名、東尼獎得主Anika Noni Rose與艾美獎肯定Keith David的合唱曲“Milele”情有獨鍾，這首歌氣勢磅礴且悠揚，成為Miranda創作中最具挑戰的一個環節，他說道：「“Milele”凝聚迪士尼音樂最無可比擬的震撼與細膩，但也因此令我承受前所未有的創作壓力，卻更突顯這份作品的非凡與動人。」；風靡全球最帥丹麥大叔Mads Mikkelsen，為本片反派奇羅斯配音，同時獻唱“Bye Bye”一曲，也是他首度為大螢幕獻聲領唱，流露邪氣冷酷的魅力，完美營造威脅逼近的緊張氣氛；此外Miranda也為木法沙與沙拉碧打造動人情歌“Tell Me It’s You”，進一步完整影迷多年來對辛巴時代之前的榮耀石、以及他的父親、偉大的木法沙傳奇故事。', '1.Ngosmo\n2.Milele\n3.I Always Wanted A Brother\n4.Bye Bye\n5.We Go Together\n6.Tell Me It\'s You\n7.Brother Betrayed'),
(185, '111168', '沙丘：預言', 588, 1080, 7, 25, 'Music On Vinyl', '2025-05-23', '1LP', '2025-06-09 01:11:16', 1, 1, '先插播一則五月的大片，#沙丘 影集版原聲帶即將黑膠化！配樂由以《西線無戰事》獲得奧斯卡金像獎的德國音樂家 Volker Bertelmann 負責，以管絃推疊融合多種元素，營造出富有未來感以及震撼力的音樂，首版全球限量一千張。', '1. Main Title\n2. The Hidden Hand\n3. Sisterhood Choir Ritual\n4. They Are Not Like You\n5. Our Past Always Finds Us\n6. Push and Pull\n7. Lankiveil\n8. You Did This\n9. Arrakis\n10. Entering Landsraad\n11. Obligated To Follow\n12. God Created Arrakis\n13. The Emperor\n14. Give It Some Rest\n15. Arrest Her\n16. Opening the Inquest\n17. Spaceport'),
(186, '111116', '英倫情人 電影原聲帶', 589, 1680, 7, 25, 'Universal', '2025-03-28', '2LP', '2025-06-09 01:11:16', 1, 1, 'The English Patient is a 1996 romantic war drama film directed by Anthony Minghella, which received twelve nominations at the 69th Academy Awards, winning nine, including Best Picture, Best Director, as well as Best Original Dramatic Score, awarded to Gabriel Yared’s unforgettable music for the film. This Deluxe 2-LP set marks the first-ever vinyl pressing of Yared\'s original score, plus 3 bonus tracks chosen by the composer.\nFeatures\n✭Winner of the Best Original Score Academy Award\n✭First-ever vinyl release\n✭3 bonus tracks chosen by the composer', 'Side A\n1.The English Patient\n2.A Retreat\n3.Rupert Bear\n4.What Else Do You Love?\n5.Why Picton?\n6.Cheek to Cheek\n7.Kip´s Lights\n8.Hana´s Curse\n9.I´ll Always Go Back To That Church\n10.Black Nights\nSide B\n1.Swoon, I´ll Catch You\n2.Am I K. In Your Book?\n3.Let Me Come In!\n4.Wang Wang Blues\n5.Convento De Sant´anna\n6.Herodotus\nLP2\nSide A\n1.Szerelem, Szerelem\n2.Ask Your Saint Who He´s Killed\n3.One O´Clock Jump\n4.I´ll Be Back\n5.Let Me Tell You About Winds\n6.Read Me To Sleep\nSide B\n1.The Cave Of Swimmers\n2.Where Or When\n3.Aria (From The Goldberg Variations)\n4.Cheek To Cheek\n5.As Far AS Florence\n6.Én Czak Azt Csodálom (Lullabye For Katharine)'),
(187, '111044', '璀璨女人夢 電影原聲帶', 590, 1180, 7, 25, 'SONY MUSIC', '2025-02-07', '2LP', '2025-06-09 01:11:16', 1, 1, '    《璀璨女人夢》獲11項提名成大贏家。\n    榮獲2025金球獎【最佳原創歌曲】“El Mal”。\n    贏取坎城影展「評審團」及「最佳女演員」兩大獎座喝采的犯罪音樂歌舞劇。\n    由廣受好評的作曲家Clément Ducol和法國歌手Camille聯合創作、演唱大部分曲目。\n    橫跨影歌視三棲的美國流行天后Selena Gomez獨挑大梁演唱新歌〈Mi Camino〉。\n【關於電影】\n憑藉《我心遺忘的節奏》和《大獄言家》兩部大戲，分別贏取凱薩電影獎＋坎城影展大獎肯定的Jacques Audiard執導＋監製＋編寫犯罪音樂歌舞劇《Emilia Pérez 璀璨女人夢》，在第77屆坎城影展全球首映，入選正式競賽單元角逐金棕櫚獎，最終拿下「評審團」及「最佳女演員」兩大獎座喝采！劇情講述一位墨西哥販毒首領Juan “Small Hands” Del Monte為了逃亡，決定實施變性計畫。這位外表陽剛、令人畏懼的首領，一直渴望成為一位真正女性，正好可以利用這次逃避政府追捕的名義實現夢想。為完成計畫，他找來擅長協助罪犯脫離險境的律師Rita，帶領大毒梟完成逃亡並實現夢想，轉換成全新身份Emilia Pérez。時代雜誌給予滿分推崇：「這部瘋狂的音樂劇，是今年最棒的電影之一。」堅強的演員陣容備受各界關注，包括：由縱橫影視圈的西班牙演員Karla Sofía Gascón擔任主角Emilia Pérez＋以《阿凡達》、《星際異攻隊》和《復仇者聯盟》系列電影持續爆紅的Zoe Saldaña＋橫跨影歌視三棲，全球首位Instagram粉絲破億女星，美國流行天后Selena Gomez＋墨西哥女演員和舞者Adriana Paz，她們四人一起接受坎城影展「最佳女演員」獎項喝采！\n【關於原聲帶】\n電影《Emilia Pérez 璀璨女人夢》原聲帶，由廣受好評的作曲家Clément Ducol和法國歌手Camille聯合創作、演唱大部分曲目，每支作品都根據電影情節和角色量身打造，同時電影主演陣容Karla Sofía Gascón、Zoe Saldaña、Selena Gomez和Adriana Paz輪番獻藝。由法國籍製作人Pierre-Marie Dru操刀，捕捉每位角色內心的複雜情感，使聽眾能藉著音樂，更深刻沉浸於故事中。最初，導演構想為一部歌劇，隨著音樂創作進展，最終演變成一部歌舞劇，其敘事方式大量依賴音樂的力量。Clément和Camille擴展了音樂範疇，涵蓋多樣風格，企圖與角色個性相契合。從Zoe Saldaña的Rita所展現出硬式搖滾與嘻哈風格，到Karla Sofía Gascón演唱的親密抒情曲目，再到Selena Gomez詮釋的反叛精神，以及Adriana Paz的民謠式情歌，一再細膩表現角色在影片中的心路歷程。Zoe演唱的開場曲〈El Alegato〉到具有呼應式風格〈Todo y Nada〉，營造一種集體參與和強烈感染力效果，增強情緒張力，為角色以及整部影片情感奠定基調；隨著影片推進，這股能量在〈El Mal〉中達到高潮, 此曲榮獲2025金球獎【最佳原創歌曲】“El Mal”；核心主打〈Mi Camino〉由Selena Gomez詮釋，深情地傳遞自愛與接納的信息，秀出這位流行天后的堅強實力。這張包含43首曲目、分為兩碟的原聲帶，成為關鍵的敘事管道，捕捉每位角色細微情感與其電影中的旅程，同時回應Emilia Pérez不拘一格的本性！', 'Side A\n1.Subiendo (Part 1) – Camille, Clément Ducol\n2.Fierro Viejo / La Ciudad – Camille\n3.El Alegato – Zoe Saldaña\n4.Fantasmas – Camille\n5.Todo y Nada – Zoe Saldaña\n6. El Rayo – Clément Ducol\n7. El Encuentro – Karla Sofía Gascón\n8. La Vaginoplastia – Zoe Saldaña\n9.Lady – Zoe Saldaña, Mark Ivanir\nSide B\n1.Claroscuro (Part 1) – Clément Ducol\n2.Claroscuro (Part 2) – Karla Sofía Gascón, Mark Ivanir\n3. Deseo – Karla Sofía Gascón, Camille\n4. El Rayo - Clément Ducol\n5. El Despertar – Camille\n6. Por Casualidad – Karla Sofía Gascón, Camille, Zoe Saldaña\n7. Subiendo (Part 2) – Camille\n8. Cara a Cara – Clément Ducol\n9. Bienvenida – Selena Gomez\n10.Desire (Alternative Version) – Camille\n11.Mis Siete Hermanas y Yo – Xiomara Ahumada Quito\nSide A\n1.PaPa - Juan Pablo Monterrubio\n2. El Reclutamiento- Camille\n3.Para - Iván Ruiz De Velasco\n4.Disonancia - Karla Sofía Gascón\n5.El Mal - Karla Sofía Gascón\n6. El Amor - Adriana Paz\n7. La Pelea - Camille ,Clément Ducol\n8. 3 Dedos - Camille ,Clément Ducol\nSide B\n1.Mi Camino - Selena Gomez\n2.EL Trio - Karla Sofía Gascón\n3.Beatificación (Part 1) - Camille ,Clément Ducol\n4.Beatificación (Part2) - Camille ,Clément Ducol\n5. Perdóname – Camille\n6. Las Damas que Pasan - Adriana Paz\n7.El Alegato -Camille, Zoe Saldaña'),
(188, '110989', '逃離之地 電影原聲帶(海藍膠)', 591, 1380, 7, 25, 'DECCA', '2025-01-03', '1LP', '2025-06-09 01:11:16', 1, 1, '電影《逃離之地》改編自艾米•利普羅特（Amy Liptrot）的暢銷自傳書籍，描述羅娜在倫敦過著混亂的生活後，決定回到故鄉重建自己的生活。約翰‧戈爾特勒（John Gürtler）和米塞爾（Jan Miserre）的配樂無疑是故事中重要的情感引導，從電子音樂到傳統蘇格蘭民謠與蘇格蘭奧克尼群島的自然聲景，構成了一幅迷人的聲音拼圖，創造出既細膩又充滿力量的聲音體驗，帶領聽眾與電影中的主角羅娜一起踏上心靈重生的旅程。\n故事中的羅娜在家鄉的自然景色中尋找自我，與過去的痛苦告別，配樂則精準反映出這種旅程的內外層次。重要曲目如《Corncrake》與《The Long Way Home》展現出約翰‧戈爾特勒和米塞爾如何以音樂表達自然、情感與復甦交織的功力。他們運用獨特的樂器，包括水琴、巴氏水晶琴和玻璃琴，把音景帶入更深層次的感知。此外，蘇格蘭風笛手與作曲家Malin Lewis也參與演出，為音樂增添濃厚的傳統民俗色彩。特別設計的創新樂器更為這張原聲帶注入無可比擬的獨特性。\n值得一提的是，這張專輯中的部分曲目早在拍攝開始之前就已經完成，讓作曲家深入理解與參與電影拍攝過程。電影導演諾拉•芬沙伊德（Nora Fingscheidt）在劇本開發階段加入羅娜「指揮天氣」的概念，作曲家們則成功把這種創意轉化為音樂，並讓音樂與羅娜在片中的身體動作和情感變化達到完美的和諧。', 'Side A\n01 Dance of the Selkies\n02 Orkney\n03 Arise (Inland Version)\n04 Beyond the Noise\n05 Never Again\n06 It Could All Just Be In Your Head\n07 Corncrake\n08 Ring of Brodgar\n09 A Call from Dad\nSide B\n1 Selkie Swimming\n2 They Belong to the Sea\n3 Have You Ever Felt Like You Could Control The Weather?\n4 The Tremors\n5 Cravings\n6 The Long Way Home\n7 One With The Wind\n8 Gyro Nights\n9 Tides of Surrender'),
(189, '110888', '挑戰者電影原聲帶配樂', 592, 1268, 7, 25, 'SONY MUSIC', '2024-11-29', '1LP', '2025-06-09 01:11:17', 1, 1, '    由奧斯卡得主、進入「搖滾名人殿堂」的工業金屬天團Nine Inch Nails首腦Trent Reznor和音樂合作夥伴Atticus Ross，聯合打造電影配樂。\n    來自德國身兼製作人、寫歌者、DJ的Boys Noize參與混音工作。\n【關於電影】\n曾為Dior、Fendi和Salvatore Ferragamo品牌拍攝形象廣告，掌鏡《以你的名字呼喚我》義大利名導盧卡‧格達戈尼諾（Luca Guadagnino）的全新力作《挑戰者 Challengers》，締造破9000萬美金票房，贏取影評普遍讚譽，被封為「史上最性感的電影之一。」除了在球場上的精采比賽橋段，兩男一女的三角戀情，更是讓觀眾心跳加速，他們在球場上競技，在生活中交織愛情、背叛與渴望的激烈對抗。每一個發球、每一次扣殺，都隱喻角色之間的權力轉換與情感糾葛。這部電影充滿激情和張力，是一場視覺與心靈的雙重饗宴。能歌善舞又能演戲，憑藉影集《高校十八禁》拿下兩次艾美獎「最佳劇情類影集女主角」肯定的好萊塢炙手可熱大明星千黛亞（Zendaya），出飾女主角塔希；另外兩大帥氣男演員，分別為：從Netflix自製影集《王冠》，贏得金球獎和艾美獎「最佳戲劇類影集男主角」大賞的英國籍喬許‧歐康納（Josh O’Connor）＋靠著百老匯音樂劇《致埃文‧漢森》，入圍東尼獎「最佳音樂劇男配角」的美國籍麥克‧費斯（Mike Faist），三人攜手上演一段運動場上的曲折三角戀！\n【關於配樂】\n受到許多傳媒讚譽的配樂部分，可說是整齣戲關鍵的靈魂所在。音樂界的兩位才子Trent Reznor和Atticus Ross，自2010年聯合操刀的《社群網戰》，首度拿下奧斯卡禮讚；2013年藉由《龍紋身的女孩》，抱走葛萊美大獎！替工業金屬派系帶出搖滾革命新震撼的Trent Reznor，入籍時代雜誌「年度最具影響力人物」、Spin「音樂領域中最具核心領導力藝人」、滾石雜誌「史上百大經典藝人」，還是Playgirl雜誌票選「十大性感搖滾男歌手」之一，並且提拔黯黑天團Marilyn Manson，建立自己音樂廠牌Nothing Records盛世，一手打造的工業金屬天團Nine Inch Nails，贏得兩屆葛萊美「最佳金屬演出」喝采，頂著全球3000萬張銷售量，2020年正式成為「搖滾名人殿堂」終身會員！Nine Inch Nails遭逢團員不斷更迭，曾一度僅剩下Trent一人支撐，從2005年開始就是幕後好夥伴的Atticus Ross，2016年正式晉升團員。Trent和Atticus兩人企圖跳脫音樂圈，前往影視配樂界發展，交出一張漂亮成績單！\n★BBC：「充滿動感的電子樂，在網球場景中發揮要角，讓畫面更具張力。」\n★娛樂週刊：「Trent Reznor和Atticus Ross兩人自2010年的《社群網戰》以來，一直拓展電影音樂的可能性。」\n★NME：「巧妙運用令人心跳加速的精彩合成樂旋律，還經常在對話場景中突然響起，加強緊張氛圍。」\n★好萊塢報導：「喚起人們從迪斯可時代，一路到21世紀前的二十年間，電子舞曲演進的美好回憶。這部電影讓人不僅想拿起球拍上場打網球，還想起身隨樂起舞。」\n★美國週刊：「由奧斯卡得主Trent Reznor和Atticus Ross創作的音樂令人著迷，與影片中逐漸發展的關係完美契合。」\n★IndieWire：「Trent Reznor和Atticus Ross齊力送上的震撼電子音樂，替比賽得分時刻營造出超強緊張氛圍。」', 'Side A\n1. Challengers\n2. “I Know”\n3. Yeah x10\n4. L\'oeuf\n5. The Signal\n6. Brutalizer\n7. Stopper\n8. Brutalizer 2\n9. The Points That Matter\n10. Lullaby\nSide B\n1. Final Set\n2. Pull Over\n3. Friday Afternoons, Op. 7: A New Year Carol\n4. Friday Afternoons, Op. 7: A New Year Carol (Part 2)\n5. Challengers: Match Point\n6. Compress / Repress'),
(190, '110791', '變形金剛：源起', 593, 1380, 7, 29, 'Music On Vinyl', '2025-01-17', '2LP', '2025-06-09 01:11:17', 1, 1, 'Transformers One is the 2024 animated science fiction action blockbuster and the latest theatrical release in the Transformers franchise. The film tells the untold origin story of Optimus Prime and Megatron, better known as sworn enemies, but once were friends bonded like brothers who changed the fate of Cybertron forever. Transformers One is the first-ever fully CG-animated Transformers movie and features a star-studded voice cast, including Chris Hemsworth, Brian Tyree Henry, Scarlett Johansson, Keegan-Michael Key, Steve Buscemi with Laurence Fishburne, and Jon Hamm.\nTransformers One is available as a 2LP limited edition of 750 numbered copies on yellow coloured vinyl and includes a 4-page booklet.', 'LP1\n1. Transformers One Theme\n2. Birth of the Primes\n3. Orion Pax\n4. Destiny of the Primes\n5. Transform the Dark\n6. Metal To the Pedal\n7. Memory of the Forgotten\n8. The Contenders\n9. Trespaxxing\n10. More Than Meets the Eye\n11. Escape To the Surface\n12. Resting Place of the Primes\n13. The Ultimate Betrayal\nLP2\n1. Echelon Now\n2. New Cog Potential\n3. Alpha\'s Orders\n4. Hidden Truth\n5. Starscream\n6. Sealed Fate\n7. Together As One\n8. Coming of the Guard\n9. The Battle For Cybertron\n10. Prime Reason\n11. The Fall\n12. Battle of the Titans\n13. I Am Optimus Prime\n14. Transformers One End Title'),
(191, '110772', '《蜘蛛人2》電影原聲帶', 594, 1080, 7, 25, 'SONY MUSIC', '2024-11-01', '2LP', '2025-06-09 01:11:17', 1, 1, '為慶祝《蜘蛛人2》20週年，Sony Classical 隆重推出丹尼•葉夫曼 （Danny Elfman）的經典原聲配樂，首次以黑膠唱片形式發行。由皮特•安東尼（Pete Anthony）指揮，並由超過100名樂手組成的好萊塢錄音室交響樂團演奏，本特別版收錄了葉夫曼為山姆•雷米（Sam Raimi）蜘蛛人三部曲的第二部作品所創作的傑出音樂。該電影由陶比•麥奎爾（Tobey Maguire）、克莉絲汀•鄧斯特（Kirsten Dunst）、詹姆斯•法蘭科（James Franco）和阿爾弗雷德•莫里納（Alfred Molina）主演。\n在彼得•帕克（Peter Parker）於大學生與超級英雄雙重身份間掙扎時，葉夫曼的配樂深入探索角色情感，不僅重溫經典的蜘蛛人主題，更為最新反派——章魚博士（Doc Ock）引入一個大膽且不祥的新樂章。此外，專輯還收錄了兩首原由葉夫曼創作並錄製，但最終未納入電影的加值曲目：「Train / Appreciation」，以銅管與打擊樂為主，充滿動感；以及溫柔感人的「Aunt May Packs」，讓樂迷一窺葉夫曼的原始創作構想。專輯的結尾則以「Green Goblin Returns」重現綠惡魔的主題，並以融合浪漫與首部電影中「Farewell」主題的情感高潮之作「At Long Last, Love」作為壓軸，為漫威粉絲的收藏增添懷舊色彩。', 'LP 1\nSide A\n1.    Mirage Theme\n2.    The Shadows We Walk\n3.    Madinat al-Salam\n4.    Daughter of No One\n5.    Tales of Baghdad\n6.    Bloodflower\n7.    Nightshade\n8.    Retribution\nSide B\n1.    Leaving For Alamut\n2.    Serpent\'s Kiss\n3.    Outside the Walls\n4.    Sand Drift\n5.    Hushed Blades\n6.    The Wild\n7.    City Under Stars\n8.    The King Sun\n9.    Singing Dunes\n10.    Whispers\n11.    True Sight\nLP 2\nSide A\n1.    Pools of Blood\n2.    A Path of Shadows\n3.    A Path of Heat\n4.    The Round City\n5.    Incense Trails\n6.    Assassin\'s Lament\n7.    The Escape\n8.    The Bureau (Mirage Version)\n9.    Spices\n10.    Marketplace\n11.    Baghdad Murmurs\nSide B\n1.    The Center of Science\n2.    Without Mercy\n3.    Deadly Shade\n4.    Noxious\n5.    Truth of Masks\n6.    The Jinni\n7.    You Are Never Alone\n8.    A New World Awaits\n9.    Ezio\'s Family (Mirage Version)\n10.    Mirage Theme (Menu Version)\n11.    Mirage');
INSERT INTO `vinyl` (`id`, `shs_id`, `title`, `author_id`, `price`, `genre_id`, `gender_id`, `company`, `release_date`, `format`, `create_date`, `stock`, `status_id`, `desc_text`, `playlist`) VALUES
(192, '110752', '漢斯季默的音樂世界II:新境界', 585, 1980, 7, 25, 'SONY MUSIC', '2025-01-31', '3LP', '2025-06-09 01:11:17', 1, 1, '    電影配樂界的傳奇大師推出電影配樂精選第二篇章。\n    集結歷年最成功的17部原聲配樂，重新編排成史詩般的交響組曲。\n    與一眾頂尖各領域歌手、獨奏家及長期合作夥伴齊力演出。\n電影配樂界的傳奇大師漢斯季默（Hans Zimmer），以他獨特的音樂語言重新定義視聽藝術。每日電訊報譽為「仍在世的百大天才」之一，榮膺「迪士尼傳奇」崇高榮譽，並在好萊塢星光大道留下屬於他的一顆星星。漢斯季默的音樂能將影像中情感推至極致，讓觀眾彷彿親歷故事情節。從70年代廣告配樂開始，漢斯季默便展現他對聲音敘事的天賦，隨後進軍電影與電視領域，成為好萊塢不可或缺的靈魂人物。擁有4座葛萊美獎、3座全英古典音樂獎、2座金球獎與1座奧斯卡金像獎，都是對他無與倫比才華的最佳見證。迄今掌控超過150部電影配樂，無論是《雨人》、《末路狂花》、《獅子王》中的情感深度，還是《黑暗騎士》、《全面啟動》、《星際效應》中磅礡震撼力，總能以音符賦予故事更深的情感共鳴！\n2019年大獲好評的《The World Of Hans Zimmer–A Symphonic Celebration》已累積1.76億次串流量＋13.7萬張實體專輯銷量＋近10億次影音觀看次數。漢斯交出醞釀多時的續篇《The World Of Hans Zimmer - Part II: A New Dimension》，相較於前作，這張專輯的風格更貼近古典管弦樂，將交響樂的宏偉氣魄與其電影配樂的動態力量融為一體，集結歷年最成功的17部原聲配樂，重新編排成史詩般的交響組曲，收錄於這張雙碟特典中，時長超過兩個小時。其中CD1收錄先前未曾發表過的全新編曲作品，包括選自《007: 生死交戰 007: No Time To Die》宛如大提琴協奏曲般精湛的曲目、選自《沙丘:第二部 Dune II》清新且寧靜的〈A Time Of Quiet Between The Storms〉、譜出經典動畫《埃及王子 The Prince Of Egypt》的全新浪漫篇章。此外，漢斯還將《絕地任務 The Rock》以全新交響組曲形式亮相，為90年代的標誌性配樂注入新生命！\n音樂巨匠與明星陣容攜手打造的《The World Of Hans Zimmer - Part II: A New Dimension》，漢斯與一眾頂尖各領域歌手、獨奏家及長期合作夥伴齊力演出，包括：領唱《獅子王》原聲帶歌曲的南非歌手Lebo M、另類搖滾年代的迷情女聲Lisa Gerrard、以色列裔女高音Gan-ya Ben-gur Akselrod、南非的溫暖靈魂之音Nokukhanya Dlamini＋曾是Don Henley巡演御用樂手的管樂演奏家Pedro Eustache、提名過拉丁葛萊美獎的貝斯手Juan García-Herreros、古典和搖滾跨界吉他高手Alexios Anest、當代融合樂領域重要的鋼琴家Eliane Correa、日本裔跨界大提琴家Mariko Muranaka、羅馬尼亞跨界小提琴家Rusanda Panfili，以及打擊樂手Aleksandra Šuklar、Luis Ribeiro和Lucy Landymore等菁英，加上Odessa Orchestra & Friends以及Nairobi Chamber Choir兩大團隊的輔佐，以及在與漢斯的長期合作而聞名，不僅是電影原聲帶的常駐指揮家，還在現場音樂會中賦予生動表現力的Gavin Greenaway帶領下，共同演繹這場音樂盛宴，徹底讓樂迷體驗配樂新境界！', 'LP 1\nSide A\n1.Man Of Steel Suite: Part 1: “What Are You Going To Do When You Are Not Saving The World?” 2013年電影《超人：鋼鐵英雄》\n2.Driving Miss Daisy 1989年電影《溫馨接送情》\n3.The Rock: Two Parts Suite 1996年電影《絕地任務》\n4. James Bond: No Time To Die: Two Parts Suite 2021年電影《007: 生死交戰》\nSide B\n1-2.Interstellar: Two Parts Suite 2014年電影《星際效應》\n3-4. Dune II - Part 1: Intro + Part 2:” A Time Of Quiet Between The Storms” 2024年電影《沙丘:第二部》\n5-7. The Prince Of Egypt: Three Parts Suite 1998年電影《埃及王子》\nLP 2\nSide A\n1.Wonder Woman 1984: Two Parts Suite 2020年電影《神力女超人1984》\n2-3. Sherlock Holmes: Three Parts Suite 2009年電影《福爾摩斯》\n4-5.Inception: Part 1: Dream Is Collapsing + Part 2: Time 2010年電影《全面啟動》\nSide B\n1.The Dark Knight 2008年電影《黑暗騎士》\n2-4. Gladiator: Four Parts Suite 2000年電影《神鬼戰士》\nLP 3\nSide A\n1.Pearl Harbor: Two Parts Suite 2001年電影《珍珠港》\n2-3.Kung Fu Panda: Twp Parts Suite 2008年電影《功夫熊貓》\n4.The Power Of One: Mother Africa 1992年電影《小子要自強》\nSide B\n1-2.The Lion King: Four Parts Suite 1994年電影《獅子王》\n3-4.Pirates Of The Caribbean: Two Parts Suite神鬼奇航系列電影'),
(193, '110751', '太空戰士 14 電玩原聲帶 (12/12截止)', 595, 1000, 7, 28, 'YHM Indie', '2025-02-05', '5LP', '2025-06-09 01:11:17', 1, 1, '『A_REALM_REBORN_Vinyl_LP』『HEAVENSWARD_Vinyl_LP』『STORMBLOOD_Vinyl_LP』『SHADOWBRINGERS_Vinyl_LP』『ENDWALKER_Vinyl_LP』の5つをBOXに収納したセット販売商品。\nオリジナル・サウンドトラックから『ファイナルファンタジーXIV』のサウンドディレクター祖堅正慶の選曲による珠玉の楽曲を収録。\n各LPジャケットは、イラストレーター黒イ森氏。描き下ろしイラストを使用した豪華版となっています。\nそしてLPの溝を刻むカッティングは、マスタリングの巨匠バーニー・グランドマンがロサンゼルスで実施！アメリカ合衆国のオーディオ・マスタリングエンジニアであるバーニー・グランドマンは、1966年からロサンゼルスのコンテンポラリー・レコード_、そして1968年からA&Mレコードのマスタリング部門での活躍を通じ、キャロル・キングやマイケル・ジャクソン、スティーリー・ダン等名盤の数々にエンジニアとして貢献。グラミー賞ノミネートをはじめ数々の権威ある賞を受賞している名士です。\n『新生エオルゼア』『蒼天のイシュガルド』『紅蓮のリベレーター』『漆黒のヴィランズ』『暁月のフィナーレ』の5つの物語を、CDとはまた異なった温かみのあるサウンドでぜひお楽しみください。\n封入特典：各LPに収録されている全楽曲DLパスコード', '『A_REALM_REBORN_Vinyl_LP』\nA_side\n1.天より降りし力\n2.希望の都\n3.水車の調べ\n4.偉大なる母港\n5.過重圧殺！_～蛮神タイタン討滅戦～\nB_side\n1.絢爛_～クリスタルタワー：シルクスの塔～\n2.混沌の渦動_~蛮神リヴァイアサン討滅戦~\n3.魔大戦の傷跡_～腐敗遺跡_古アムダプール市街～\n4.忘却の彼方_～蛮神シヴァ討滅戦～\n5.嵐の中の灯火_～怪鳥巨塔_シリウス大灯台～\n6.究極幻想\n『HEAVENSWARD_Vinyl_LP』\nA_side\n1.Heavensward\n2.彩られし山麓_～高地ドラヴァニア：昼～\n3.万世の言葉_～禁書回収_グブラ幻想図書館～\n4.イマジネーション_～蒼天聖戦_魔科学研究所～\n5.英傑_～ナイツ・オブ・ラウンド討滅戦～\nB_side\n1.女神_～女神ソフィア討滅戦～\n2.ローカス_～機工城アレキサンダー：起動編～\n3.メビウス_～機工城アレキサンダー：天動編～\n4.ライズ_～機工城アレキサンダー：天動編～\n5.最期の咆哮_～ニーズヘッグ征竜戦～\n6.Dragonsong\n『STORMBLOOD_Vinyl_LP』\nA_side\n1.血の嵐\n2.紅の夜明け_~クガネ：昼~\n3.父の誇り_~ヤンサ：昼~\n4.鬨の声\n5.塩と苦難の歌_~ギラバニア湖畔地帯：昼~\n6.龍の尾_~神龍討滅戦~\nB_side\n1.我らが支配圏\n2.月下彼岸花_~蛮神ツクヨミ討滅戦~\n3.美の謀略_~蛮神ラクシュミ討滅戦~\n4.千年の暁_～朱雀征魂戦～\n5.決戦_～次元の狭間オメガ：デルタ編～\n6.エスケープ_～次元の狭間オメガ：アルファ編～\n7.妖星乱舞_第4楽章_~次元の狭間オメガ：シグマ編~\n『SHADOWBRINGERS_Vinyl_LP』\nA_side\n1.Shadowbringers\n2.シヴィライゼーションズ_~ラケティカ大森林：昼~\n3.冥き水底_~テンペスト：深部~\n4.砕けぬ思い_~ハーデス討滅戦~\n5.Tomorrow_and_Tomorrow\nB_side\n1.貪欲\n2.目覚めの御使い'),
(194, '110745', '青春', 80, 1280, 7, 27, 'Deutsche Grammophon', '2024-12-06', '1LP', '2025-06-09 01:11:17', 1, 1, '久石讓 (Joe Hisaishi) 剛剛創造新的歷史紀錄，成為2024年夏天成為第一位在麥迪遜廣場花園連續三晚演出的古典音樂家。12月6日為慶祝他的生日，在生日前夕發行這張藍色彩膠“青春”。這三首摘錄自北野武編劇和導演的電影原聲帶，錄音時久石讓指揮傳奇的維也納交響樂團時擔任鋼琴獨奏的角色。主打歌《Summer》是 久石讓最喜歡的音樂之一，取自 1999 年的公路電影《菊次郎的夏天》，並在這張重要的新EP中與經典歌曲《花火》和《壞孩子的天空》一起收錄。\n久石讓自己說這個名稱的由來是 : 「我為片野武導演寫的配樂最初是由我在布拉格的一場音樂會上發表的新作品，當時我決定將這三部作品合併成一個節目，當我在捷克時，我偶然發現了這個詞“Mladi”我在字典裡查了一下，發現它的意思是“青春”，這是我認為最貼切的詞句，因此想到這個標題。', 'A side\n1.Summer 菊次郎的夏天\n2.HANA-BI 花火\nB side\n1.Kids Return 壞孩子的天空'),
(195, '110718', '捍衛戰士：獨行俠 (圖片膠)', 333, 1480, 7, 25, 'Universal', NULL, '1LP', '2025-06-09 01:11:17', 1, 1, '★ 1986年經典巨作之正宗續集，睽違36年湯姆克魯斯再次領銜主演，傳奇再度升空翱翔\n★原聲帶重磅陣容 金獎大師Hans Zimmer擔綱配樂、流行天后Lady Gaga打造冠軍主題曲\"Hold My Hand\"、以及新世代流行天團OneRepublic奉獻全新作品\"I Ain\'t Worried\"\n【電影入座】\n1986年，電影【捍衛戰士】橫空出世，不僅讓湯姆克魯斯從此擠身一線巨星，也讓他開啟長達近四十年的傳奇生涯，更帶起全球美軍飛行外套的風潮，直到今日。睽違了36年，【捍衛戰士】終於推出續作【Top Gun: Maverick 捍衛戰士：獨行俠】，並由約瑟夫柯金斯基執導(【創：光速戰記】、【遺落戰境】、【無路可退】)，邀請湯姆克魯斯再度衝破雲霄。【Top Gun: Maverick 捍衛戰士：獨行俠】敘述了頂尖飛行員「獨行俠」彼得米契爾上校(湯姆克魯斯)已服役超過30年，為了能夠持續翱翔於天空，他放棄任何晉升的機會，而在同僚們一個個高升將官的時候，「獨行俠」依然在飛行上不斷突破自我極限。在一次「獨行俠」訓練菁英小組去執行詭異的特殊任務時，他發現了已過世搭檔的兒子竟然成為了飛行實習生－「公雞」布雷德蕭上尉(麥爾斯泰勒)，「獨行俠」在震驚的同時，仍必須執行這個前所未見的特殊任務，而在面對不安定的未來和過去的惡夢雙重夾擊之下，「獨行俠」必須要面對自己心底最深層的恐懼。\n【音樂開始】\n【捍衛戰士：獨行俠】的電影原聲帶，請到了傳奇大師人物、獲獎無數的超級巨擘漢斯季默Hans Zimmer，主責操刀專輯的配樂部分，並且與Lorne Balfe、Harold Faltermeyer以及流行天后Lady Gaga等人共同合作，為這部同樣是傳奇的電影，打造了最具獨特色彩的音樂。Hans Zimmer與Lady Gaga等人，一同製作了包括氣勢磅礡的作品\"Main Titles (You’ve Been Called Back to Top Gun)\"、\"Darkstar\"、\"You\'re Where You Belong / Give \'Em Hell\"、\"The Man, The Legend/Touchdown\"、以及萬眾期盼的\"Top Gun Anthem\"，每一首歌曲都像是結合了過去與未來，讓這個經典在21世紀浴火重生。除此之外，流行天后Lady Gaga 與長期製作夥伴BloodPop聯手合作並親自獻唱電影主題曲\"Hold My\nHand\"。Lady Gaga表示：「為了完美呈現這首歌曲，我花了很長的一段時間來製作，希望這是一首我們能對彼此分享內心深處的渴望，並互相理解對方的歌曲，同時，這也是我獻給全世界的一封情書，獻給正在渡過這個嚴峻時刻的大家」。作品以強烈的Arena Rock風格為骨幹，為電影增添最振奮人心的氣勢，發行首週就突破YouTube千萬點閱的驚人數字，並空降英美台等全球iTunes冠軍；不僅如此，流行天團OneRepublic也為電影量身打造了一首新曲目\"I Ain\'t Worried\"，象徵「獨行俠」在天際翱翔時無所畏懼的表現，全曲以輕鬆的搖滾曲調貫穿，展現出電影中詼諧和幽默的一面，可以說是為整部作品點綴了最愉悅的氛圍。延續超過30年的好萊塢經典、永恆不退流行的文化傳奇，【捍衛戰士：獨行俠】電影原聲帶，可以說是替21世紀的電影音樂立下全新典範。', '1.    Main Titles (You’ve Been Called Back to Top Gun)\n2.    Danger Zone by Kenny Loggins\n3.    Darkstar\n4.    Great Balls of Fire (Live) by Miles Teller\n5.    You’re Where You Belong / Give ‘Em Hell\n6.    I Ain’t Worried by OneRepublic\n7.    Dagger One is Hit / Time to Let Go\n8.    Tally Two/ What’s the Plan / F-14\n9.    The Man, the Legend / Touchdown\n10.    Penny Returns – Interlude\n11.    Hold My Hand by Lady Gaga\n12.    Top Gun Anthem'),
(196, '110713', '魔法壞女巫', 596, 1680, 7, 25, 'Universal', '2024-11-22', '2LP', '2025-06-09 01:11:17', 1, 1, '★每個人都值得展翅高飛！改編賣座百老匯音樂劇【魔法壞女巫】，葛萊美獎流行天后 亞莉安娜、東尼獎得主 辛西婭艾利沃兩大天后領銜獻唱\n★奧斯卡、東尼獎、葛萊美肯定，音樂劇傳奇大師Stephen Schwartz擔綱原聲帶製作，收錄熱情俏皮奔放的“Popular”、劇情最高潮主題曲“Defying Gravity”等11首歌曲\n由奧斯卡最佳影片「樂來樂愛你」金獎製片Marc Platt，三座東尼獎最佳音樂劇製作人David Stone共同製作的音樂劇「女巫前傳」自2003年首演以來累積高達十六億七千五百萬美金票房，這齣百老匯史上票房第二名的音樂劇在2024年改拍成電影【魔法壞女巫】。電影訴說經典童話故事「綠野仙蹤」中奧茲國女巫不為人知的故事，劇情描述擁有特權，野心勃勃，散發閃亮光芒的格琳達，擁有翠綠色膚色而遭到誤解的艾法芭，這兩個希茲大學的同學，她們在遇見奧茲國大巫師之後，兩人的友情變了樣，各自在奧茲國踏上不同的冒險旅程，最終分別成為好女巫與西方壞女巫的宿命人生。\n電影由【瘋狂亞洲富豪】導演朱浩偉執導，邀集【紫色姐妹花】東尼獎最佳音樂劇女主角辛西婭艾利沃(Cynthia Erivo)，葛萊美獎肯定流行天后亞莉安娜(Ariana Grande)，【媽的多重宇宙】奧斯卡影后楊紫瓊，【侏羅紀公園】票房巨星傑夫高布倫(Jeff Goldblum)，艾美獎提名影集【柏捷頓家族：名門韻事】英國男星喬納森貝利(Jonathan Bailey)，【冰與火之歌：權力遊戲】金球獎最佳男配角彼得汀克萊傑(Peter Dinklage)領銜主演。\n【魔法壞女巫】沿用了許多由縱橫電影與百老匯劇場界超過半世紀，以【埃及王子】主題曲“When You Believe”，【風中奇緣】主題曲“Colors Of The Wind”與原創音樂榮獲三座奧斯卡的歌曲創作者Stephen Schwartz為音樂劇「女巫前傳」量身打造的歌曲，包括：由辛西婭艾利沃與亞莉安娜合唱，描述艾法芭不顧格琳達的勸阻，挺身對抗奧茲國大巫師與他對奧茲國動物的險惡計劃，想要無拘無束地活著的高潮主題曲“Defying Gravity”;由亞莉安娜演唱，描述在學校深受歡迎的格琳達想要讓室友艾法芭接受美麗與人氣的觀點，熱情俏皮奔放的歌曲“Popular”;由喬納森貝利，辛西婭艾利沃，亞莉安娜等多人合唱，描述格琳達與艾法芭建立感情連結的歌曲“Dancing Through Life”;由辛西婭艾利沃與楊紫瓊合唱，描述艾法芭想要請奧茲國大巫師的幫助她面對他人的歧視問題的歌曲“The Wizard And I”，以及由辛西婭艾利沃與亞莉安娜合唱，並且驚喜邀請音樂劇原唱雙女角克莉絲汀錢諾維斯(Kristin Chenoweth)與伊迪娜曼佐(Idina Menzel)驚喜客串與演唱，描述兩人抵達翡翠城，對眼前事物感到新奇驚喜的歌曲“One Short Day”等，沿用音樂劇第一幕全數11首歌曲重新詮釋，辛西婭艾利沃與亞莉安娜兩人對「女巫前傳」音樂劇的熱愛與敬業，也拒絕事先錄製、堅持在片場現場演唱所有歌曲，賦予嶄新聆聽體驗。電影上映首周佳評如潮，創下影史百老匯音樂劇改編電影最高開片成績、台美票房首週票房冠軍，原聲帶也在Amazon Music拿下音樂劇電影原聲帶類別的收聽冠軍，在Spotify，“Defying Gravity”與“Popular”也各創下首周將近500萬的收聽量，演員群同時展現精湛演技與傑出歌藝，【魔法壞女巫】絕對是不容錯過的年度必看必聽佳片。', 'SIDE A:\n1. No One Mourns the Wicked - Ariana Grande ft. Andy Nyman, Courtney Mae- Briggs, Jeff Goldblum, Sharon D. Clarke &amp; Jenna Boyd\n2. Dear Old Shiz - Shiz University Choir ft. Ariana Grande\n3. The Wizard And I - Cynthia Erivo ft. Michelle Yeoh\nSIDE B:\n4. What Is This Feeling? - Ariana Grande &amp; Cynthia Erivo\n5. Something Bad - Peter Dinklage ft. Cynthia Erivo\n6. Dancing Through Life - Jonathan Bailey ft. Ariana Grande, Ethan Slater, Marissa Bode &amp; Cynthia Erivo\nSIDE C:\n7. Popular - Ariana Grande\n8. I’m Not That Girl - Cynthia Erivo\n9. One Short Day - Cynthia Erivo &amp; Ariana Grande\nSIDE D:\n10. A Sentimental Man - Jeff Goldblum\n11. Defying Gravity - Cynthia Erivo ft. Ariana Grande'),
(197, '110712', '《宇宙戰艦大和號》2024交響版（初回生産限定）', 597, 1000, 7, 29, 'YHM Indie', '2024-12-25', '1LP', '2025-06-09 01:11:17', 1, 1, '1974年日本動畫作品《宇宙戰艦大和號》迎接開播五十周年，將由日本Columbia邀請原配樂作曲家-宮川泰重新編排，以管絃樂團的形式全新推出，封面非最終版本，我們會隨時更新。', '1. 序曲\n2. 誕生\n3. サーシャ\n4. 試練\n5. 出発\n6. 追憶\n7. 真赤なスカーフ\n8. 決戦～挑戦=出撃=勝利～\n9. イスカンダル\n10. 回想\n11. 明日への希望～夢・ロマン・冒険心～\n12. スターシャ'),
(198, '110689', '小鎮疑雲(最終章)：電視影集配樂 (2024年版)', 32, 828, 7, 25, '環球 UNI', '2024-10-15', '1LP', '2025-06-09 01:11:17', 1, 1, '電視影集「小鎮疑雲」於2013年首播後，立刻在英國創下高收視率。故事從十一歲男孩丹尼被謀殺引起的警方調查與媒體高度報導開始，雖然劇情鋪陳充滿懸疑性，但是它的重點並不在「誰是犯罪者」，而是從劇情帶出人性脆弱與每個人都有的黑暗面，以及媒體嗜血等經常在現代社會中出現的問題。\n劇中鋪陳手法與兩名擔任男女主角的實力派演員，由冰島作曲家歐拉夫創作的配樂也是「小鎮疑雲」最受好評之處。事實上，導演非常喜愛歐拉夫的音樂，執導方向深受歐拉夫作品風格的影響，也因此邀請歐拉夫為影集創作配樂，畫龍點晴的表現出小鎮寒冷氣氛和黑暗的情緒，還有隱藏在背後的憂鬱、悲劇與秘密。\n「小鎮疑雲」在2017年二月推出第三季，也是最後一季，由奧莉薇雅‧柯爾曼與大衛‧田納特主演。歐拉夫的作品受到新古典主義、環境音樂（ambient）、電子音樂與極簡主義的影響，音樂語言廣納百川之餘又能保持自己的獨特風格。', 'A side\n1.I Could Hear Water\n2.Re-Enactment\n3.Interrogation\n4.The Final Chapter\n5.Right By You\n6.I Could Have Stopped It\n7.Ellie’s Theme\nB side\n1.I Felt Guilty\n2.Going Under\n3.Vigil\n4.Attack\n5.Say It Was Me\n6.Not Alone\n7.Tell Us What Happened\n8.Take My Leave Of You (feat. Arnór Dan)'),
(199, '110662', '神鬼戰士II', 598, 1780, 7, 25, 'VERVE', '2024-11-15', '2LP', '2025-06-09 01:11:17', 1, 1, '《神鬼戰士II》是2000年經典電影《神鬼戰士》的續集，故事發生在《神鬼戰士》事件二十年後。主角盧賽斯被麥希穆斯救下後，已經成年並與妻兒在努比底亞生活。然而，當馬可斯•阿卡修斯將軍率兵入侵他的家園時，盧賽斯被迫淪為奴隸。受到麥希穆斯事蹟的啟發，盧賽斯決心以角鬥士的身分戰鬥，同時反抗年輕皇帝卡拉卡拉與蓋塔的統治。\n在這一部史詩級大片的續集裡，英國作曲家葛瑞森─威廉斯與導演雷利•史考特攜手合作，為《神鬼戰士II》創作全新電影原聲帶。這張專輯延續前作的宏大史詩風格，同時融入現代音樂元素，以展現古羅馬帝國的恢宏氣勢與複雜情感。\n葛瑞森─威廉斯以其獨特的音樂語言，巧妙結合古典管弦樂與電子音樂，完美捕捉電影中緊張激昂的戰鬥場景和主角盧賽斯內心的成長歷程。此外，作曲家特意在音樂中致敬前作，以喚起觀眾對《神鬼戰士》經典旋律的深刻記憶。\n這張原聲帶展現了葛瑞森─威廉斯身為好萊塢頂尖配樂大師的創新實力，無論是史詩動作場面，還是深刻的情感描寫，都讓人感受到音樂與畫面的完美結合。無論是對《神鬼戰士》系列的忠實影迷，還是喜愛史詩音樂的聽眾，都能在這張原聲帶中找到無與倫比的聽覺享受。', 'LP 1\nA side\n1. Gladiator II Overture\n2. Lucius, Arishat And The Roman Invasion\n3. I’ll Wait For You\nB side\n1. Ostia\n2. Angry Baboons\n3. Strength And Honor\n4. Acacius Returns\n5. City Of Rome\n6. Defiance\n7. I See Him In You\nLP 2\nA side\n1. Acacius In The Colosseum\n2. Let The Gods Decide\n3. Macrinus’ Plan\n4. I Need You To Do This\nB side\n1. Smooth Is The Descent\n2. Now That I Have Found You\n3. Echoes In Eternity\n4. War, Real War\n5. The Dream Is Lost\n6. Now We Are Free'),
(200, '110643', '《機動戰士鋼彈：銀灰的幻影》原聲帶', 599, 1280, 7, 29, 'YHM Indie', '2024-11-20', '1LP', '2025-06-09 01:11:17', 1, 1, 'ヴァーチャル・リアリティ（VR）による新規映像作品『機動戦士ガンダム：銀灰の幻影』制作決定！\n『機動戦士ガンダム：銀灰の幻影』はVR映画として新たな方法でファンにガンダム世界へ没入する機会を提供し、これまでにないインタラクティブなストーリーへと誘う映像作品となります。\nまた、本作は多数のVR作品生み出したAtlas V社との共同により制作され、Astrea社 がディストリビュートを行い、Meta社のVRヘッドセット・Meta Questにて展開予定です。\nVRによるガンダム世界の新体験を通じて、世界中のファンにガンダムの魅力を届けていきます。', '&lt;A面&gt;\n1.ACROSS THE WORLD／中川翔子（作詞：岩里祐穂 作曲：後藤拓也 編曲：あ子）\n2.SILVER PHANTOM\n3.Your Story\n4.Hatred and Envy\n5.Descent\n6.MOVE YOUR MS\n7.Solid wall\n8.His Story\n&lt;B面&gt;\n1.DELTA ZAYIN\n2.First Sortie\n3.Battle imminent\n4.IT\'S RAINING BABIA\n5.Fixzi Fix\n6.Agony and Confusion\n7.Empathy\n8.Make your own choice\n9.Ambush\n10.Awakeness\n11.The Climactic Battle : concentrated fire\n12.Tell me why\n13.Have to decide\n14.My choice'),
(201, '110633', '漩渦動漫系列原聲帶 (伊藤潤二)', 600, 1480, 7, 29, 'Milan Records', '2024-11-15', '1LP', '2025-06-09 01:11:17', 1, 1, '【關於動畫】\n《漩渦》是日本漫畫家伊藤潤二創作的日本漫畫作品。故事圍繞著主角黑羽川紀里惠（Kirie Goshima），以及她所居住的小鎮黑渦町（Kurouzu-cho）。這個小鎮因為一個未知的詛咒，逐漸被一種與螺旋形狀相關的神秘力量侵蝕，導致居民們陷入瘋狂，甚至發生恐怖的身心扭曲。Kirie 是故事的視角人物，儘管她自己並沒有被螺旋的詛咒直接影響，但她目睹了身邊親友和整個小鎮的恐怖變化。\n【關於原聲帶】\n對於作曲家Colin Stetson而言，在這張包含13首曲目的配樂中，展現獨特技巧發揮得淋漓盡致，透過悠長蜿蜒的薩克斯旋律，以及重複循環的持續音符，營造出催眠般的音景；他巧妙的將木管樂和弦樂層次交織在一起，配樂的循環特性不斷翻轉，以反映小鎮逐漸陷入瘋狂與混亂的過程。這是一張令人著迷的原創配樂，深刻呼應了該系列的主題——從他的演奏技法到樂器選擇再到聲音進程，音樂為螢幕上展現的恐怖場景提供了恆定的伴奏。\n作曲家Colin Stetson談到這部配樂時表示：「我非常熱愛創作這些音樂的時光，以及置身於伊藤潤二老師創造的奇異、華美、恐怖且壯麗的漩渦世界之中。」', 'Side A\n1. Uzumaki\n2. Join me in the spiral\n3. The eye follows the pattern\n4. Obsession\n5. For a split second, the drifting smoke\n6. Kirie and Shuichi\n7. Ruins Alive\nSide B\n1. The Labyrinth\n2. Eerily in the dark\n3. Hey! Are you trying to escape?!\n4. The Eternal Spiral\n5, Twisted souls\n6. Medusa'),
(202, '110614', 'Twilight of the Gods (Red Vinyl)', 585, 1380, 7, 29, 'Music On Vinyl', '2024-11-08', '2LP', '2025-06-09 01:11:17', 1, 1, 'Twilight of the Gods is the newest Netflix phenomenon from the vision of Zack Snyder. The animation series brings the spectacular world of ancient Norse mythology to life. The series is acompanied by a epic, haunting and beautiful film score created by Hans Zimmer, Omer Benyamin and Steven Doar. This collaboration between renowned composers results in a cinematic masterpiece that perfectly complements Snyder\'s visual storytelling. Experience the dramatic power of Twilight of the Gods through this visionary soundtrack, a must-listen for fans of epic film music.\nTwilight of the Gods is a limited edition of 1000 copies on translucent red & black marbled vinyl.', 'LP1\n1. Twilight of the God\n2. Valhalla\n3. Open Hands\n4. Spark of the Dwarves\n5. When Asgard is Torn Asunder\n6. Fafnir S Orchard\n7. It S Complicated\n8. Tricky Lover\n9. You Ll Be Giantfolk\nLP2\n1. Bleeding Time\n2. She Ate Her Baby\n3. A Wolf In Wolf S Clothing\n4. Will the Rain Stop\n5. The Thrall\n6. Weapons For Souls\n7. Riders\n8. The Weeping\n9. Valkyrie S Prayer'),
(203, '110558', '艾爾登法環 電玩配樂', 601, 1000, 7, 28, 'YHM BGM', NULL, '2LP', '2025-06-09 01:11:17', 1, 1, '艾爾登法環黑膠終於來了，由擅長改編電玩配樂的作曲家CthulhuSeeker以Synthwave音樂形式重新創作，包括「碎星」拉塔恩、神皮使者、瑪蓮妮亞、火焰巨人、「鮮血君王」蒙格等角色的主題配樂', 'LP 1\nSide A\n1. Roundtable Hold\n2. Starscourge Radahn\n3. Godskin Apostles\nSide B\n1. Malenia, Blade of Miquella\n2. Lichdragon Fortissax\n3. Beast Clergyman\nLP 2\nSide C\n1. Fire Giant\n2. Mohg\nSide D\n1. The Final Battle\n2. Radagon of the Golden Order'),
(204, '110527', '溫馨接送情', 585, 1280, 7, 25, 'Universal', '2024-11-15', '1LP', '2025-06-09 01:11:17', 1, 1, '★榮獲1990年奧斯卡金像獎最佳影片等4項大獎的經典電影\n★「沙丘」，「獅子王」兩座奧斯卡金像獎最佳原創音樂作曲家漢斯季默Hans Zimmer首度獲得葛萊美獎最佳電影/電視器樂作曲項目提名的作品\n★全球絕版多年，2024年歲末再度盛大發行 ★透明紫羅蘭色彩膠限量典藏盤\n榮獲1990年奧斯卡金像獎最佳影片，最佳女主角(潔西卡譚蒂)，最佳改編劇本，最佳化妝等四項大獎，以及金球獎最佳影片，最佳男主角(*摩根費里曼)，最佳女主角三項大獎的電影【溫馨接送情】，劇情描述亞特蘭大的富裕寡婦黛西女士在發生了把車子開到鄰居院子的意外後，她的兒子布利僱用了黑人霍克擔任接送司機，黛西與霍克展開了一段長達二十五年的深厚情誼的感人故事，霍克不只是接送黛西去超級市場與猶太教堂，當過老師的黛西也幫助霍克閱讀，而且，在原任管家過世後，霍克接手擔任照顧黛西的日常生活，兩人一起經歷了對黑人與猶太人的種族歧視的時代，直到黛西因為失智症住進養老院，視力不好的霍克在幾年後的感恩節在布利的開車載送下前去探望黛西，在黛西的人生中，她覺得霍克是她此生最好的朋友。\n擔綱電影原創音樂作曲，編曲與彈奏的是以「沙丘」，「獅子王」榮獲兩座奧斯卡金像獎最佳原創音樂，也以「全面啟動」，「星際效應」等片獲得同一獎項提名的當代電影音樂名家漢斯季默(Hans Zimmer)。在1989，1990年，這位來自德國的音樂家連續為「雨人」，【溫馨接送情】等兩部奧斯卡最佳影片譜寫音樂而打開了好萊塢大門，在創作【溫馨接送情】的音樂時，漢斯季默記得潔西卡譚蒂對他說：「不要譜寫老人音樂，老人不覺得自己老。」季默當下就決定以現代音樂風格來譜寫音樂，他在錄音室看著譚蒂在片中一段黛西走在車子旁邊的腳步動作，感受著角色所流露的肢體語言，腦海裡就浮現了流動著如同行走時的律動感，季默就用著Roland MKS-20的電子鍵盤樂器彈奏出較原音鋼琴更帶有時尚潮流聽覺韻味，同時又兼具著呼應電影的動人情誼的暖心樂聲的電影音樂，漢斯季默以本片的音樂首度入圍葛萊美獎，在1991年葛萊美獎中獲得最佳電影/電視器樂作曲項目的提名。\n電影原聲帶同時輯錄了最佳人聲樂器歌手Louis Armstrong在1952年灌唱將1903年的阿根廷樂曲「El Choclo 玉米」填上英文歌詞的名曲「Kiss Of Fire」，以及傳奇女伶Eartha Kitt在1953年錄製的俏皮聖誕歌曲「Santa Baby」。', 'SIDE A -\n1. Kiss Of Fire – Louis Armstrong\n2. Santa Baby – Eartha Kitt\n3. Driving\n4. Home\nSIDE B-\n1. Georgia\n2. End Titles\n3. Song To The Moon (Excerpt From The Opera Rusalka)'),
(205, '110520', '小丑：雙重瘋狂 電影原聲帶', 333, 1380, 7, 25, 'Universal', '2024-10-04', '1LP', '2025-06-09 01:11:17', 1, 1, '★2024呼聲最高電影，奧斯卡金獎影帝 瓦昆菲尼克斯、流行天后Lady Gaga再次挑戰大螢幕，共同攜手共譜黑暗瘋狂羅曼史\n★電影原聲帶由Lady Gaga、瓦昆菲尼克斯親自演唱並擔任專輯製作，導演Todd Phillips集結《007空降危機》、《華爾街之狼》、《搖滾教室》、《一個巨星的誕生》、《大師風華：真愛樂章》等金獎陣容齊力打造！\n2019年的【Joker 小丑】，成為史上第一部破10億美元的R級電影，Joaquin Phoenix一次拿下奧斯卡、英國電影學院、金球三大獎座「最佳男主角」認證。相隔5年，改編自DC漫畫旗下角色的小丑重返大銀幕，【Joker: Folie à Deux 小丑：雙重瘋狂】，再次讓觀眾感受那股深沉且扭曲的瘋狂魅力。奧斯卡獎提名名導Todd Phillips，繼承第一部作品的黑暗美學，並進一步挖掘Arthur Fleck的內心。這次除了Joaquin Phoenix回歸，精湛詮釋Arthur Fleck/Joker外，還加入樂壇流行天后Lady Gaga飾演Harleen \"Lee\" Quinzel，兩人共同攜手共譜黑暗瘋狂羅曼史。\n電影原聲帶收錄歌曲由Joaquin Phoenix、Lady Gaga親自演唱並擔任主要製作，此外導演Todd Phillips與Randall Poster（《007空降危機》、《華爾街之狼》、《唱片啟示錄》），Jason Ruder（《一個巨星的誕生》、《大師風華：真愛樂章》），以及樂壇製作大師Rick Rubin弟子George Drakoulias（《搖滾教室》、《超級8》）等金獎陣容齊力打造。', '1. Slap That Bass / Get Happy / What The World Needs Now Is Love\n2. For Once In My Life\n3. If My Friends Could See Me Now\n4. Folie à Deux\n5. Bewitched\n6. That`s Entertainment\n7. When You`re Smiling (The Whole World Smiles With You)\n8. To Love Somebody\n9. (They Long to Be) Close To You\n10. The Joker\n11. Gonna Build a Mountain\n12. I`ve Got the World on a String\n13. If you go Away\n14. Gonna Build a Mountain\n15. That`s Life\n16. True Love Will Find You In The End'),
(206, '110487', '駭客任務', 602, 1380, 7, 25, 'Universal', '2024-11-08', '1LP', '2025-06-09 01:11:17', 1, 1, '★基哥(基努李維)-科幻巔峰銀幕巨作，全球票房超過16億美元的科幻動作經典系列第一集\n★\"子彈時間\"特仕封面-25周年特別版-半透明寶石紅彩膠-限量典藏盤】，\"子彈時間bullet time\"是電影、電視廣告或電腦遊戲中，用電腦輔助的攝影技術類比變速特效來達成，他變得眾人皆知就是由1999年的電影\"駭客任務\"裡基哥在慢動作中躲避子彈開始的。電影的特效小組完美擴充了這種效果，採用數位化技術包括修改格的序列和用CGI加工圖像等來強化視覺。在\"駭客任務：重裝上陣\"和\"駭客任務3：革命\"中子彈時間得到了進一步的發展。在電影中使用了高解析度電腦生成手段，例如虛擬攝影術和全像捕捉等來再上層樓。\n★電影榮獲2000年奧斯卡最佳視覺效果，最佳音效等四座金像獎\n★「侏羅紀公園3」電影音樂作曲家Don Davis以饒富前衛精神的古典極微主義音樂，鏗鏘作響的銅管樂回聲，競速一般的弦樂，猛烈的打擊樂器，反覆顫動的音樂顛覆好萊塢動作片的音樂風貌\n如果我們都生活在一個電腦模擬的世界？這是編導華卓斯基姐妹(The Wachowskis)為電影【駭客任務】所設定的超乎想像的影像概念，時至今日，這部全球票房超過16億美元的系列三部曲依舊被奉為科幻動作片的經典之作。\n【駭客任務】系列首部曲的劇情描述電腦工程師湯瑪斯安德森有個駭客身份叫做尼歐，尼歐感受到自己所深處的世界存在著不協調感，他追查發現這樣的感覺與一個名叫「母體 The Matrix」的神祕事物，尼歐在另一名駭客崔妮蒂的引見下認識了傳奇駭客莫菲斯，莫菲斯告訴尼歐，真實世界已經被電腦機器所佔領，電腦機器為了培養人類當作能量的來源，模擬了1999年的人類世界創造出虛擬的城市世界「母體」，電腦機器藉由與人類的大腦神經連結的連結器，讓人類所有的感官知覺都以為是身處在真實的世界，藉此囚禁人類的心靈，莫菲斯信奉在母體中可預知未來的先知，而最初從母體中覺醒並解放人類的人是救世主，先知預言莫菲斯將會找到救世主的轉世，莫菲斯相信尼歐就是轉世的救世主，尼歐通過莫菲斯的電腦程式訓練，學會了破壞模擬真實世界的萬有引力，做出違背物理定律的事情，像是揮一拳就可以把人打到十多公尺的距離，還有在空中停留七秒再落地的技巧，母體派出以史密斯為首的特工追殺尼歐與莫菲斯。\n和基努李維飾演救世主尼歐的扮相，武術大師袁和平所設計的武打動作，令人瞠目結舌的視覺特效一樣酷炫的是由電影音樂作曲家Don Davis所創作的原創音樂，Don Davis長期擔任奧斯卡金像獎得獎作曲家James Horner，Randy Newman的管弦樂編制製作，經手的作品包括了「真愛一世情」，「鐵達尼號」，「歡樂谷」，「門當戶不對」，「玩具總動員3，4」，「婚姻故事」…等片，Don Davis擔任譜曲的電影音樂作品有「侏羅紀公園3」，日本科幻動作片「東京喰種」，以及華卓斯基姐妹的處女作「驚世狂花 Bound」。\n在【駭客任務】系列首部曲中，Don Davis以無調性音樂與前衛音樂的作品風格，加上深受在2003年以紀念9/11恐怖攻擊事件受害者的樂曲\"On The Transmigration Of Souls\"榮獲普立茲音樂獎的作曲家John Adams的多調性極微主義音樂，波蘭作曲大師Witold Lutosławski的即興技巧的影響，以饒富前衛精神的古典極微主義音樂，重新改造了好萊塢動作片慣用的交響樂創作樣貌，透過鏗鏘作響的銅管樂回聲，競速一般的弦樂，猛烈的打擊樂器，反覆顫動的音樂，為電影創作出無論在表現電影中所描述的由電腦機器所控制的真實世界的概念上，或是醞釀電影在動作場面中的動能與步調上都深具獨特性，複雜性與充滿想像力的樂章，Don Davis為【駭客任務】所創作的音樂是少數兼具商業色彩與藝術創作里程碑意義的作品。', 'A1. Main Title / Trinity Infinity\nA2. Unable To Speak\nA3. The Power Plant\nA4. Welcome To The Real World\nA5. The Hotel Ambush\nB1. Exit Mr. Hat\nB2. A Virus\nB3. Bullet Time\nB4. Ontological Shock\nB5. Anything Is Possible'),
(207, '110459', '紀錄片《伊諾》原聲帶', 603, 1498, 7, 25, '環球 UNI', '2024-08-29', '2LP', '2025-06-09 01:11:17', 1, 1, '美國導演哈斯特維特在2024年推出以英國著名音樂家、製作人、視覺藝術家與活動家布萊恩‧伊諾的音樂、生涯與藝術創作為題的紀錄片《伊諾》。這是一部開創性的生成式紀錄片，深入探討布萊恩‧伊諾五十年來在音樂創意、技術和藝術創新方面的貢獻。哈斯特維特利用創新技術，讓每次觀看都會呈現不同的場景、順序和音樂；影片也包含數百小時從未公開的影像和未發行的音樂。\n原聲帶共收錄了十七首曲目，涵蓋布萊恩‧伊諾整個音樂生涯的精華作品。從他1974年的個人專輯《Taking Tiger Mountain》、1975年的《Another Green World》，到與大衛‧拜恩、John Cale、Cluster的合作，甚至包括他最新專輯《FOREVERANDEVERNOMORE》中的作品，都在這張原聲帶裡呈現。同時，這張專輯也包含三首前所未發行的曲目，包括來自他的Sonos廣播電台《The Lighthouse》的曲目《Lighthouse #429》。\n過去五十年來，布萊恩‧伊諾一直是音樂創新、科技和藝術創作的領軍人物。他不僅是氛圍音樂的開創者，更透過為大衛‧鮑伊、U2、臉部特寫、Coldplay等眾多知名音樂人的製作，改變了現代音樂的製作方式。如今，《伊諾》這張原聲帶不僅是伊諾音樂生涯的一次重要回顧，更是對他的創作過程、藝術思考的深刻探索。\n這張專輯以其豐富的音樂質感和深邃的藝術表達，為聽眾提供了一次音樂與視覺交織的沉浸式體驗。每一個音符都見證了布萊恩‧伊諾獨特的創作旅程，為我們揭示了這位音樂大師無窮的創意源泉。', '1.    Brian Eno - All I Remember *Previously Unreleased*\n2.    Brian Eno with Daniel Lanois and Roger Eno - The Secret Place\n3.    Brian Eno &amp; Fred Again - Cmon\n4.    Brian Eno &amp; Cluster - Ho Renomo\n5.    Brian Eno - Sky Saw\n6.    Brian Eno &amp; John Cale - Spinning Away\n7.    Brian Eno &amp; Tom Rogerson - Motion In Field\n8.    Brian Eno - There Were Bells\n9.    Brian Eno - Third Uncle\n10.    Brian Eno &amp; David Byrne - Everything That Happens\n11.    Brian Eno - Stiff\n12.    Brian Eno with Leo Abrahams and Jon Hopkins - Emerald &amp; Lime\n13.    Brian Eno - Hardly Me\n14.    Brian Eno &amp; David Byrne - Regiment\n15.    Brian Eno - Fractal Zoom\n16.    Brian Eno - Lighthouse #429 *Previously Unreleased*\n17.    Brian Eno &amp; Roger Eno   - By This River ‘Live At The Acropolis’ *Previously Unreleased.'),
(208, '110455', '亨利四世', 585, 1880, 7, 25, 'Music On Vinyl', '2022-06-17', '2LP', '2025-06-09 01:11:17', 1, 1, '◎執導，獲邀參加第60屆柏林電影節特別展映單元。\n◎配樂由德國金獎配樂大師漢斯‧季默（Hans Zimmer）與英國配樂名家亨利‧傑克曼（Henry Jackman）攜手擔綱。\n◎兩位名家共同合作過之電影配樂包括：《達文西密碼》、《神鬼奇航系列》、《蝙幅俠：黑暗騎士》、《功夫貓熊》等。\n◎特邀在電影《日出時讓悲傷終結》中擔綱的西班牙古樂與配樂名家Jordi Savall跨刀，忠實呈現16世紀的中古音樂風貌。\n「亨利四世」的故事曾被搬上螢幕多次，默片時期最偉大的電影之一、葛里菲斯的《忍無可忍》（Intolerance） (1916) 裡，跨越時空、以平行剪接處理的四則故事之一－中世紀的法國，所擷取的就是亨利四世的故事：信仰基督的胡格諾 ( Huguenot )新教徒，與法國傳統的天主教水火不容，進而發生歷史上最慘烈的宗教戰爭之一。\n十六世紀的法國是政治、商業、宗教錯綜交織的君權之戰，掌握多數勢力的天主教、皇后凱瑟琳‧梅底奇為鞏固皇權、消弭宗教分歧，乃虛應故事將女兒瑪格麗特（也就是我們所熟悉的瑪歌皇后）許配給南方一個信奉新教的小王國：納瓦黑的王子亨利，沒想到瑪歌皇后的兄長不是染上不治之症，就是遇刺，亨利居然以遞補的順位當上了國王，皇后凱瑟琳心有不甘，就在亨利率全國新教徒魚貫進入巴黎迎接新歷史之際，在亨利和瑪格麗特的婚禮當晚（1572年8月24日凌晨12點），策畫了血洗新教徒的屠城事件，這便是法國歷史上黑暗的一頁，知名的聖巴托洛謬之夜（St. Bartholomew’s Day Massacre)。亨利僥倖逃過一死，重新整頓新教徒眾，建立自己的政權和中央抗衡，第二次展開慘烈的宗教戰爭，最後終於順利當上國王，結束了長年的宗教戰爭與歧見，以人文思想重新建國，開創了法國的太平盛世。\n這部在2010年由德國、法國、西班牙，與奧地利四國合資拍攝，片長155分鐘的歷史巨作，改編自知名德國作家海因利希‧曼（諾貝爾文學獎得主湯瑪斯‧曼的兄長）的原著小說，曾獲邀參加第60屆柏林電影節特別展映單元，由擅長歷史電影的德國導演Jo Baier執導（湯姆‧克魯斯主演刺殺希特勒的電影「Valkyrie」《行動代號：華爾奇麗雅》就曾參照了Jo Baier 2004所拍的影片《Stauffenberg》），配樂則由德國籍的漢斯‧季默（Hans Zimmer）與英國籍的亨利‧傑克曼（Henry Jackman）聯合擔任。亨利‧傑克曼扎實的古典音樂根基，加上喜歡輔以電子合成音效搭配傳統管弦器樂，引起傳奇配樂大師漢斯‧季默的注意，力邀共事，共同代表作有：《達文西密碼》、《神鬼奇航系列》、《蝙幅俠：黑暗騎士》、《功夫貓熊》等。\n漢斯‧季默擔綱配樂的歷史性題材作品有不少：《達文西密碼》、《天使與魔鬼》、《亞瑟王》、《末代武士》、《神鬼戰士》、《獅子王》、《雨人》等，善用電子合成營造磅礡的氣勢，以傳統器樂鋪陳影像與角色的敘事功能，讓人一聽就難以忘懷。「亨利四世」原聲帶的曲目也是順著故事內容開展與鋪陳，同時為了更貼近十六世紀的政教合一、聖潔與殺戮、庶民與貴族的歷史元素，同時也找來另一位西班牙籍古樂與配樂名家Jordi Savall（代表作：《日出時讓悲傷終結》）一起擔任配樂，融合了加泰隆尼亞無伴奏美聲樂團吟唱、中世紀古樂、交響詩與緊湊懾人的電子節拍，非常值得您一再聆聽。', 'LP1\n1. A Destiny Revealed\n2. The Huguenots\n3. Belle Qui Tiens Ma Vie\n4. Journey To Paris\n5. The Louvre\n6. Margot De Valois\n7. Bourree D\'avignonez\n8. The Wedding\n9. The Massacre\n10. Mortal Tristura\n11. Henri\'s Escape\n12. Man of the People\nLP2\n1. The Edict of Nantes\n2. Te Deum\n3. Gabrielle D\'estrees\n4. The Murder of Guise\n5. Freedom Regained\n6. Sarabande &amp; Tambourin\n7. The King is Dead, Long Live the King\n8. Farewell To a Friend\n9. Rosny\'s Confession\n10. Requiem Sequentia\n11. Let Reason Rule\n12. Marie De Medici\n13. A Prophecy Fulfilled'),
(209, '110440', '《超時空要塞 7》精選輯', 604, 1980, 7, 29, 'YHM Indie', '2024-10-20', '2LP', '2025-06-09 01:11:17', 1, 1, '俺の歌を聴きまくれ!!\n銀河を揺るがすスーパーバンドFIRE BOMBERのベストアルバム、全銀河初アナログレコードでリリース!\nアナログならではの迫力ある見開きジャケット、ブックレット!(ジャケットイラストは当時と同じ)', 'side A\n01 TRY AGAIN / FIRE BOMBER\n02 HOLY LONELY LIGHT（Duet Version） / FIRE BOMBER\n03 突撃ラブハート（Duet Version） / FIRE BOMBER\n04 MY SOUL FOR YOU / FIRE BOMBER featuring BASARA NEKKI\nside B\n01 PARADE / FIRE BOMBER\n02 SWEET FANTASY / FIRE BOMBER featuring MYLENE JENIUS\n03 1・2・3・4・5・6・7 NIGHTS / FIRE BOMBER\n04 REMEMBER 16 (Acoustic Version)/ FIRE BOMBER\n05 I CALL YOUR NAME / FIRE BOMBER\nside C\n01 …だけどベイビー！！ / チエ・カジウラ\n02 SEVENTH MOON / FIRE BOMBER featuring BASARA NEKKI\n03 POWER TO THE DREAM / FIRE BOMBER\n04 MY FRIENDS / FIRE BOMBER featuring MYLENE JENIUS\nside D\n01 DYNAMITE EXPLOSION / FIRE BOMBER\n02 LIGHT THE LIGHT / FIRE BOMBER\nーBONUS TRACK-\n03 PLANET DANCE（Live Version / 1997.8.17 at Shibuya Kokaido） / FIRE BOMBER\n04 Angel Voice (Played by Basara Nekki) / 熱気バサラ'),
(210, '110429', '平成狸合戰 電影原聲帶', 605, 1080, 7, 29, 'Studio Ghibli Records', NULL, '1LP', '2025-06-09 01:11:17', 1, 1, '', '1.たぬきさん遊ぼじゃないか(平成狸合戦ぽんぽこ)[0:21]\n2.メインタイトル(平成狸合戦ぽんぽこ)[0:09]\n3.たぬきの暮らし(平成狸合戦ぽんぽこ)[1:43]\n4.化学復興(平成狸合戦ぽんぽこ)[1:05]\n5.お囃子せっせっせ(平成狸合戦ぽんぽこ)[0:47]\n6.お囃子とおりゃんせ(平成狸合戦ぽんぽこ)[1:17]\n7.風雲急の舞(平成狸合戦ぽんぽこ)[0:48]\n8.たんたんたぬき(平成狸合戦ぽんぽこ)[0:12]\n9.招き猫のサンバ(平成狸合戦ぽんぽこ)[0:52]\n10.双子の星「星めぐりの唄」(平成狸合戦ぽんぽこ)[1:10]\n11.冬ごもり(平成狸合戦ぽんぽこ)[1:12]\n12.春のよろこび(平成狸合戦ぽんぽこ)[3:37]\n13.望郷 阿波ー東京ー佐渡(平成狸合戦ぽんぽこ)[1:14]\n14.たぬきのマンボ(平成狸合戦ぽんぽこ)[1:23]\n15.ハッピー花笠(平成狸合戦ぽんぽこ)[0:20]\n16.出陣(平成狸合戦ぽんぽこ)[1:52]\n17.玄妙不可思議音楽(平成狸合戦ぽんぽこ)[4:53]\n18.ぽんぽこ狸囃子(平成狸合戦ぽんぽこ)[1:10]\n19.疾風三味線(平成狸合戦ぽんぽこ)[1:09]\n20.蓮華草～権太の玉砕(平成狸合戦ぽんぽこ)[1:13]\n21.哀歌(平成狸合戦ぽんぽこ)[1:35]\n22.底流ー昔を今になすよしもがな(平成狸合戦ぽんぽこ)[3:19]\n23.たぬきはいま・・・(エピローグ)(平成狸合戦ぽんぽこ)[3:35]\n24.平成狸合戦メインテーマ「元気節」(平成狸合戦ぽんぽこ)[3:36]\n25.エンド・テーマ「いつでも誰かが」(平成狸合戦ぽんぽこ)[5:36]');

-- --------------------------------------------------------

--
-- 資料表結構 `vinyl_author`
--

CREATE TABLE `vinyl_author` (
  `id` int(11) NOT NULL,
  `author` varchar(100) DEFAULT NULL
) ENGINE=InnoDB DEFAULT CHARSET=utf8mb4 COLLATE=utf8mb4_general_ci;

--
-- 傾印資料表的資料 `vinyl_author`
--

INSERT INTO `vinyl_author` (`id`, `author`) VALUES
(1, '萊納 Fritz Reiner'),
(2, '李希特 Sviatoslav Richter'),
(3, '王羽佳 Yuja Wang'),
(4, '帕華洛帝 Luciano Pavarotti'),
(5, '克萊曼 Gidon Kremer'),
(6, '吉普森 Alexander Gibson'),
(7, '馬友友 Yo-Yo Ma'),
(8, '拉圖 Simon Rattle'),
(9, '米爾斯坦 Nathan Milstein'),
(10, '愛麗絲紗良奧特 Alice Sara Ott'),
(11, '小澤征爾 Seiji Ozawa'),
(12, '齊瑪曼 Krystian Zimerman'),
(13, '提爾森湯瑪斯 Michael Tilson Thomas'),
(14, '阿巴多 Claudio Abbado'),
(15, '阿優 Felix Ayo'),
(16, '安塞美 Ernest Ansermet'),
(17, '阿卡多 Salvatore Accardo'),
(18, '慕提 Riccardo Muti'),
(19, '梅塔 Zubin Mehta'),
(20, '蕭提 Sir Georg Solti'),
(21, 'Tony Ann '),
(22, '夢幻之家四重奏 '),
(23, '提琴雙傑 2Cellos'),
(24, '安德烈波伽利 Andrea Bocelli'),
(25, '卡拉絲 Maria Callas'),
(26, '杜普蕾 Jacqueline du Pre'),
(27, '卡拉揚 Herbert von Karajan'),
(28, '索柯洛夫 Grigory Sokolov'),
(29, '約翰約漢生 John Johnsson'),
(30, '芙蕾妮 Freni'),
(31, '馬辛 Marcin'),
(32, '歐拉夫亞諾茲 Olafur Arnalds'),
(33, '斯諾里霍格利森 Snorri Hallgrimsson'),
(34, '任奫燦 Yunchan Lim'),
(35, '角野隼斗 Hayato Sumino'),
(36, '郎朗 Lang Lang'),
(37, '歐拉夫森 Vikingur Olafsson'),
(38, '劉曉禹 Bruce Liu'),
(39, '特里福諾夫 Daniil Trifonov'),
(40, '陳銳 Ray Chen'),
(41, '約翰威廉斯 John Williams'),
(42, '亞歷克西斯弗倫奇 Alexis Ffrench'),
(43, 'Various'),
(44, '顧爾達 Friedrich Gulda'),
(45, '庫貝利克 Rafael Kubelik'),
(46, '波里尼 Maurizio Pollini'),
(47, '羅傑伊諾 Roger Eno'),
(48, '班乃德提 Nicola Benedetti'),
(49, '萊斯戴斯納 Bryce Dessner'),
(50, '歐伊斯特拉夫 David Oistrakh'),
(51, '朱里尼 Carlo Maria Giulini'),
(52, '多莉艾莫絲 Tori Amos'),
(53, '馬克斯李希特 Max Richter'),
(54, '艾奧迪 Ludovico Einaudi'),
(55, '帕爾曼 Itzhak Perlman'),
(56, '瑪麗薩穆爾森 Mari Samuelsen'),
(57, '富蘭梭瓦 Francois Samson'),
(58, '哈德利希 Augustin Hadelich'),
(59, '娜妲莉史都茲曼 Nathalie Stutzmann'),
(60, '安赫麗絲 Victoria De Los Angeles'),
(61, '阿格麗希 Martha Argerich'),
(62, '伊莎塔 Isata Kanneh-Mason'),
(63, '沙馬尤 Bertrand Chamayou'),
(64, 'Maurice Ravel'),
(65, '薛庫 Sheku Kanneh-Mason'),
(66, '瑪爾茨 Johanna Martzy'),
(67, '麥凱萊 Klaus Makela'),
(68, '丹尼爾霍普 Daniel Hope'),
(69, '貝姆 Karl Bohm'),
(70, '喬登雷凱 Jordan Rakei'),
(71, '白墨河樂團 Balmorhea'),
(72, '希拉蕊韓 Hilary Hahn'),
(73, 'Pyotr Ilyich Tchaikovsky'),
(74, '慕特 Anne-Sophie Mutter'),
(75, '羅斯托波維奇 Mstislav Rostropovich'),
(76, '艾迪雷德梅尼 Eddie Redmayne'),
(77, '葛羅斯文諾 Benjamin Grosvenor'),
(78, '艾蘭庫柏 Erland Cooper'),
(79, '巴倫波因 Daniel Barenboim'),
(80, '久石讓 Joe Hisaishi'),
(81, '喬治溫斯頓 George Winston'),
(82, '崔佛霍恩 Trevor Horn'),
(83, '維克多歐利阿納森 Viktor Orri Arnason'),
(84, '約普貝凡 Joep Beving'),
(85, '傑夫高布倫 Jeff Goldblum'),
(86, '吉妮楊森 Janine Jansen'),
(87, '提鮑德 Jean-Yves Thibaudet'),
(88, '茱麗葉葛芮柯 Juliette Greco'),
(89, '葛莉茉 Helene Grimaud'),
(90, '篷車隊樂團 Caravan'),
(91, '羅梅洛吉他四重奏 Los Romeros'),
(92, '范宗沛 '),
(93, '王雁盟 '),
(94, '十鼓擊樂團 '),
(95, '李哲藝 Che-Yi Lee'),
(96, '提勒曼 Christian Thielemann'),
(97, '雅諾史卡合奏團 Janoska Ensemble'),
(98, '奧拉雅羅 Ola Gjeilo'),
(99, '皮爾斯 Sir Peter Pears'),
(100, '史蒂芬莫奇歐 Stephan Moccio'),
(101, '費茲樂團 Fizz'),
(102, '亞尼克聶澤塞金 Yannick Nezet Seguin'),
(103, '威廉史坦伯格 William Steinberg'),
(104, '琳西特莉 Lindsey Stirling'),
(105, '高提耶卡普松 Gautier Capucon'),
(106, '劍橋國王學院合唱團 Choir of Kings College Cambridge'),
(107, '詹姆斯拉斯特 James Last'),
(108, '伯恩斯坦 Leonard Bernstein'),
(109, '吉利爾斯 Emil Gilels'),
(110, '馬丁史岱費爾德 Martin Stadtfeld'),
(111, '詹姆斯紐頓霍華 James Newton Howard'),
(112, '馬提歐明德威克 Matteo Myderwyk'),
(113, '泰特曼 Jonathan Tetelman'),
(114, '史帝法諾柏那尼 Stefano Bollani'),
(115, '麗絲戴維森 Lise Davidsen'),
(116, '歐萊利 Christopher O\'Riley'),
(117, '克倫培勒 Otto Klemperer'),
(118, '安娜拉普伍德 Anna Lapwood'),
(119, '易碎動物 Glass Animals'),
(120, '埃絲特阿伯拉米 Esther Abrami'),
(121, '薩洛 Alexandre Tharaud'),
(122, '小克萊巴 Carlos Kleiber'),
(123, 'Erasure'),
(124, '利謝茲基 Jan Lisiecki'),
(125, '穆拉汶斯基 Mravinsky'),
(126, '契可里尼 Aldo Ciccolini'),
(127, '福特萬格勒 Wilhelm Furtwangler'),
(128, '塞爾 George Szell'),
(129, '魔比 Moby'),
(130, '克利斯欽賈維 Kristjan Jarvi'),
(131, '紀新 Evgeny Kissin'),
(132, '孟許 Charles Munch'),
(133, '雷諾卡普松 Renaud Capucon'),
(134, '舒娃茲柯芙 Elisabeth Schwarzkopf'),
(135, '肯培 Rudolf Kempe'),
(136, '杜拉第 Antal Dorati'),
(137, '普列文 Andre Previn'),
(138, '考夫曼 Jonas Kaufmann'),
(139, '多明哥 Placido Domingo'),
(140, '哈農庫特 Nikolaus Harnoncourt'),
(141, '美空雲雀 '),
(142, '賀比漢考克 Herbie Hancock'),
(143, '比爾艾文斯 Bill Evans'),
(144, '史坦蓋茲 Stan Getz'),
(145, '戴夫布魯貝克 Dave Brubeck'),
(146, '貝拉方提 Harry Belafonte'),
(147, '邁爾士戴維斯 Miles Davis'),
(148, '瓊拜雅 Joan Baez'),
(149, '菅野邦彥 '),
(150, '美樂蒂佳朵 Melody Gardot'),
(151, '麥克布萊德 Christian McBride'),
(152, '鈴木勳 Isao Suzuki'),
(153, '亞莎莉亞艾芙拉 Cesaria Evora'),
(154, '莎拉 K. Sara K.'),
(155, 'Moon Haewon '),
(156, '安全地帶 '),
(157, '艾靈頓公爵 Duke Ellington'),
(158, '顏尼歐莫利克奈 Ennio Morricone'),
(159, '山本剛 Tsuyoshi Yamamoto'),
(160, '以莉高露 '),
(161, '羅卡透內芙 Radka Toneff'),
(162, 'No Artist'),
(163, '日野元彥 '),
(164, '峰厚介 '),
(165, '史黛西肯特 Stacey Kent'),
(166, '玉置浩二 Koji Tamaki'),
(167, '鬼太鼓座 Ondekoza'),
(168, '石川小百合 '),
(169, '芭芭拉史翠珊 Barbra Streisand'),
(170, 'Trio de Curda '),
(171, '卡拉布妮 Carla Bruni'),
(172, '蕾貝卡碧瑾 Rebecca Pidgeon'),
(173, 'Antonio Vivaldi Liszt Ferenc Chamber Orchestra'),
(174, '安娜卡蘭 Ana Caram'),
(175, '谷村新司 '),
(176, '夏川里美 Rimi Natsukawa'),
(177, '席夢卡麥兒 Simone Kopmajer'),
(178, '伊娃凱希蒂 Eva Cassidy'),
(179, 'Lady Blackbird '),
(180, '雅尼杜納魯斯 Arne Domnerus'),
(181, '寺島靖國 '),
(182, '艾爾迪謬拉 Al Di Meola'),
(183, '史考特漢米爾頓 Scott Hamilton'),
(184, '派翠西亞巴伯 Patricia Barber'),
(185, '趙聰 '),
(186, '伊布拉印飛列 Ibrahim Ferrer'),
(187, '史考第萊特 Scotty Wright'),
(188, '中村照夫 Teruo Nakamura'),
(189, '蒙堤亞歷山大 Monty Alexander'),
(190, '艾迪希金斯 Eddie Higgins'),
(191, '細川綾子 Ayako Hosokawa'),
(192, '艾莉森克勞絲 Alison Krauss'),
(193, '金美人 Aisyah'),
(194, 'Mao Ya'),
(195, '瑪麗黑 Mary Black'),
(196, '戈探計劃 Gotan Project'),
(197, '安佐里 Ann Sally'),
(198, 'Ann Sally'),
(199, '遠景俱樂部 Buena Vista Social Club'),
(200, '世故女子爵士四重奏 Sophisticated Lady Jazz Quartet'),
(201, '瑪黛琳 Madeleine Peyroux'),
(202, '克雷格雷翁 Craig Leon'),
(203, 'Peter, Paul & Mary'),
(204, '辛蒂羅波 Cyndi Lauper'),
(205, '班尼固德曼 Benny Goodman'),
(206, '芭菠楊格 Barb Jungr'),
(207, '五輪真弓 Itsuwa Mayumi'),
(208, '甘蒂絲史普琳絲 Kandace Springs'),
(209, '席娜艾格 Sinne Eeg'),
(210, '帕可迪魯奇亞 Paco De Lucia'),
(211, '安碧森 Anne Bisson'),
(212, '尾島由郎 Yoshio Ojima'),
(213, '坂本龍一 Ryuichi Sakamoto'),
(214, '埃德加尼赫特 Edgar Knecht'),
(215, '歐瑪拉 Omara Portuondo'),
(216, '伯特巴克瑞克 Burt Bacharach'),
(217, '安潔莉克琪帝歐 Angelique Kidjo'),
(218, '藤田惠美 Emi Fujita'),
(219, '愛無限大樂團 Love Unlimited Orchestra'),
(220, '珍妮佛華恩斯 Jennifer Warnes'),
(221, '凡妮莎斐迪南 Vanessa Fernandez'),
(222, '唐倫德爾 Don Rendell'),
(223, '奧利維亞頌瑪 Olivia Trummer'),
(224, '瑪麗亞馬凱絲妮 Maria Markesini'),
(225, '希爾德路易絲艾絲庇恩森 Hilde Louise Asbjornsen'),
(226, '茱蒂柯林斯 Judy Collins'),
(227, 'Bruce Katz Band '),
(228, '麥克歐菲爾德 Mike Oldfield'),
(229, '賽門與葛芬柯 Simon & Garfunkel'),
(230, '馬渕侑子三重奏 Yuko Mabuchi Trio'),
(231, '阿尼杜納魯斯&葛斯塔夫索維斯特 Arne Domnerus & Gustaf Sjokvist'),
(232, '細野晴臣 Haruomi Hosono'),
(233, '蜜可 Meiko'),
(234, '彼德艾德頓 Pete Alderton'),
(235, '瑟希兒麥可羅恩 Cecile Mclorin Salvant'),
(236, '費里特奧德曼 Ferit Odman'),
(237, '桑卓布瑞特蘭 Sondre Bratland'),
(238, '莉莎迪蘭 Lisa Dillan'),
(239, '潔辛塔 Jacintha'),
(240, '陳永淘 '),
(241, '橫內章次三重奏&田代百合 hoji Yokouchi Trio&Yuri Tashiro'),
(242, '瑪莉雅 Malia'),
(243, 'Isao Suzuki Trio Isao Suzuki Quartet'),
(244, '風暴女神 Storm Large'),
(245, '米榭李格蘭 Michel Legrand'),
(246, '莎拉克勞克蘭 Sarah McLachlan'),
(247, '巴布馬利 Bob Marley'),
(248, '列芙瑪麗亞羅謹與海格連 Live Maria Roggen & Helge Lien'),
(249, '荷莉蔻兒 Holly Cole'),
(250, '娜木拉 '),
(251, '非凡組合 Friend N Fellow'),
(252, '何訓田 '),
(253, '艾利森莫耶 Alison Moyet'),
(254, '黛娜華盛頓 Dinah Washington'),
(255, '連珮如 PeiJu Lien - Pipa'),
(256, '霧裡看花打擊樂合奏團 Smoke & Mirrors Percussion Ensemble'),
(257, '卡蘿姬 Carol Kidd'),
(258, '托比海耶斯 Tubby Hayes'),
(259, '米爾特傑克森 Milt Jackson'),
(260, '艾拉費茲潔拉 Ella Fitzgerald'),
(261, '上原廣美 Hiromi'),
(262, '查爾斯明格斯 Charles Mingus'),
(263, '諾拉瓊絲 Norah Jones'),
(264, '桑尼羅林斯 Sonny Rollins'),
(265, 'Sonny Rollins'),
(266, '查特貝克 Chet Baker'),
(267, '瑟隆尼斯孟克 Thelonious Monk'),
(268, '約翰柯川 John Coltrane'),
(269, '強巴提斯 Jon Batiste'),
(270, '法蘭克辛納屈 Frank Sinatra'),
(271, '戴安娜克瑞兒 Diana Krall'),
(272, '米爾頓納西門托 Milton Nascimento'),
(273, '莎拉沃恩 Sarah Vaughan'),
(274, '莎瑪拉 Samara Joy'),
(275, '肯尼布瑞爾 Kenny Burrell'),
(276, '羅允宣 '),
(277, '尤妲希普 Jutta Hipp'),
(278, '自由鳥蜜雪兒 Meshell Ndegeocello'),
(279, '傑利莫里根 Gerry Mulligan'),
(280, '史提夫汪達 Stevie Wonder'),
(281, '查爾斯洛伊德 Charles Lloyd'),
(282, '路易斯阿姆斯壯 Louis Armstrong'),
(283, '阿魯吉阿夫塔伯 Arooj Aftab'),
(284, '多米與貝克 Domi & JD Beck'),
(285, '吉米史密斯 Jimmy Smith'),
(286, '妮娜西蒙 Nina Simone'),
(287, '艾莉絲柯川 Alice Coltrane'),
(288, '約瑟夫登馬莫德 Mo Kolours'),
(289, 'Laufey '),
(290, '喬亨德森 Joe Henderson'),
(291, '葛雷哥萊波特 Gregory Porter'),
(292, '克提斯史泰格斯 Curtis Stigers'),
(293, '新爵士大樂團 The New Jazz Orchestra'),
(294, '蘿貝塔弗萊克 Roberta Flack'),
(295, '凱斯傑瑞特 Keith Jarrett'),
(296, '石川晶 '),
(297, '宮間利之 '),
(298, '稲垣次郎 Jiro Inagaki'),
(299, '比莉哈樂黛 Billie Holiday'),
(300, '霍瑞斯席佛 Horace Silver'),
(301, '柯曼霍金斯 Coleman Hawkins'),
(302, '提納布魯克斯 Tina Brooks'),
(303, '傑米羅奎爾 Jamiroquai'),
(304, 'Matthew Halsall '),
(305, '史提夫雷梵 Stevie Ray Vaughan'),
(306, '米利瓦尼利 Milli Vanilli'),
(307, '甘蒂達芙 Candy Dulfer'),
(308, '阿提米絲 Artemis'),
(309, '巴迪蓋伊 Buddy Guy'),
(310, '查理帕克 Charlie Parker'),
(311, '克里斯伯堤 Chris Botti'),
(312, '尼克德瑞克 Nick Drake'),
(313, '謎幻樂團 Imagine Dragons'),
(314, '艾維奇 Avicii'),
(315, 'd4vd '),
(316, '威肯 The Weeknd'),
(317, '寵物店男孩 Pet Shop Boys'),
(318, '靡靡之音 Hooverphonic'),
(319, '險峻海峽合唱團 Dire Straits'),
(320, '布勒合唱團 Blur'),
(321, '席琳娜 Selena Gomez'),
(322, '亞莉安娜 Ariana Grande'),
(323, '莎賓娜 Sabrina Carpenter'),
(324, '連恩蓋勒格 Liam Gallagher'),
(325, '艾力克萊普頓 Eric Clapton'),
(326, '席琳狄翁 Celine Dion'),
(327, '麥可布雷 Michael Buble'),
(328, '杜娃黎波 Dua Lipa'),
(329, '非凡人物樂團 The Smashing Pumpkins'),
(330, '道希 Doechii'),
(331, '查普爾羅恩 Chappell Roan'),
(332, '凱蒂佩芮 Katy Perry'),
(333, '女神卡卡 Lady Gaga'),
(334, '酷娃恰莉 Charli XCX'),
(335, '致命誘惑樂團 Within Temptation'),
(336, '約翰傳奇 John Legend'),
(337, '菲尼亞斯 Finneas'),
(338, '阿姆 Eminem'),
(339, 'October London '),
(340, '德瑞克 Drake'),
(341, '蟑螂老爹 Papa Roach'),
(342, '麥克米勒 Mac Miller'),
(343, '瑪麗亞凱莉 Mariah Carey'),
(344, '海爾希 Halsey'),
(345, '神韻合唱團 The Verve'),
(346, '致命情人合唱團 Bullet For My Valentine'),
(347, '靈魂拾荒者 Rag\'n\'Bone Man'),
(348, '肯卓克拉瑪 Kendrick Lamar'),
(349, '蘿莎莉雅 Rosalia'),
(350, '蜜桃貓朵佳 Doja Cat'),
(351, '紫迪斯可機器 Purple Disco Machine'),
(352, '橘郡雷克斯 Rex Orange County'),
(353, '威利尼爾森 Willie Nelson'),
(354, '猶太祭司 Judas Priest'),
(355, 'H.E.R. '),
(356, '接招合唱團 Take That'),
(357, '發亮種子合唱團 The Lightning Seeds'),
(358, '女童軍手冊 Scouting For Girls'),
(359, '結婚禮物樂團 The Wedding Present'),
(360, '合成芽合唱團 Prefab Sprout'),
(361, '嘻哈鬥牛梗 Pitbull'),
(362, '追隨者合唱團 Train'),
(363, '未來小子 Future'),
(364, '克里斯小子 Chris Brown'),
(365, '飛越地平線樂團 Bring Me The Horizon'),
(366, '格蕾西亞柏拉罕 Gracie Abrams'),
(367, '渾合唱團 Wham!'),
(368, '唐納葛洛佛 Childish Gambino'),
(369, '路瑟范德魯斯 Luther Vandross'),
(370, '利思羅斯 Leith Ross'),
(371, '皇后合唱團 Queen'),
(372, '詹姆斯貝 James Bay'),
(373, '托托合唱團 Toto'),
(374, 'LSD '),
(375, '席亞拉 Ciara'),
(376, '莎拉芭瑞黎絲 Sara Bareilles'),
(377, '絲絨左輪 Velvet Revolver'),
(378, '貝汀菲兒 Natasha Bedingfield'),
(379, '上帝羔羊樂團 LAMB OF GOD'),
(380, '莎黛 Sade'),
(381, '凱莉克萊森 Kelly Clarkson'),
(382, '流行尖端 Depeche Mode'),
(383, '大衛吉爾摩 David Gilmour'),
(384, '吉米罕醉克斯 Jimi Hendrix'),
(385, '路克康柏斯 Luke Combs'),
(386, '肯尼羅傑斯 Kenny Rogers'),
(387, '阿巴合唱團 ABBA'),
(388, '聯合公園 Linkin Park'),
(389, '大衛鮑伊 David Bowie'),
(390, '亞瑟小子 Usher'),
(391, '惠妮休斯頓 Whitney Houston'),
(392, '小紅莓合唱團 The Cranberries'),
(393, '紅髮艾德 Ed Sheeran'),
(394, '泰勒絲 Taylor Swift'),
(395, '托蕾凱莉 Tori Kelly'),
(396, '萊諾李奇 Lionel Richie'),
(397, '尚恩曼德斯 Shawn Mendes'),
(398, '帕洛瑪費絲 Paloma Faith'),
(399, '幸運兒達耶 Lucky Daye'),
(400, '卡薩比恩 Kasabian'),
(401, '崔維斯史考特 Travis Scott'),
(402, '湯姆瓊斯 Tom Jones'),
(403, '年輕歲月合唱團 Green Day'),
(404, '萊恩比提 Ryan Beatty'),
(405, '瑪姬蘿潔絲 Maggie Rogers'),
(406, '希雅 Sia'),
(407, '閃靈樂團 Chthonic'),
(408, '鄧麗君 Teresa Teng'),
(409, '宋冬野 '),
(410, '劉若英 '),
(411, '陳淑樺 '),
(412, '張艾嘉 '),
(413, '陳昇 Bobby Chen'),
(414, '庾澄慶 Harlem Yu'),
(415, '林慧萍 '),
(416, '艾怡良 '),
(417, '李玟 Coco Lee'),
(418, '9m88 '),
(419, '孫盛希 '),
(420, '黃鶯鶯 '),
(421, '黃韻玲 '),
(422, '五月天 Mayday'),
(423, '周蕙 '),
(424, 'Dizzy Gillespie Charlie Parker'),
(425, '王新蓮 '),
(426, '孫燕姿 '),
(427, '張洪量 '),
(428, '杜德偉 '),
(429, '江蕙 '),
(430, '辛曉琪 '),
(431, '許美靜 '),
(432, 'Beyond '),
(433, '八三夭 '),
(434, '李宗盛 Jonathan Lee'),
(435, '伍佰 & China Blue '),
(436, '潘越雲 '),
(437, '張懸 Deserts Xuan'),
(438, '縱貫線 SuperBand'),
(439, '周華健 '),
(440, '姜育恆 '),
(441, '張震嶽 '),
(442, '蘇慧倫 '),
(443, '王力宏 Leehom Wang'),
(444, '任賢齊 '),
(445, 'Cicada '),
(446, '鶴 The Crane'),
(447, 'HUSH '),
(448, '周傳雄 '),
(449, '蔡琴 '),
(450, 'Calle Lindholm Musiikkiteatteri Ilona'),
(451, '宇宙人 '),
(452, '嚴爵 Yen-j'),
(453, '陳綺貞 Cheer Chen'),
(454, '許茹芸 Valen Hsu'),
(455, '動力火車 '),
(456, '白安 Ann'),
(457, '縱貫線 '),
(458, '鄧紫棋 G.E.M.'),
(459, '彭佳慧 Julia Peng'),
(460, '曹格 '),
(461, '陳小霞 '),
(462, '梁靜茹 Fish Leong'),
(463, '周杰倫 Jay Chou'),
(464, '蔡健雅 Tanya'),
(465, '徐懷鈺 Yuki'),
(466, '張雨生 '),
(467, '王傑 '),
(468, '許景淳 '),
(469, '光良 '),
(470, '胡德夫 Ara Kimbo'),
(471, 'Lim Giong Various'),
(472, '椅子樂團 The Chairs'),
(473, '竇唯 '),
(474, '林憶蓮 '),
(475, '韋禮安 WeiBird'),
(476, '張楚 '),
(477, '莫文蔚 '),
(478, '郭蘅祈 '),
(479, '小米 Johnny Tsai'),
(480, '張惠妹 A-Mei'),
(481, '吳青峰 '),
(482, '梅艷芳 '),
(483, '林強 '),
(484, '張國榮 Leslie Chang'),
(485, '張學友 '),
(486, 'A-Lin '),
(487, 'Sandy Lam'),
(488, '黃舒駿 '),
(489, '優客李林 '),
(490, '順子 '),
(491, '陶喆 '),
(492, '康康 '),
(493, 'Leo王 '),
(494, '何勇 '),
(495, '徐若瑄 Vivian Hsu'),
(496, '朱哲琴 DADAWA'),
(497, '落日飛車 Sunset Rollercoaster'),
(498, '王菲 '),
(499, '鳳飛飛 '),
(500, '新寶島康樂隊 '),
(501, '齊豫 '),
(502, '張宇 '),
(503, '陳奕迅 Eason Chan'),
(504, '李志 Lizhi'),
(505, '萬芳 '),
(506, '蘇芮 '),
(507, '兄弟本色 '),
(508, '趙傳 '),
(509, '王若琳 Joanna Wang'),
(510, '朴彩英 Rose'),
(511, 'Sugar Babe '),
(512, 'Linda Carriere (2) Linda Carriere (2)'),
(513, 'Nujabes '),
(514, '山下達郎 Tatsuro Yamashita'),
(515, '菊池桃子 '),
(516, '中村遼 haruka nakamura'),
(517, '竹內瑪麗亞 Mariya Takeuchi'),
(518, 'Natsu Summer '),
(519, 'uyama hiroto '),
(520, 'Hämäläis-Osakunnan Laulajat Juha Kuivanen'),
(521, '芳野藤丸 '),
(522, 'YOASOBI '),
(523, 'King Gnu '),
(524, '具島直子 '),
(525, 'MONDO GROSSO '),
(526, '大貫妙子 Taeko Onuki'),
(527, '手嶌葵 '),
(528, '德永英明 Hideaki Tokunaga'),
(529, 'Ado '),
(530, '中森明菜 Akina Nakamori'),
(531, '濱田金吾 '),
(532, '杏里 ANRI'),
(533, '流線形 '),
(534, 'The fin. '),
(535, '小野麗莎 Lisa Ono'),
(536, 'BTS 防彈少年團 '),
(537, '宇多田光 Utada Hikaru'),
(538, 'Junk Fujiyama '),
(539, '松原美紀 Miki Matsubara'),
(540, '間宮貴子 Takako Mamiya'),
(541, '羊文學 '),
(542, '嗜血屠夫 bloodthirsty butchers'),
(543, 'Mili '),
(544, 'Solitude 2:14am '),
(545, '高橋竹山 '),
(546, '桑田佳祐 Keisuke Kuwata'),
(547, '水原明子 Akiko Mizuhara'),
(548, 'BLACKPINK '),
(549, '藤井風 '),
(550, 'RADWIMPS '),
(551, '岡本一生 Okamoto Issei'),
(552, 'Hiroshi II Hiroshi'),
(553, '亞蘭知子 '),
(554, '青葉市子 Ichiko Aoba'),
(555, '林哲司 '),
(556, 'Noriki '),
(557, 'Kiyoshi Yamaya Kiyoshi Yamaya'),
(558, 'Pictured Resort '),
(559, '富田勳 Isao Tomita'),
(560, 'G.Yoko '),
(561, 'DJ Yoshizawa Dynamite.jp Chintam'),
(562, '大橋純子 Junko Ohashi'),
(563, '佐藤博 Hiroshi Sato'),
(564, '鈴木宏昌 Hiromasa Suzuki'),
(565, '大瀧詠一 Eiichi Ohtaki'),
(566, 'Various DJ Yoshizawa Dynamite.jp'),
(567, '福居良 Ryo Fukui'),
(568, '今井美樹 Miki Imai'),
(569, 'Mr.Children '),
(570, 'Nick Luscombe'),
(571, '池玲子 '),
(572, '池田典代 Noriyo Ikeda'),
(573, '井上鑑 Akira Inoue'),
(574, 'Sing Like Talking'),
(575, '吉田美奈子 Minako Yoshida'),
(576, '米希亞 MISIA'),
(577, 'Happy End '),
(578, '松田聖子 Seiko Matsuda'),
(579, '金延幸子 Sachiko Kanenobu'),
(580, '安全地帶 Anzen Chitai'),
(581, 'Bronze '),
(582, '月之海 LUNA SEA'),
(583, '黃色魔術交響樂團 Yellow Magic Orchestra'),
(584, 'Presents '),
(585, '漢斯季默 Hans Zimmer'),
(586, 'Kouichi Sugiyama Koji Kondo'),
(587, 'Various Lin-Manuel Miranda'),
(588, '赫胥卡 Hauschka'),
(589, '蓋布瑞雅德 Gabriel Yared'),
(590, 'Clément Ducol Camille'),
(591, '約翰戈爾特勒 John Gurtler'),
(592, '崔特雷澤諾 Trent Reznor'),
(593, '布萊恩泰勒 Brian Tyler'),
(594, '丹尼葉夫曼 Danny Elfman'),
(595, 'Masayoshi Soken'),
(596, 'Stephen Schwartz'),
(597, '宮川泰 '),
(598, '哈利葛瑞森-威廉 Harry Gregson-Williams'),
(599, 'various'),
(600, 'Colin Stetson'),
(601, 'CthulhuSeeker'),
(602, '唐戴維斯 Don Davis'),
(603, '布萊恩伊諾 Brian Eno'),
(604, 'Fire Bomber'),
(605, '八草樂團 '),
(606, '亞倫席維斯崔 Alan Silvestri'),
(607, '野見祐二 '),
(608, 'My First Story Hyde (5)'),
(609, '艾美懷絲 Amy Winehouse'),
(610, '布萊斯戴斯納 Bryce Desnner'),
(611, 'London Music Works '),
(612, 'Kouichi Sugiyama'),
(613, '伊莫珍希普 Imogen Heap'),
(614, '大野雄二 '),
(615, '桑塔歐拉拉 Gustavo Santaolalla'),
(616, '地下絲絨 The Velvet Underground'),
(617, '安德烈洛伊韋伯 Andrew Lloyd Webber'),
(618, '拉敏賈瓦帝 Ramin Djawadi'),
(619, 'Frank Montasell '),
(620, '湯瑪士紐曼 Thomas Newman'),
(621, '布倫丹安吉利斯 Brendan Angelides'),
(622, '亞蘭葛拉格 Alain Goraguer'),
(623, 'Jacek Paciorkowski '),
(624, '魯德溫葛瑞森 Ludwig Goransson'),
(625, '佐藤直紀 '),
(626, '馬汀菲皮斯 Martin Phipps'),
(627, '菅野洋子 '),
(628, '影山ヒロノブ＆Broadway'),
(629, 'Make-up'),
(630, 'Hiroshi Kitadani Akemi Okamura'),
(631, 'Jongnic Bontemps'),
(632, '初音未來 初音ミク'),
(633, 'Akira Yamaoka Marcin Przybyłowicz'),
(634, '羅比羅伯森 Robbie Robertson'),
(635, '牛尾憲輔 Kensuke Ushio'),
(636, '布拉格城市愛樂 City of Prague Philharmonic'),
(637, '畢奇奧尼 Piero Piccioni');

-- --------------------------------------------------------

--
-- 資料表結構 `vinyl_gender`
--

CREATE TABLE `vinyl_gender` (
  `id` int(11) NOT NULL,
  `genre_id` int(11) DEFAULT NULL,
  `gender` varchar(10) DEFAULT NULL
) ENGINE=InnoDB DEFAULT CHARSET=utf8mb4 COLLATE=utf8mb4_general_ci;

--
-- 傾印資料表的資料 `vinyl_gender`
--

INSERT INTO `vinyl_gender` (`id`, `genre_id`, `gender`) VALUES
(1, 1, '鋼琴'),
(2, 1, '大提琴'),
(3, 1, '小提琴'),
(4, 1, '其他類型樂器'),
(5, 1, '歌劇 / 跨界美聲'),
(6, 1, '多重奏'),
(7, 1, '交響曲'),
(8, 2, '男藝人'),
(9, 2, '女藝人'),
(10, 2, '團體 / 合輯'),
(11, 2, '其他'),
(12, 3, '男藝人'),
(13, 3, '女藝人'),
(14, 3, '團體 / 合輯'),
(15, 4, '男藝人'),
(16, 4, '女藝人'),
(17, 4, '團體 / 合輯'),
(18, 5, '男藝人'),
(19, 5, '女藝人'),
(20, 5, '團體 / 合輯'),
(21, 6, '男藝人'),
(22, 6, '女藝人'),
(23, 6, '團體 / 合輯'),
(24, 6, '其他'),
(25, 7, '歐美電影/電視'),
(26, 7, '華語電影/電視'),
(27, 7, '日韓電影/電視'),
(28, 7, '電玩配樂'),
(29, 7, '動畫卡通');

-- --------------------------------------------------------

--
-- 資料表結構 `vinyl_genre`
--

CREATE TABLE `vinyl_genre` (
  `id` int(11) NOT NULL,
  `genre` varchar(20) DEFAULT NULL
) ENGINE=InnoDB DEFAULT CHARSET=utf8mb4 COLLATE=utf8mb4_general_ci;

--
-- 傾印資料表的資料 `vinyl_genre`
--

INSERT INTO `vinyl_genre` (`id`, `genre`) VALUES
(1, '古典'),
(2, '發燒'),
(3, '爵士'),
(4, '西洋'),
(5, '華語'),
(6, '日韓'),
(7, '原聲帶');

-- --------------------------------------------------------

--
-- 資料表結構 `vinyl_img`
--

CREATE TABLE `vinyl_img` (
  `id` int(11) NOT NULL,
  `shs_id` varchar(20) DEFAULT NULL,
  `img_name` varchar(50) DEFAULT NULL,
  `img_url` varchar(100) DEFAULT NULL,
  `img_path` varchar(50) DEFAULT NULL
) ENGINE=InnoDB DEFAULT CHARSET=utf8mb4 COLLATE=utf8mb4_general_ci;

--
-- 傾印資料表的資料 `vinyl_img`
--

INSERT INTO `vinyl_img` (`id`, `shs_id`, `img_name`, `img_url`, `img_path`) VALUES
(1, '111455', '111455_1.jpeg', 'https://www.shsmusic.tw//module/smallimg3.php?path=product/pro_20250602085828_0.jpg&w=800&h=800', 'img\\111455_1.jpeg'),
(2, '111426', '111426_1.jpeg', 'https://www.shsmusic.tw//module/smallimg3.php?path=product/pro_20250527103854_0.png&w=800&h=800', 'img\\111426_1.jpeg'),
(3, '111407', '111407_1.jpeg', 'https://www.shsmusic.tw//module/smallimg3.php?path=product/pro_20250519054558_0.jpg&w=800&h=800', 'img\\111407_1.jpeg'),
(4, '111406', '111406_1.jpeg', 'https://www.shsmusic.tw//module/smallimg3.php?path=product/pro_20250519054255_0.jpg&w=800&h=800', 'img\\111406_1.jpeg'),
(5, '111344', '111344_1.jpeg', 'https://www.shsmusic.tw//module/smallimg3.php?path=product/pro_20250503111043_0.jpg&w=800&h=800', 'img\\111344_1.jpeg'),
(6, '111340', '111340_1.jpeg', 'https://www.shsmusic.tw//module/smallimg3.php?path=product/pro_20250502014158_0.jpg&w=800&h=800', 'img\\111340_1.jpeg'),
(7, '111316', '111316_1.jpeg', 'https://www.shsmusic.tw//module/smallimg3.php?path=product/pro_20250425053444_0.jpg&w=800&h=800', 'img\\111316_1.jpeg'),
(8, '111296', '111296_1.jpeg', 'https://www.shsmusic.tw//module/smallimg3.php?path=product/pro_20250419020439_0.jpg&w=800&h=800', 'img\\111296_1.jpeg'),
(9, '111253', '111253_1.jpeg', 'https://www.shsmusic.tw//module/smallimg3.php?path=product/pro_20250404020125_0.jpg&w=800&h=800', 'img\\111253_1.jpeg'),
(10, '111236', '111236_1.jpeg', 'https://www.shsmusic.tw//module/smallimg3.php?path=product/pro_20250401033152_0.jpg&w=800&h=800', 'img\\111236_1.jpeg'),
(11, '111207', '111207_1.jpeg', 'https://www.shsmusic.tw//module/smallimg3.php?path=product/pro_20250324102852_0.jpg&w=800&h=800', 'img\\111207_1.jpeg'),
(12, '111181', '111181_1.jpeg', 'https://www.shsmusic.tw//module/smallimg3.php?path=product/pro_20250314103617_0.jpg&w=800&h=800', 'img\\111181_1.jpeg'),
(13, '111127', '111127_1.jpeg', 'https://www.shsmusic.tw//module/smallimg3.php?path=product/pro_20250225051633_0.jpg&w=800&h=800', 'img\\111127_1.jpeg'),
(14, '111126', '111126_1.jpeg', 'https://www.shsmusic.tw//module/smallimg3.php?path=product/pro_20250225051416_0.jpg&w=800&h=800', 'img\\111126_1.jpeg'),
(15, '111089', '111089_1.jpeg', 'https://www.shsmusic.tw//module/smallimg3.php?path=product/pro_20250212104415_0.jpg&w=800&h=800', 'img\\111089_1.jpeg'),
(16, '111088', '111088_1.jpeg', 'https://www.shsmusic.tw//module/smallimg3.php?path=product/pro_20250212103913_0.jpg&w=800&h=800', 'img\\111088_1.jpeg'),
(17, '111048', '111048_1.jpeg', 'https://www.shsmusic.tw//module/smallimg3.php?path=product/pro_20250123050721_0.jpg&w=800&h=800', 'img\\111048_1.jpeg'),
(18, '111008', '111008_1.jpeg', 'https://www.shsmusic.tw//module/smallimg3.php?path=product/pro_20250111040215_0.jpg&w=800&h=800', 'img\\111008_1.jpeg'),
(19, '110988', '110988_1.jpeg', 'https://www.shsmusic.tw//module/smallimg3.php?path=product/pro_20250102051253_0.jpg&w=800&h=800', 'img\\110988_1.jpeg'),
(20, '110987', '110987_1.jpeg', 'https://www.shsmusic.tw//module/smallimg3.php?path=product/pro_20250102050758_0.jpg&w=800&h=800', 'img\\110987_1.jpeg'),
(21, '110986', '110986_1.jpeg', 'https://www.shsmusic.tw//module/smallimg3.php?path=product/pro_20250102050408_0.jpg&w=800&h=800', 'img\\110986_1.jpeg'),
(22, '110985', '110985_1.jpeg', 'https://www.shsmusic.tw//module/smallimg3.php?path=product/pro_20250102045956_0.jpg&w=800&h=800', 'img\\110985_1.jpeg'),
(23, '110955', '110955_1.jpeg', 'https://www.shsmusic.tw//module/smallimg3.php?path=product/pro_20241225122652_0.jpg&w=800&h=800', 'img\\110955_1.jpeg'),
(24, '110940', '110940_1.jpeg', 'https://www.shsmusic.tw//module/smallimg3.php?path=product/pro_20241220115613_0.jpg&w=800&h=800', 'img\\110940_1.jpeg'),
(25, '110904', '110904_1.jpeg', 'https://www.shsmusic.tw//module/smallimg3.php?path=product/pro_20241206102857_0.jpg&w=800&h=800', 'img\\110904_1.jpeg'),
(26, '110896', '110896_1.jpeg', 'https://www.shsmusic.tw//module/smallimg3.php?path=product/pro_20241203115609_0.jpg&w=800&h=800', 'img\\110896_1.jpeg'),
(27, '110868', '110868_1.jpeg', 'https://www.shsmusic.tw//module/smallimg3.php?path=product/pro_20241122053028_0.jpg&w=800&h=800', 'img\\110868_1.jpeg'),
(28, '110867', '110867_1.jpeg', 'https://www.shsmusic.tw//module/smallimg3.php?path=product/pro_20241122052232_0.jpg&w=800&h=800', 'img\\110867_1.jpeg'),
(29, '110865', '110865_1.jpeg', 'https://www.shsmusic.tw//module/smallimg3.php?path=product/pro_20241122050516_0.jpg&w=800&h=800', 'img\\110865_1.jpeg'),
(30, '110863', '110863_1.jpeg', 'https://www.shsmusic.tw//module/smallimg3.php?path=product/pro_20241122044147_0.jpg&w=800&h=800', 'img\\110863_1.jpeg'),
(31, '111353', '111353_1.jpeg', 'https://www.shsmusic.tw//module/smallimg3.php?path=product/pro_20250504100546_0.jpg&w=800&h=800', 'img\\111353_1.jpeg'),
(32, '111332', '111332_1.jpeg', 'https://www.shsmusic.tw//module/smallimg3.php?path=product/pro_20250430104357_0.jpg&w=800&h=800', 'img\\111332_1.jpeg'),
(33, '111331', '111331_1.jpeg', 'https://www.shsmusic.tw//module/smallimg3.php?path=product/pro_20250429045429_0.jpg&w=800&h=800', 'img\\111331_1.jpeg'),
(34, '111330', '111330_1.jpeg', 'https://www.shsmusic.tw//module/smallimg3.php?path=product/pro_20250429044804_0.jpg&w=800&h=800', 'img\\111330_1.jpeg'),
(35, '111254', '111254_1.jpeg', 'https://www.shsmusic.tw//module/smallimg3.php?path=product/pro_20250404021856_0.jpg&w=800&h=800', 'img\\111254_1.jpeg'),
(36, '111160', '111160_1.jpeg', 'https://www.shsmusic.tw//module/smallimg3.php?path=product/pro_20250308085854_0.jpg&w=800&h=800', 'img\\111160_1.jpeg'),
(37, '110948', '110948_1.jpeg', 'https://www.shsmusic.tw//module/smallimg3.php?path=product/pro_20241221030038_0.jpg&w=800&h=800', 'img\\110948_1.jpeg'),
(38, '110947', '110947_1.jpeg', 'https://www.shsmusic.tw//module/smallimg3.php?path=product/pro_20241221110524_0.jpg&w=800&h=800', 'img\\110947_1.jpeg'),
(39, '110921', '110921_1.jpeg', 'https://www.shsmusic.tw//module/smallimg3.php?path=product/pro_20241206044759_0.jpg&w=800&h=800', 'img\\110921_1.jpeg'),
(40, '110920', '110920_1.jpeg', 'https://www.shsmusic.tw//module/smallimg3.php?path=product/pro_20241206044243_0.jpg&w=800&h=800', 'img\\110920_1.jpeg'),
(41, '110919', '110919_1.jpeg', 'https://www.shsmusic.tw//module/smallimg3.php?path=product/pro_20241206044018_0.jpg&w=800&h=800', 'img\\110919_1.jpeg'),
(42, '110876', '110876_1.jpeg', 'https://www.shsmusic.tw//module/smallimg3.php?path=product/pro_20241128083546_0.jpg&w=800&h=800', 'img\\110876_1.jpeg'),
(43, '110666', '110666_1.jpeg', 'https://www.shsmusic.tw//module/smallimg3.php?path=product/pro_20241013105211_0.jpg&w=800&h=800', 'img\\110666_1.jpeg'),
(44, '110665', '110665_1.jpeg', 'https://www.shsmusic.tw//module/smallimg3.php?path=product/pro_20241013104901_0.jpg&w=800&h=800', 'img\\110665_1.jpeg'),
(45, '110497', '110497_1.jpeg', 'https://www.shsmusic.tw//module/smallimg3.php?path=product/pro_20240828053744_0.jpg&w=800&h=800', 'img\\110497_1.jpeg'),
(46, '110469', '110469_1.jpeg', 'https://www.shsmusic.tw//module/smallimg3.php?path=product/pro_20240827032010_0.jpg&w=800&h=800', 'img\\110469_1.jpeg'),
(47, '110457', '110457_1.jpeg', 'https://www.shsmusic.tw//module/smallimg3.php?path=product/pro_20240823020453_0.jpg&w=800&h=800', 'img\\110457_1.jpeg'),
(48, '110425', '110425_1.jpeg', 'https://www.shsmusic.tw//module/smallimg3.php?path=product/pro_20240817111748_0.jpg&w=800&h=800', 'img\\110425_1.jpeg'),
(49, '110311', '110311_1.jpeg', 'https://www.shsmusic.tw//module/smallimg3.php?path=product/pro_20240722013409_0.jpg&w=800&h=800', 'img\\110311_1.jpeg'),
(50, '110258', '110258_1.jpeg', 'https://www.shsmusic.tw//module/smallimg3.php?path=product/pro_20240717020825_0.jpg&w=800&h=800', 'img\\110258_1.jpeg'),
(51, '110013', '110013_1.jpeg', 'https://www.shsmusic.tw//module/smallimg3.php?path=product/pro_20240601014026_0.jpg&w=800&h=800', 'img\\110013_1.jpeg'),
(52, '109639', '109639_1.jpeg', 'https://www.shsmusic.tw//module/smallimg3.php?path=product/pro_20240326045644_0.jpg&w=800&h=800', 'img\\109639_1.jpeg'),
(53, '109351', '109351_1.jpeg', 'https://www.shsmusic.tw//module/smallimg3.php?path=product/pro_20240202112433_0.jpg&w=800&h=800', 'img\\109351_1.jpeg'),
(54, '109320', '109320_1.jpeg', 'https://www.shsmusic.tw//module/smallimg3.php?path=product/pro_20240124012629_0.jpg&w=800&h=800', 'img\\109320_1.jpeg'),
(55, '109312', '109312_1.jpeg', 'https://www.shsmusic.tw//module/smallimg3.php?path=product/pro_20240122044211_0.jpg&w=800&h=800', 'img\\109312_1.jpeg'),
(56, '109303', '109303_1.jpeg', 'https://www.shsmusic.tw//module/smallimg3.php?path=product/pro_20240118032234_0.jpg&w=800&h=800', 'img\\109303_1.jpeg'),
(57, '109187', '109187_1.jpeg', 'https://www.shsmusic.tw//module/smallimg3.php?path=product/pro_20231228112341_0.jpg&w=800&h=800', 'img\\109187_1.jpeg'),
(58, '109186', '109186_1.jpeg', 'https://www.shsmusic.tw//module/smallimg3.php?path=product/pro_20231228111851_0.jpg&w=800&h=800', 'img\\109186_1.jpeg'),
(59, '109185', '109185_1.jpeg', 'https://www.shsmusic.tw//module/smallimg3.php?path=product/pro_20231228111333_0.jpg&w=800&h=800', 'img\\109185_1.jpeg'),
(60, '109143', '109143_1.jpeg', 'https://www.shsmusic.tw//module/smallimg3.php?path=product/pro_20231222043029_0.jpg&w=800&h=800', 'img\\109143_1.jpeg'),
(61, '111318', '111318_1.jpeg', 'https://www.shsmusic.tw//module/smallimg3.php?path=product/pro_20250425055039_0.jpg&w=800&h=800', 'img\\111318_1.jpeg'),
(62, '111180', '111180_1.jpeg', 'https://www.shsmusic.tw//module/smallimg3.php?path=product/pro_20250313032411_0.jpg&w=800&h=800', 'img\\111180_1.jpeg'),
(63, '111157', '111157_1.jpeg', 'https://www.shsmusic.tw//module/smallimg3.php?path=product/pro_20250308105919_0.jpg&w=800&h=800', 'img\\111157_1.jpeg'),
(64, '111147', '111147_1.jpeg', 'https://www.shsmusic.tw//module/smallimg3.php?path=product/pro_20250304025937_0.jpg&w=800&h=800', 'img\\111147_1.jpeg'),
(65, '111106', '111106_1.jpeg', 'https://www.shsmusic.tw//module/smallimg3.php?path=product/pro_20250220034615_0.jpg&w=800&h=800', 'img\\111106_1.jpeg'),
(66, '111087', '111087_1.jpeg', 'https://www.shsmusic.tw//module/smallimg3.php?path=product/pro_20250211095053_0.jpg&w=800&h=800', 'img\\111087_1.jpeg'),
(67, '111040', '111040_1.jpeg', 'https://www.shsmusic.tw//module/smallimg3.php?path=product/pro_20250123121942_0.jpg&w=800&h=800', 'img\\111040_1.jpeg'),
(68, '111037', '111037_1.jpeg', 'https://www.shsmusic.tw//module/smallimg3.php?path=product/pro_20250121021401_0.jpg&w=800&h=800', 'img\\111037_1.jpeg'),
(69, '110894', '110894_1.jpeg', 'https://www.shsmusic.tw//module/smallimg3.php?path=product/pro_20241203104441_0.jpg&w=800&h=800', 'img\\110894_1.jpeg'),
(70, '110891', '110891_1.jpeg', 'https://www.shsmusic.tw//module/smallimg3.php?path=product/pro_20241202030526_0.jpg&w=800&h=800', 'img\\110891_1.jpeg'),
(71, '110887', '110887_1.jpeg', 'https://www.shsmusic.tw//module/smallimg3.php?path=product/pro_20241130040656_0.JPG&w=800&h=800', 'img\\110887_1.jpeg'),
(72, '110804', '110804_1.jpeg', 'https://www.shsmusic.tw//module/smallimg3.php?path=product/pro_20241119011653_0.jpg&w=800&h=800', 'img\\110804_1.jpeg'),
(73, '110801', '110801_1.jpeg', 'https://www.shsmusic.tw//module/smallimg3.php?path=product/pro_20241118123513_0.jpg&w=800&h=800', 'img\\110801_1.jpeg'),
(74, '110781', '110781_1.jpeg', 'https://www.shsmusic.tw//module/smallimg3.php?path=product/pro_20241109120312_0.jpg&w=800&h=800', 'img\\110781_1.jpeg'),
(75, '110757', '110757_1.jpeg', 'https://www.shsmusic.tw//module/smallimg3.php?path=product/pro_20241105013910_0.jpg&w=800&h=800', 'img\\110757_1.jpeg'),
(76, '110743', '110743_1.jpeg', 'https://www.shsmusic.tw//module/smallimg3.php?path=product/pro_20241030030554_0.jpg&w=800&h=800', 'img\\110743_1.jpeg'),
(77, '110695', '110695_1.jpeg', 'https://www.shsmusic.tw//module/smallimg3.php?path=product/pro_20241015091901_0.jpg&w=800&h=800', 'img\\110695_1.jpeg'),
(78, '110672', '110672_1.jpeg', 'https://www.shsmusic.tw//module/smallimg3.php?path=product/pro_20241014054513_0.jpg&w=800&h=800', 'img\\110672_1.jpeg'),
(79, '110645', '110645_1.jpeg', 'https://www.shsmusic.tw//module/smallimg3.php?path=product/pro_20241009121850_0.jpg&w=800&h=800', 'img\\110645_1.jpeg'),
(80, '110619', '110619_1.jpeg', 'https://www.shsmusic.tw//module/smallimg3.php?path=product/pro_20240927041932_0.png&w=800&h=800', 'img\\110619_1.jpeg'),
(81, '110617', '110617_1.jpeg', 'https://www.shsmusic.tw//module/smallimg3.php?path=product/pro_20240926045232_0.jpg&w=800&h=800', 'img\\110617_1.jpeg'),
(82, '110615', '110615_1.jpeg', 'https://www.shsmusic.tw//module/smallimg3.php?path=product/pro_20240925042954_0.jpg&w=800&h=800', 'img\\110615_1.jpeg'),
(83, '110613', '110613_1.jpeg', 'https://www.shsmusic.tw//module/smallimg3.php?path=product/pro_20240925013606_0.jpg&w=800&h=800', 'img\\110613_1.jpeg'),
(84, '110597', '110597_1.jpeg', 'https://www.shsmusic.tw//module/smallimg3.php?path=product/pro_20240920053154_0.jpg&w=800&h=800', 'img\\110597_1.jpeg'),
(85, '110576', '110576_1.jpeg', 'https://www.shsmusic.tw//module/smallimg3.php?path=product/pro_20240916075855_0.jpg&w=800&h=800', 'img\\110576_1.jpeg'),
(86, '110570', '110570_1.jpeg', 'https://www.shsmusic.tw//module/smallimg3.php?path=product/pro_20240914104144_0.jpg&w=800&h=800', 'img\\110570_1.jpeg'),
(87, '110502', '110502_1.jpeg', 'https://www.shsmusic.tw//module/smallimg3.php?path=product/pro_20240830103657_0.jpg&w=800&h=800', 'img\\110502_1.jpeg'),
(88, '110501', '110501_1.jpeg', 'https://www.shsmusic.tw//module/smallimg3.php?path=product/pro_20240829052318_0.jpg&w=800&h=800', 'img\\110501_1.jpeg'),
(89, '110498', '110498_1.jpeg', 'https://www.shsmusic.tw//module/smallimg3.php?path=product/pro_20240828055429_0.jpg&w=800&h=800', 'img\\110498_1.jpeg'),
(90, '110456', '110456_1.jpeg', 'https://www.shsmusic.tw//module/smallimg3.php?path=product/pro_20240823013546_0.jpg&w=800&h=800', 'img\\110456_1.jpeg'),
(91, '111386', '111386_1.jpeg', 'https://www.shsmusic.tw//module/smallimg3.php?path=product/pro_20250515010520_0.jpg&w=800&h=800', 'img\\111386_1.jpeg'),
(92, '111329', '111329_1.jpeg', 'https://www.shsmusic.tw//module/smallimg3.php?path=product/pro_20250429104946_0.jpg&w=800&h=800', 'img\\111329_1.jpeg'),
(93, '111299', '111299_1.jpeg', 'https://www.shsmusic.tw//module/smallimg3.php?path=product/pro_20250422104020_0.jpg&w=800&h=800', 'img\\111299_1.jpeg'),
(94, '111269', '111269_1.jpeg', 'https://www.shsmusic.tw//module/smallimg3.php?path=product/pro_20250408051713_0.jpg&w=800&h=800', 'img\\111269_1.jpeg'),
(95, '111268', '111268_1.jpeg', 'https://www.shsmusic.tw//module/smallimg3.php?path=product/pro_20250408051117_0.jpg&w=800&h=800', 'img\\111268_1.jpeg'),
(96, '111257', '111257_1.jpeg', 'https://www.shsmusic.tw//module/smallimg3.php?path=product/pro_20250405110711_0.jpg&w=800&h=800', 'img\\111257_1.jpeg'),
(97, '111256', '111256_1.jpeg', 'https://www.shsmusic.tw//module/smallimg3.php?path=product/pro_20250405104602_0.jpg&w=800&h=800', 'img\\111256_1.jpeg'),
(98, '111235', '111235_1.jpeg', 'https://www.shsmusic.tw//module/smallimg3.php?path=product/pro_20250329053325_0.jpg&w=800&h=800', 'img\\111235_1.jpeg'),
(99, '111204', '111204_1.jpeg', 'https://www.shsmusic.tw//module/smallimg3.php?path=product/pro_20250321041824_0.jpg&w=800&h=800', 'img\\111204_1.jpeg'),
(100, '111195', '111195_1.jpeg', 'https://www.shsmusic.tw//module/smallimg3.php?path=product/pro_20250318052407_0.jpg&w=800&h=800', 'img\\111195_1.jpeg'),
(101, '111188', '111188_1.jpeg', 'https://www.shsmusic.tw//module/smallimg3.php?path=product/pro_20250317121721_0.jpg&w=800&h=800', 'img\\111188_1.jpeg'),
(102, '111173', '111173_1.jpeg', 'https://www.shsmusic.tw//module/smallimg3.php?path=product/pro_20250312092048_0.jpg&w=800&h=800', 'img\\111173_1.jpeg'),
(103, '111164', '111164_1.jpeg', 'https://www.shsmusic.tw//module/smallimg3.php?path=product/pro_20250310012514_0.jpg&w=800&h=800', 'img\\111164_1.jpeg'),
(104, '111163', '111163_1.jpeg', 'https://www.shsmusic.tw//module/smallimg3.php?path=product/pro_20250310010143_0.jpg&w=800&h=800', 'img\\111163_1.jpeg'),
(105, '111140', '111140_1.jpeg', 'https://www.shsmusic.tw//module/smallimg3.php?path=product/pro_20250302091548_0.jpg&w=800&h=800', 'img\\111140_1.jpeg'),
(106, '111138', '111138_1.jpeg', 'https://www.shsmusic.tw//module/smallimg3.php?path=product/pro_20250302085100_0.jpg&w=800&h=800', 'img\\111138_1.jpeg'),
(107, '111134', '111134_1.jpeg', 'https://www.shsmusic.tw//module/smallimg3.php?path=product/pro_20250228033355_0.jpg&w=800&h=800', 'img\\111134_1.jpeg'),
(108, '111129', '111129_1.jpeg', 'https://www.shsmusic.tw//module/smallimg3.php?path=product/pro_20250226021905_0.jpg&w=800&h=800', 'img\\111129_1.jpeg'),
(109, '111123', '111123_1.jpeg', 'https://www.shsmusic.tw//module/smallimg3.php?path=product/pro_20250225120332_0.jpg&w=800&h=800', 'img\\111123_1.jpeg'),
(110, '111119', '111119_1.jpeg', 'https://www.shsmusic.tw//module/smallimg3.php?path=product/pro_20250224100850_0.jpg&w=800&h=800', 'img\\111119_1.jpeg'),
(111, '111109', '111109_1.jpeg', 'https://www.shsmusic.tw//module/smallimg3.php?path=product/pro_20250220121044_0.jpg&w=800&h=800', 'img\\111109_1.jpeg'),
(112, '111077', '111077_1.jpeg', 'https://www.shsmusic.tw//module/smallimg3.php?path=product/pro_20250208122351_0.jpg&w=800&h=800', 'img\\111077_1.jpeg'),
(113, '111074', '111074_1.jpeg', 'https://www.shsmusic.tw//module/smallimg3.php?path=product/pro_20250207120045_0.jpg&w=800&h=800', 'img\\111074_1.jpeg'),
(114, '111073', '111073_1.jpeg', 'https://www.shsmusic.tw//module/smallimg3.php?path=product/pro_20250206090821_0.jpg&w=800&h=800', 'img\\111073_1.jpeg'),
(115, '111070', '111070_1.jpeg', 'https://www.shsmusic.tw//module/smallimg3.php?path=product/pro_20250206030242_0.jpg&w=800&h=800', 'img\\111070_1.jpeg'),
(116, '111063', '111063_1.jpeg', 'https://www.shsmusic.tw//module/smallimg3.php?path=product/pro_20250204110452_0.jpg&w=800&h=800', 'img\\111063_1.jpeg'),
(117, '111062', '111062_1.jpeg', 'https://www.shsmusic.tw//module/smallimg3.php?path=product/pro_20250204105938_0.jpg&w=800&h=800', 'img\\111062_1.jpeg'),
(118, '111057', '111057_1.jpeg', 'https://www.shsmusic.tw//module/smallimg3.php?path=product/pro_20250131104411_0.jpg&w=800&h=800', 'img\\111057_1.jpeg'),
(119, '111052', '111052_1.jpeg', 'https://www.shsmusic.tw//module/smallimg3.php?path=product/pro_20250126093126_0.jpg&w=800&h=800', 'img\\111052_1.jpeg'),
(120, '111047', '111047_1.jpeg', 'https://www.shsmusic.tw//module/smallimg3.php?path=product/pro_20250123043534_0.jpg&w=800&h=800', 'img\\111047_1.jpeg'),
(121, '111401', '111401_1.jpeg', 'https://www.shsmusic.tw//module/smallimg3.php?path=product/pro_20250519105701_0.jpg&w=800&h=800', 'img\\111401_1.jpeg'),
(122, '111346', '111346_1.jpeg', 'https://www.shsmusic.tw//module/smallimg3.php?path=product/pro_20250503122529_0.jpg&w=800&h=800', 'img\\111346_1.jpeg'),
(123, '111345', '111345_1.jpeg', 'https://www.shsmusic.tw//module/smallimg3.php?path=product/pro_20250503122106_0.jpg&w=800&h=800', 'img\\111345_1.jpeg'),
(124, '111322', '111322_1.jpeg', 'https://www.shsmusic.tw//module/smallimg3.php?path=product/pro_20250426012209_0.jpg&w=800&h=800', 'img\\111322_1.jpeg'),
(125, '111274', '111274_1.jpeg', 'https://www.shsmusic.tw//module/smallimg3.php?path=product/pro_20250414054756_0.jpg&w=800&h=800', 'img\\111274_1.jpeg'),
(126, '111194', '111194_1.jpeg', 'https://www.shsmusic.tw//module/smallimg3.php?path=product/pro_20250318040354_0.jpg&w=800&h=800', 'img\\111194_1.jpeg'),
(127, '111060', '111060_1.jpeg', 'https://www.shsmusic.tw//module/smallimg3.php?path=product/pro_20250204014454_0.jpg&w=800&h=800', 'img\\111060_1.jpeg'),
(128, '111059', '111059_1.jpeg', 'https://www.shsmusic.tw//module/smallimg3.php?path=product/pro_20250204114309_0.jpg&w=800&h=800', 'img\\111059_1.jpeg'),
(129, '110960', '110960_1.jpeg', 'https://www.shsmusic.tw//module/smallimg3.php?path=product/pro_20241225052502_0.jpg&w=800&h=800', 'img\\110960_1.jpeg'),
(130, '110911', '110911_1.jpeg', 'https://www.shsmusic.tw//module/smallimg3.php?path=product/pro_20241206012519_0.jpg&w=800&h=800', 'img\\110911_1.jpeg'),
(131, '110853', '110853_1.jpeg', 'https://www.shsmusic.tw//module/smallimg3.php?path=product/pro_20241122033808_0.jpg&w=800&h=800', 'img\\110853_1.jpeg'),
(132, '110746', '110746_1.jpeg', 'https://www.shsmusic.tw//module/smallimg3.php?path=product/pro_20241102102907_0.jpg&w=800&h=800', 'img\\110746_1.jpeg'),
(133, '110719', '110719_1.jpeg', 'https://www.shsmusic.tw//module/smallimg3.php?path=product/pro_20241022035327_0.jpg&w=800&h=800', 'img\\110719_1.jpeg'),
(134, '110616', '110616_1.jpeg', 'https://www.shsmusic.tw//module/smallimg3.php?path=product/pro_20240926114743_0.jpg&w=800&h=800', 'img\\110616_1.jpeg'),
(135, '110488', '110488_1.jpeg', 'https://www.shsmusic.tw//module/smallimg3.php?path=product/pro_20240828122131_0.jpg&w=800&h=800', 'img\\110488_1.jpeg'),
(136, '110436', '110436_1.jpeg', 'https://www.shsmusic.tw//module/smallimg3.php?path=product/pro_20240820125344_0.jpg&w=800&h=800', 'img\\110436_1.jpeg'),
(137, '110420', '110420_1.jpeg', 'https://www.shsmusic.tw//module/smallimg3.php?path=product/pro_20240815044431_0.JPG&w=800&h=800', 'img\\110420_1.jpeg'),
(138, '110398', '110398_1.jpeg', 'https://www.shsmusic.tw//module/smallimg3.php?path=product/pro_20240813011552_0.jpg&w=800&h=800', 'img\\110398_1.jpeg'),
(139, '110364', '110364_1.jpeg', 'https://www.shsmusic.tw//module/smallimg3.php?path=product/pro_20240803104708_0.jpg&w=800&h=800', 'img\\110364_1.jpeg'),
(140, '110256', '110256_1.jpeg', 'https://www.shsmusic.tw//module/smallimg3.php?path=product/pro_20240716050746_0.jpg&w=800&h=800', 'img\\110256_1.jpeg'),
(141, '110151', '110151_1.jpeg', 'https://www.shsmusic.tw//module/smallimg3.php?path=product/pro_20240627054850_0.jpg&w=800&h=800', 'img\\110151_1.jpeg'),
(142, '110090', '110090_1.jpeg', 'https://www.shsmusic.tw//module/smallimg3.php?path=product/pro_20240614034940_0.jpg&w=800&h=800', 'img\\110090_1.jpeg'),
(143, '110024', '110024_1.jpeg', 'https://www.shsmusic.tw//module/smallimg3.php?path=product/pro_20240604124656_0.jpg&w=800&h=800', 'img\\110024_1.jpeg'),
(144, '110011', '110011_1.jpeg', 'https://www.shsmusic.tw//module/smallimg3.php?path=product/pro_20240531060028_0.jpg&w=800&h=800', 'img\\110011_1.jpeg'),
(145, '109968', '109968_1.jpeg', 'https://www.shsmusic.tw//module/smallimg3.php?path=product/pro_20240909102045_0.jpg&w=800&h=800', 'img\\109968_1.jpeg'),
(146, '109967', '109967_1.jpeg', 'https://www.shsmusic.tw//module/smallimg3.php?path=product/pro_20240523015240_0.jpg&w=800&h=800', 'img\\109967_1.jpeg'),
(147, '109953', '109953_1.jpeg', 'https://www.shsmusic.tw//module/smallimg3.php?path=product/pro_20240520084943_0.jpeg&w=800&h=800', 'img\\109953_1.jpeg'),
(148, '109793', '109793_1.jpeg', 'https://www.shsmusic.tw//module/smallimg3.php?path=product/pro_20240423055835_0.jpg&w=800&h=800', 'img\\109793_1.jpeg'),
(149, '109792', '109792_1.jpeg', 'https://www.shsmusic.tw//module/smallimg3.php?path=product/pro_20240423055314_0.jpg&w=800&h=800', 'img\\109792_1.jpeg'),
(150, '109707', '109707_1.jpeg', 'https://www.shsmusic.tw//module/smallimg3.php?path=product/pro_20240409113300_0.jpg&w=800&h=800', 'img\\109707_1.jpeg'),
(151, '111377', '111377_1.jpeg', 'https://www.shsmusic.tw//module/smallimg3.php?path=product/pro_20250512042051_0.jpg&w=800&h=800', 'img\\111377_1.jpeg'),
(152, '111370', '111370_1.jpeg', 'https://www.shsmusic.tw//module/smallimg3.php?path=product/pro_20250508032735_0.jpg&w=800&h=800', 'img\\111370_1.jpeg'),
(153, '111369', '111369_1.jpeg', 'https://www.shsmusic.tw//module/smallimg3.php?path=product/pro_20250508031506_0.jpg&w=800&h=800', 'img\\111369_1.jpeg'),
(154, '111348', '111348_1.jpeg', 'https://www.shsmusic.tw//module/smallimg3.php?path=product/pro_20250503044808_0.jpg&w=800&h=800', 'img\\111348_1.jpeg'),
(155, '111326', '111326_1.jpeg', 'https://www.shsmusic.tw//module/smallimg3.php?path=product/pro_20250426034754_0.jpg&w=800&h=800', 'img\\111326_1.jpeg'),
(156, '111304', '111304_1.jpeg', 'https://www.shsmusic.tw//module/smallimg3.php?path=product/pro_20250422052040_0.jpg&w=800&h=800', 'img\\111304_1.jpeg'),
(157, '111241', '111241_1.jpeg', 'https://www.shsmusic.tw//module/smallimg3.php?path=product/pro_20250402114609_0.jpg&w=800&h=800', 'img\\111241_1.jpeg'),
(158, '111219', '111219_1.jpeg', 'https://www.shsmusic.tw//module/smallimg3.php?path=product/pro_20250326115249_0.jpg&w=800&h=800', 'img\\111219_1.jpeg'),
(159, '111143', '111143_1.jpeg', 'https://www.shsmusic.tw//module/smallimg3.php?path=product/pro_20250303023426_0.jpg&w=800&h=800', 'img\\111143_1.jpeg'),
(160, '111142', '111142_1.jpeg', 'https://www.shsmusic.tw//module/smallimg3.php?path=product/pro_20250303023114_0.jpg&w=800&h=800', 'img\\111142_1.jpeg'),
(161, '111055', '111055_1.jpeg', 'https://www.shsmusic.tw//module/smallimg3.php?path=product/pro_20250129095250_0.jpg&w=800&h=800', 'img\\111055_1.jpeg'),
(162, '111029', '111029_1.jpeg', 'https://www.shsmusic.tw//module/smallimg3.php?path=product/pro_20250117114121_0.jpg&w=800&h=800', 'img\\111029_1.jpeg'),
(163, '111014', '111014_1.jpeg', 'https://www.shsmusic.tw//module/smallimg3.php?path=product/pro_20250114111329_0.jpg&w=800&h=800', 'img\\111014_1.jpeg'),
(164, '110998', '110998_1.jpeg', 'https://www.shsmusic.tw//module/smallimg3.php?path=product/pro_20250108114132_0.jpg&w=800&h=800', 'img\\110998_1.jpeg'),
(165, '110997', '110997_1.jpeg', 'https://www.shsmusic.tw//module/smallimg3.php?path=product/pro_20250108113128_0.jpg&w=800&h=800', 'img\\110997_1.jpeg'),
(166, '110996', '110996_1.jpeg', 'https://www.shsmusic.tw//module/smallimg3.php?path=product/pro_20250108112542_0.jpg&w=800&h=800', 'img\\110996_1.jpeg'),
(167, '110975', '110975_1.jpeg', 'https://www.shsmusic.tw//module/smallimg3.php?path=product/pro_20241231054213_0.jpg&w=800&h=800', 'img\\110975_1.jpeg'),
(168, '110969', '110969_1.jpeg', 'https://www.shsmusic.tw//module/smallimg3.php?path=product/pro_20241226040642_0.jpg&w=800&h=800', 'img\\110969_1.jpeg'),
(169, '110968', '110968_1.jpeg', 'https://www.shsmusic.tw//module/smallimg3.php?path=product/pro_20241226040422_0.jpg&w=800&h=800', 'img\\110968_1.jpeg'),
(170, '110967', '110967_1.jpeg', 'https://www.shsmusic.tw//module/smallimg3.php?path=product/pro_20241226040147_0.jpg&w=800&h=800', 'img\\110967_1.jpeg'),
(171, '110951', '110951_1.jpeg', 'https://www.shsmusic.tw//module/smallimg3.php?path=product/pro_20241221035414_0.jpg&w=800&h=800', 'img\\110951_1.jpeg'),
(172, '110933', '110933_1.jpeg', 'https://www.shsmusic.tw//module/smallimg3.php?path=product/pro_20241218121942_0.jpg&w=800&h=800', 'img\\110933_1.jpeg'),
(173, '110932', '110932_1.jpeg', 'https://www.shsmusic.tw//module/smallimg3.php?path=product/pro_20241217040812_0.jpg&w=800&h=800', 'img\\110932_1.jpeg'),
(174, '110902', '110902_1.jpeg', 'https://www.shsmusic.tw//module/smallimg3.php?path=product/pro_20241205011013_0.jpg&w=800&h=800', 'img\\110902_1.jpeg'),
(175, '110797', '110797_1.jpeg', 'https://www.shsmusic.tw//module/smallimg3.php?path=product/pro_20241115054646_0.jpg&w=800&h=800', 'img\\110797_1.jpeg'),
(176, '110788', '110788_1.jpeg', 'https://www.shsmusic.tw//module/smallimg3.php?path=product/pro_20241113032117_0.jpg&w=800&h=800', 'img\\110788_1.jpeg'),
(177, '110738', '110738_1.jpeg', 'https://www.shsmusic.tw//module/smallimg3.php?path=product/pro_20250117114541_0.jpg&w=800&h=800', 'img\\110738_1.jpeg'),
(178, '110657', '110657_1.jpeg', 'https://www.shsmusic.tw//module/smallimg3.php?path=product/pro_20241011113206_0.jpg&w=800&h=800', 'img\\110657_1.jpeg'),
(179, '110656', '110656_1.jpeg', 'https://www.shsmusic.tw//module/smallimg3.php?path=product/pro_20241011112035_0.jpg&w=800&h=800', 'img\\110656_1.jpeg'),
(180, '110631', '110631_1.jpeg', 'https://www.shsmusic.tw//module/smallimg3.php?path=product/pro_20241213102130_0.jpg&w=800&h=800', 'img\\110631_1.jpeg'),
(181, '111429', '111429_1.jpeg', 'https://www.shsmusic.tw//module/smallimg3.php?path=product/pro_20250528101754_0.jpg&w=800&h=800', 'img\\111429_1.jpeg'),
(182, '111373', '111373_1.jpeg', 'https://www.shsmusic.tw//module/smallimg3.php?path=product/pro_20250510125249_0.jpg&w=800&h=800', 'img\\111373_1.jpeg'),
(183, '111232', '111232_1.jpeg', 'https://www.shsmusic.tw//module/smallimg3.php?path=product/pro_20250329094746_0.jpg&w=800&h=800', 'img\\111232_1.jpeg'),
(184, '111170', '111170_1.jpeg', 'https://www.shsmusic.tw//module/smallimg3.php?path=product/pro_20250311014540_0.jpg&w=800&h=800', 'img\\111170_1.jpeg'),
(185, '111168', '111168_1.jpeg', 'https://www.shsmusic.tw//module/smallimg3.php?path=product/pro_20250311115409_0.jpg&w=800&h=800', 'img\\111168_1.jpeg'),
(186, '111116', '111116_1.jpeg', 'https://www.shsmusic.tw//module/smallimg3.php?path=product/pro_20250221121428_0.jpg&w=800&h=800', 'img\\111116_1.jpeg'),
(187, '111044', '111044_1.jpeg', 'https://www.shsmusic.tw//module/smallimg3.php?path=product/pro_20250123025609_0.jpg&w=800&h=800', 'img\\111044_1.jpeg'),
(188, '110989', '110989_1.jpeg', 'https://www.shsmusic.tw//module/smallimg3.php?path=product/pro_20250102051745_0.jpg&w=800&h=800', 'img\\110989_1.jpeg'),
(189, '110888', '110888_1.jpeg', 'https://www.shsmusic.tw//module/smallimg3.php?path=product/pro_20241130041125_0.jpg&w=800&h=800', 'img\\110888_1.jpeg'),
(190, '110791', '110791_1.jpeg', 'https://www.shsmusic.tw//module/smallimg3.php?path=product/pro_20241114011102_0.jpg&w=800&h=800', 'img\\110791_1.jpeg'),
(191, '110772', '110772_1.jpeg', 'https://www.shsmusic.tw//module/smallimg3.php?path=product/pro_20241105051200_0.jpg&w=800&h=800', 'img\\110772_1.jpeg'),
(192, '110752', '110752_1.jpeg', 'https://www.shsmusic.tw//module/smallimg3.php?path=product/pro_20241102050203_0.jpg&w=800&h=800', 'img\\110752_1.jpeg'),
(193, '110751', '110751_1.jpeg', 'https://www.shsmusic.tw//module/smallimg3.php?path=product/pro_20241102044952_0.jpeg&w=800&h=800', 'img\\110751_1.jpeg'),
(194, '110745', '110745_1.jpeg', 'https://www.shsmusic.tw//module/smallimg3.php?path=product/pro_20241031123527_0.jpg&w=800&h=800', 'img\\110745_1.jpeg'),
(195, '110718', '110718_1.jpeg', 'https://www.shsmusic.tw//module/smallimg3.php?path=product/pro_20241022024315_0.jpg&w=800&h=800', 'img\\110718_1.jpeg'),
(196, '110713', '110713_1.jpeg', 'https://www.shsmusic.tw//module/smallimg3.php?path=product/pro_20241021024027_0.jpg&w=800&h=800', 'img\\110713_1.jpeg'),
(197, '110712', '110712_1.jpeg', 'https://www.shsmusic.tw//module/smallimg3.php?path=product/pro_20241020093608_0.jpg&w=800&h=800', 'img\\110712_1.jpeg'),
(198, '110689', '110689_1.jpeg', 'https://www.shsmusic.tw//module/smallimg3.php?path=product/pro_20241015034105_0.jpg&w=800&h=800', 'img\\110689_1.jpeg'),
(199, '110662', '110662_1.jpeg', 'https://www.shsmusic.tw//module/smallimg3.php?path=product/pro_20241012035811_0.jpg&w=800&h=800', 'img\\110662_1.jpeg'),
(200, '110643', '110643_1.jpeg', 'https://www.shsmusic.tw//module/smallimg3.php?path=product/pro_20241008065003_0.jpg&w=800&h=800', 'img\\110643_1.jpeg'),
(201, '110633', '110633_1.jpeg', 'https://www.shsmusic.tw//module/smallimg3.php?path=product/pro_20241003090217_0.jpg&w=800&h=800', 'img\\110633_1.jpeg'),
(202, '110614', '110614_1.jpeg', 'https://www.shsmusic.tw//module/smallimg3.php?path=product/pro_20240925040350_0.jpg&w=800&h=800', 'img\\110614_1.jpeg'),
(203, '110558', '110558_1.jpeg', 'https://www.shsmusic.tw//module/smallimg3.php?path=product/pro_20240912103442_0.jpg&w=800&h=800', 'img\\110558_1.jpeg'),
(204, '110527', '110527_1.jpeg', 'https://www.shsmusic.tw//module/smallimg3.php?path=product/pro_20250107025533_0.jpg&w=800&h=800', 'img\\110527_1.jpeg'),
(205, '110520', '110520_1.jpeg', 'https://www.shsmusic.tw//module/smallimg3.php?path=product/pro_20240904014738_0.jpg&w=800&h=800', 'img\\110520_1.jpeg'),
(206, '110487', '110487_1.jpeg', 'https://www.shsmusic.tw//module/smallimg3.php?path=product/pro_20250107025708_0.jpg&w=800&h=800', 'img\\110487_1.jpeg'),
(207, '110459', '110459_1.jpeg', 'https://www.shsmusic.tw//module/smallimg3.php?path=product/pro_20240823040825_0.jpg&w=800&h=800', 'img\\110459_1.jpeg'),
(208, '110455', '110455_1.jpeg', 'https://www.shsmusic.tw//module/smallimg3.php?path=product/pro_20240823105817_0.jpg&w=800&h=800', 'img\\110455_1.jpeg'),
(209, '110440', '110440_1.jpeg', 'https://www.shsmusic.tw//module/smallimg3.php?path=product/pro_20240820013234_0.jpg&w=800&h=800', 'img\\110440_1.jpeg'),
(210, '110429', '110429_1.jpeg', 'https://www.shsmusic.tw//module/smallimg3.php?path=product/pro_20240928125356_0.jpg&w=800&h=800', 'img\\110429_1.jpeg');

-- --------------------------------------------------------

--
-- 資料表結構 `vinyl_status`
--

CREATE TABLE `vinyl_status` (
  `id` int(11) NOT NULL,
  `status` varchar(10) DEFAULT NULL
) ENGINE=InnoDB DEFAULT CHARSET=utf8mb4 COLLATE=utf8mb4_general_ci;

--
-- 傾印資料表的資料 `vinyl_status`
--

INSERT INTO `vinyl_status` (`id`, `status`) VALUES
(0, '下架'),
(1, '上架'),
(2, '預購'),
(3, '完售');

--
-- 已傾印資料表的索引
--

--
-- 資料表索引 `admins`
--
ALTER TABLE `admins`
  ADD PRIMARY KEY (`id`),
  ADD UNIQUE KEY `account` (`account`);

--
-- 資料表索引 `articles`
--
ALTER TABLE `articles`
  ADD PRIMARY KEY (`id`);

--
-- 資料表索引 `article_category`
--
ALTER TABLE `article_category`
  ADD PRIMARY KEY (`article_id`,`category_id`),
  ADD KEY `category_id` (`category_id`);

--
-- 資料表索引 `article_images`
--
ALTER TABLE `article_images`
  ADD PRIMARY KEY (`id`),
  ADD KEY `article_id` (`article_id`);

--
-- 資料表索引 `article_statuses`
--
ALTER TABLE `article_statuses`
  ADD PRIMARY KEY (`article_id`);

--
-- 資料表索引 `article_tag`
--
ALTER TABLE `article_tag`
  ADD PRIMARY KEY (`article_id`,`tag_id`),
  ADD KEY `tag_id` (`tag_id`);

--
-- 資料表索引 `article_views`
--
ALTER TABLE `article_views`
  ADD PRIMARY KEY (`id`),
  ADD KEY `article_id` (`article_id`);

--
-- 資料表索引 `branch`
--
ALTER TABLE `branch`
  ADD PRIMARY KEY (`id`);

--
-- 資料表索引 `branch_hashtag`
--
ALTER TABLE `branch_hashtag`
  ADD PRIMARY KEY (`branch_id`,`hashtag_id`),
  ADD KEY `hashtag_id` (`hashtag_id`);

--
-- 資料表索引 `branch_image`
--
ALTER TABLE `branch_image`
  ADD PRIMARY KEY (`id`),
  ADD KEY `branch_id` (`branch_id`);

--
-- 資料表索引 `categories`
--
ALTER TABLE `categories`
  ADD PRIMARY KEY (`id`),
  ADD KEY `parent_id` (`parent_id`);

--
-- 資料表索引 `cities`
--
ALTER TABLE `cities`
  ADD PRIMARY KEY (`id`);

--
-- 資料表索引 `company`
--
ALTER TABLE `company`
  ADD PRIMARY KEY (`id`);

--
-- 資料表索引 `condition`
--
ALTER TABLE `condition`
  ADD PRIMARY KEY (`id`);

--
-- 資料表索引 `coupons`
--
ALTER TABLE `coupons`
  ADD PRIMARY KEY (`id`),
  ADD UNIQUE KEY `code` (`code`);

--
-- 資料表索引 `coupon_rules`
--
ALTER TABLE `coupon_rules`
  ADD PRIMARY KEY (`id`),
  ADD KEY `coupon_id` (`coupon_id`);

--
-- 資料表索引 `coupon_sends`
--
ALTER TABLE `coupon_sends`
  ADD PRIMARY KEY (`id`),
  ADD UNIQUE KEY `idx_coupon_sends_coupon_user` (`coupon_id`,`user_id`) COMMENT '確保用戶對同種多用券只持有一個活躍實例 (若適用)';

--
-- 資料表索引 `coupon_targets`
--
ALTER TABLE `coupon_targets`
  ADD PRIMARY KEY (`id`),
  ADD KEY `coupon_id` (`coupon_id`);

--
-- 資料表索引 `coupon_triggers`
--
ALTER TABLE `coupon_triggers`
  ADD PRIMARY KEY (`id`),
  ADD KEY `coupon_id` (`coupon_id`);

--
-- 資料表索引 `coupon_usages`
--
ALTER TABLE `coupon_usages`
  ADD PRIMARY KEY (`id`),
  ADD KEY `coupon_send_id` (`coupon_send_id`);

--
-- 資料表索引 `districts`
--
ALTER TABLE `districts`
  ADD PRIMARY KEY (`id`),
  ADD KEY `city_id` (`city_id`);

--
-- 資料表索引 `hashtag`
--
ALTER TABLE `hashtag`
  ADD PRIMARY KEY (`id`);

--
-- 資料表索引 `images`
--
ALTER TABLE `images`
  ADD PRIMARY KEY (`id`),
  ADD KEY `o_vinyl_id` (`o_vinyl_id`);

--
-- 資料表索引 `lp`
--
ALTER TABLE `lp`
  ADD PRIMARY KEY (`id`);

--
-- 資料表索引 `main_category`
--
ALTER TABLE `main_category`
  ADD PRIMARY KEY (`id`);

--
-- 資料表索引 `o_vinyl`
--
ALTER TABLE `o_vinyl`
  ADD PRIMARY KEY (`id`),
  ADD KEY `main_category_id` (`main_category_id`),
  ADD KEY `sub_category_id` (`sub_category_id`),
  ADD KEY `image_id` (`image_id`),
  ADD KEY `condition_id` (`condition_id`),
  ADD KEY `status_id` (`status_id`),
  ADD KEY `company_id` (`company_id`),
  ADD KEY `lp_id` (`lp_id`);

--
-- 資料表索引 `status`
--
ALTER TABLE `status`
  ADD PRIMARY KEY (`id`);

--
-- 資料表索引 `sub_category`
--
ALTER TABLE `sub_category`
  ADD PRIMARY KEY (`id`),
  ADD KEY `main_category_id` (`main_category_id`);

--
-- 資料表索引 `tags`
--
ALTER TABLE `tags`
  ADD PRIMARY KEY (`id`);

--
-- 資料表索引 `users`
--
ALTER TABLE `users`
  ADD PRIMARY KEY (`id`),
  ADD UNIQUE KEY `account` (`account`);

--
-- 資料表索引 `user_addresses`
--
ALTER TABLE `user_addresses`
  ADD PRIMARY KEY (`id`),
  ADD KEY `user_id` (`user_id`);

--
-- 資料表索引 `user_img`
--
ALTER TABLE `user_img`
  ADD PRIMARY KEY (`id`),
  ADD KEY `user_id` (`user_id`);

--
-- 資料表索引 `vinyl`
--
ALTER TABLE `vinyl`
  ADD PRIMARY KEY (`id`),
  ADD UNIQUE KEY `shs_id` (`shs_id`);

--
-- 資料表索引 `vinyl_author`
--
ALTER TABLE `vinyl_author`
  ADD PRIMARY KEY (`id`);

--
-- 資料表索引 `vinyl_gender`
--
ALTER TABLE `vinyl_gender`
  ADD PRIMARY KEY (`id`);

--
-- 資料表索引 `vinyl_genre`
--
ALTER TABLE `vinyl_genre`
  ADD PRIMARY KEY (`id`);

--
-- 資料表索引 `vinyl_img`
--
ALTER TABLE `vinyl_img`
  ADD PRIMARY KEY (`id`);

--
-- 資料表索引 `vinyl_status`
--
ALTER TABLE `vinyl_status`
  ADD PRIMARY KEY (`id`);

--
-- 在傾印的資料表使用自動遞增(AUTO_INCREMENT)
--

--
-- 使用資料表自動遞增(AUTO_INCREMENT) `admins`
--
ALTER TABLE `admins`
  MODIFY `id` int(11) NOT NULL AUTO_INCREMENT, AUTO_INCREMENT=3;

--
-- 使用資料表自動遞增(AUTO_INCREMENT) `articles`
--
ALTER TABLE `articles`
  MODIFY `id` int(11) NOT NULL AUTO_INCREMENT, AUTO_INCREMENT=89;

--
-- 使用資料表自動遞增(AUTO_INCREMENT) `article_images`
--
ALTER TABLE `article_images`
  MODIFY `id` int(11) NOT NULL AUTO_INCREMENT, AUTO_INCREMENT=239;

--
-- 使用資料表自動遞增(AUTO_INCREMENT) `article_views`
--
ALTER TABLE `article_views`
  MODIFY `id` int(11) NOT NULL AUTO_INCREMENT, AUTO_INCREMENT=53;

--
-- 使用資料表自動遞增(AUTO_INCREMENT) `branch`
--
ALTER TABLE `branch`
  MODIFY `id` int(11) NOT NULL AUTO_INCREMENT, AUTO_INCREMENT=56;

--
-- 使用資料表自動遞增(AUTO_INCREMENT) `branch_image`
--
ALTER TABLE `branch_image`
  MODIFY `id` int(11) NOT NULL AUTO_INCREMENT, AUTO_INCREMENT=73;

--
-- 使用資料表自動遞增(AUTO_INCREMENT) `categories`
--
ALTER TABLE `categories`
  MODIFY `id` int(11) NOT NULL AUTO_INCREMENT, AUTO_INCREMENT=7;

--
-- 使用資料表自動遞增(AUTO_INCREMENT) `cities`
--
ALTER TABLE `cities`
  MODIFY `id` int(11) NOT NULL AUTO_INCREMENT COMMENT '縣市ID', AUTO_INCREMENT=23;

--
-- 使用資料表自動遞增(AUTO_INCREMENT) `company`
--
ALTER TABLE `company`
  MODIFY `id` int(11) NOT NULL AUTO_INCREMENT, AUTO_INCREMENT=67;

--
-- 使用資料表自動遞增(AUTO_INCREMENT) `condition`
--
ALTER TABLE `condition`
  MODIFY `id` int(11) NOT NULL AUTO_INCREMENT, AUTO_INCREMENT=6;

--
-- 使用資料表自動遞增(AUTO_INCREMENT) `coupons`
--
ALTER TABLE `coupons`
  MODIFY `id` int(11) NOT NULL AUTO_INCREMENT COMMENT '優惠券ID', AUTO_INCREMENT=51;

--
-- 使用資料表自動遞增(AUTO_INCREMENT) `coupon_rules`
--
ALTER TABLE `coupon_rules`
  MODIFY `id` int(11) NOT NULL AUTO_INCREMENT, AUTO_INCREMENT=51;

--
-- 使用資料表自動遞增(AUTO_INCREMENT) `coupon_sends`
--
ALTER TABLE `coupon_sends`
  MODIFY `id` int(11) NOT NULL AUTO_INCREMENT COMMENT '發放給用戶的券的「實例ID」';

--
-- 使用資料表自動遞增(AUTO_INCREMENT) `coupon_targets`
--
ALTER TABLE `coupon_targets`
  MODIFY `id` int(11) NOT NULL AUTO_INCREMENT, AUTO_INCREMENT=51;

--
-- 使用資料表自動遞增(AUTO_INCREMENT) `coupon_triggers`
--
ALTER TABLE `coupon_triggers`
  MODIFY `id` int(11) NOT NULL AUTO_INCREMENT;

--
-- 使用資料表自動遞增(AUTO_INCREMENT) `coupon_usages`
--
ALTER TABLE `coupon_usages`
  MODIFY `id` int(11) NOT NULL AUTO_INCREMENT;

--
-- 使用資料表自動遞增(AUTO_INCREMENT) `districts`
--
ALTER TABLE `districts`
  MODIFY `id` int(11) NOT NULL AUTO_INCREMENT COMMENT '區域ID', AUTO_INCREMENT=369;

--
-- 使用資料表自動遞增(AUTO_INCREMENT) `hashtag`
--
ALTER TABLE `hashtag`
  MODIFY `id` int(11) NOT NULL AUTO_INCREMENT, AUTO_INCREMENT=10;

--
-- 使用資料表自動遞增(AUTO_INCREMENT) `images`
--
ALTER TABLE `images`
  MODIFY `id` int(11) NOT NULL AUTO_INCREMENT, AUTO_INCREMENT=208;

--
-- 使用資料表自動遞增(AUTO_INCREMENT) `lp`
--
ALTER TABLE `lp`
  MODIFY `id` int(11) NOT NULL AUTO_INCREMENT, AUTO_INCREMENT=6;

--
-- 使用資料表自動遞增(AUTO_INCREMENT) `main_category`
--
ALTER TABLE `main_category`
  MODIFY `id` int(11) NOT NULL AUTO_INCREMENT, AUTO_INCREMENT=7;

--
-- 使用資料表自動遞增(AUTO_INCREMENT) `o_vinyl`
--
ALTER TABLE `o_vinyl`
  MODIFY `id` int(11) NOT NULL AUTO_INCREMENT, AUTO_INCREMENT=206;

--
-- 使用資料表自動遞增(AUTO_INCREMENT) `status`
--
ALTER TABLE `status`
  MODIFY `id` int(11) NOT NULL AUTO_INCREMENT, AUTO_INCREMENT=4;

--
-- 使用資料表自動遞增(AUTO_INCREMENT) `sub_category`
--
ALTER TABLE `sub_category`
  MODIFY `id` int(11) NOT NULL AUTO_INCREMENT, AUTO_INCREMENT=29;

--
-- 使用資料表自動遞增(AUTO_INCREMENT) `tags`
--
ALTER TABLE `tags`
  MODIFY `id` int(11) NOT NULL AUTO_INCREMENT, AUTO_INCREMENT=11;

--
-- 使用資料表自動遞增(AUTO_INCREMENT) `users`
--
ALTER TABLE `users`
  MODIFY `id` int(11) NOT NULL AUTO_INCREMENT COMMENT '使用者ID', AUTO_INCREMENT=82;

--
-- 使用資料表自動遞增(AUTO_INCREMENT) `user_addresses`
--
ALTER TABLE `user_addresses`
  MODIFY `id` int(11) NOT NULL AUTO_INCREMENT COMMENT '地址ID', AUTO_INCREMENT=56;

--
-- 使用資料表自動遞增(AUTO_INCREMENT) `user_img`
--
ALTER TABLE `user_img`
  MODIFY `id` int(11) NOT NULL AUTO_INCREMENT COMMENT '頭像ID';

--
-- 使用資料表自動遞增(AUTO_INCREMENT) `vinyl`
--
ALTER TABLE `vinyl`
  MODIFY `id` int(11) NOT NULL AUTO_INCREMENT, AUTO_INCREMENT=211;

--
-- 使用資料表自動遞增(AUTO_INCREMENT) `vinyl_author`
--
ALTER TABLE `vinyl_author`
  MODIFY `id` int(11) NOT NULL AUTO_INCREMENT, AUTO_INCREMENT=638;

--
-- 使用資料表自動遞增(AUTO_INCREMENT) `vinyl_gender`
--
ALTER TABLE `vinyl_gender`
  MODIFY `id` int(11) NOT NULL AUTO_INCREMENT, AUTO_INCREMENT=30;

--
-- 使用資料表自動遞增(AUTO_INCREMENT) `vinyl_genre`
--
ALTER TABLE `vinyl_genre`
  MODIFY `id` int(11) NOT NULL AUTO_INCREMENT, AUTO_INCREMENT=8;

--
-- 使用資料表自動遞增(AUTO_INCREMENT) `vinyl_img`
--
ALTER TABLE `vinyl_img`
  MODIFY `id` int(11) NOT NULL AUTO_INCREMENT, AUTO_INCREMENT=219;

--
-- 已傾印資料表的限制式
--

--
-- 資料表的限制式 `article_category`
--
ALTER TABLE `article_category`
  ADD CONSTRAINT `article_category_ibfk_1` FOREIGN KEY (`article_id`) REFERENCES `articles` (`id`),
  ADD CONSTRAINT `article_category_ibfk_2` FOREIGN KEY (`category_id`) REFERENCES `categories` (`id`);

--
-- 資料表的限制式 `article_images`
--
ALTER TABLE `article_images`
  ADD CONSTRAINT `article_images_ibfk_1` FOREIGN KEY (`article_id`) REFERENCES `articles` (`id`);

--
-- 資料表的限制式 `article_statuses`
--
ALTER TABLE `article_statuses`
  ADD CONSTRAINT `article_statuses_ibfk_1` FOREIGN KEY (`article_id`) REFERENCES `articles` (`id`);

--
-- 資料表的限制式 `article_tag`
--
ALTER TABLE `article_tag`
  ADD CONSTRAINT `article_tag_ibfk_1` FOREIGN KEY (`article_id`) REFERENCES `articles` (`id`),
  ADD CONSTRAINT `article_tag_ibfk_2` FOREIGN KEY (`tag_id`) REFERENCES `tags` (`id`);

--
-- 資料表的限制式 `article_views`
--
ALTER TABLE `article_views`
  ADD CONSTRAINT `article_views_ibfk_1` FOREIGN KEY (`article_id`) REFERENCES `articles` (`id`);

--
-- 資料表的限制式 `branch_hashtag`
--
ALTER TABLE `branch_hashtag`
  ADD CONSTRAINT `branch_hashtag_ibfk_1` FOREIGN KEY (`branch_id`) REFERENCES `branch` (`id`),
  ADD CONSTRAINT `branch_hashtag_ibfk_2` FOREIGN KEY (`hashtag_id`) REFERENCES `hashtag` (`id`);

--
-- 資料表的限制式 `branch_image`
--
ALTER TABLE `branch_image`
  ADD CONSTRAINT `branch_image_ibfk_1` FOREIGN KEY (`branch_id`) REFERENCES `branch` (`id`);

--
-- 資料表的限制式 `categories`
--
ALTER TABLE `categories`
  ADD CONSTRAINT `categories_ibfk_1` FOREIGN KEY (`parent_id`) REFERENCES `categories` (`id`);

--
-- 資料表的限制式 `coupon_rules`
--
ALTER TABLE `coupon_rules`
  ADD CONSTRAINT `coupon_rules_ibfk_1` FOREIGN KEY (`coupon_id`) REFERENCES `coupons` (`id`) ON DELETE CASCADE ON UPDATE CASCADE;

--
-- 資料表的限制式 `coupon_sends`
--
ALTER TABLE `coupon_sends`
  ADD CONSTRAINT `coupon_sends_ibfk_1` FOREIGN KEY (`coupon_id`) REFERENCES `coupons` (`id`) ON UPDATE CASCADE;

--
-- 資料表的限制式 `coupon_targets`
--
ALTER TABLE `coupon_targets`
  ADD CONSTRAINT `coupon_targets_ibfk_1` FOREIGN KEY (`coupon_id`) REFERENCES `coupons` (`id`) ON DELETE CASCADE ON UPDATE CASCADE;

--
-- 資料表的限制式 `coupon_triggers`
--
ALTER TABLE `coupon_triggers`
  ADD CONSTRAINT `coupon_triggers_ibfk_1` FOREIGN KEY (`coupon_id`) REFERENCES `coupons` (`id`) ON DELETE CASCADE ON UPDATE CASCADE;

--
-- 資料表的限制式 `coupon_usages`
--
ALTER TABLE `coupon_usages`
  ADD CONSTRAINT `coupon_usages_ibfk_1` FOREIGN KEY (`coupon_send_id`) REFERENCES `coupon_sends` (`id`) ON UPDATE CASCADE;

--
-- 資料表的限制式 `districts`
--
ALTER TABLE `districts`
  ADD CONSTRAINT `districts_ibfk_1` FOREIGN KEY (`city_id`) REFERENCES `cities` (`id`) ON DELETE CASCADE;

--
-- 資料表的限制式 `user_addresses`
--
ALTER TABLE `user_addresses`
  ADD CONSTRAINT `user_addresses_ibfk_1` FOREIGN KEY (`user_id`) REFERENCES `users` (`id`) ON DELETE CASCADE;

--
-- 資料表的限制式 `user_img`
--
ALTER TABLE `user_img`
  ADD CONSTRAINT `user_img_ibfk_1` FOREIGN KEY (`user_id`) REFERENCES `users` (`id`) ON DELETE CASCADE;
COMMIT;

/*!40101 SET CHARACTER_SET_CLIENT=@OLD_CHARACTER_SET_CLIENT */;
/*!40101 SET CHARACTER_SET_RESULTS=@OLD_CHARACTER_SET_RESULTS */;
/*!40101 SET COLLATION_CONNECTION=@OLD_COLLATION_CONNECTION */;
